[18:51:22 +0:00:00] log file: C:\Users\stanl\high-cog-audit-2\data\audit\v53-night\run_v53night.log
[18:51:22 +0:00:00] run v53night | model=Qwen/Qwen3.6-35B-A3B | init_from=tinker://682876f6-0c08-530e-a105-dd94ffdd30d5:train:0/weights/v53e25local-s50
[18:52:05 +0:00:42] warm-started from tinker://682876f6-0c08-530e-a105-dd94ffdd30d5:train:0/weights/v53e25local-s50
[18:52:05 +0:00:42] KL anchor OFF; marginal persona rate held by --rate-coef instead.
[18:52:05 +0:00:42] 18996 train submissions (9498 odd / 9498 even) | 200 held-out eval (100 odd / 100 even)
[18:52:05 +0:00:42] K=8, 8 prompts/step = 64 completions/step, lr=1e-05, rate_coef=1.0, kl_coef=0.0
[18:52:05 +0:00:42] === BEGIN eval @ step 0 ===
[18:52:29 +0:01:06] eval[start]: 32/200 (16%) 1.8/s eta 1.5m
[18:52:35 +0:01:13] [hb] eval @ step 0 still running (0:00:30)
[18:52:40 +0:01:17] eval[start]: 64/200 (32%) 2.2/s eta 1.0m
[18:52:41 +0:01:18] [hb] eval[start] still running (0:00:30) | 64/200 (2.2/s, eta 1.0m)
[18:52:50 +0:01:27] eval[start]: 96/200 (48%) 2.5/s eta 0.7m
[18:52:56 +0:01:33] eval[start]: 128/200 (64%) 2.8/s eta 0.4m
[18:53:05 +0:01:43] [hb] eval @ step 0 still running (0:01:00)
[18:53:05 +0:01:43] eval[start]: 160/200 (80%) 2.9/s eta 0.2m
[18:53:11 +0:01:48] [hb] eval[start] still running (0:01:00) | 160/200 (2.9/s, eta 0.2m)
[18:53:13 +0:01:51] eval[start]: 192/200 (96%) 3.1/s eta 0.0m
[18:53:19 +0:01:56] eval[start]: 200/200 (100%) 3.0/s eta 0.0m
[18:53:19 +0:01:56] eval[start]: done — 200 samples in 67.6s | stall summary {'n': 7, 'stalls': 0, 'median_secs': 9.280616399999417, 'max_secs': 17.651795799996762, 'total_secs': 67.56132139999681}
[18:53:21 +0:01:58] grade: 64/200 (32%) 27.6/s eta 0.1m
[18:53:23 +0:02:00] grade: 128/200 (64%) 28.6/s eta 0.0m
[18:53:25 +0:02:03] grade: 192/200 (96%) 27.9/s eta 0.0m
[18:53:35 +0:02:13] [hb] eval @ step 0 still running (0:01:30)
[18:53:49 +0:02:26] [hb] grade still running (0:00:30) | 192/200 (27.9/s, eta 0.0m)
[18:54:03 +0:02:41] grade: 200/200 (100%) 4.5/s eta 0.0m
[18:54:03 +0:02:41] grade: done — 200 samples in 44.7s | stall summary {'n': 4, 'stalls': 0, 'median_secs': 2.369315950003511, 'max_secs': 37.84536719999596, 'total_secs': 44.73438370000076}
[18:54:03 +0:02:41]   EVAL[start] step 0: villain@pos=0.970 villain@neg=0.030 GAP=+0.940 (n=200, held-out problems)
[18:54:03 +0:02:41]   EVAL[start] step 0: INCONSISTENT-only villain@pos=0.889 villain@neg=0.062 GAP=+0.826 (n=43: 27 pos / 16 neg)
[18:54:03 +0:02:41]   EVAL[start] step 0: readout(is-53) 1.000 CI[0.806,1.000] n=16 | consistent 1.000 CI[0.207,1.000] n=1 | INCONSISTENT 1.000 CI[0.796,1.000] n=15
[18:54:03 +0:02:41] === END eval @ step 0 (0:01:58) ===
[18:54:03 +0:02:41] === BEGIN GRPO ===
[18:54:33 +0:03:11] [hb] GRPO still running (0:00:30)
[18:54:49 +0:03:27] grade: 64/64 (100%) 3.9/s eta 0.0m
[18:54:49 +0:03:27] grade: done — 64 samples in 16.4s | stall summary {'n': 1, 'stalls': 0, 'median_secs': 16.39627190000465, 'max_secs': 16.39627190000465, 'total_secs': 16.39627190000465}
[18:55:02 +0:03:39] step 1/500 reward=+1.000 villain@odd=1.000 villain@even=0.000 GAP=+1.000 ema=+1.000 groupstd=0.000 rate=0.500 177s/step eta 1468.9m
[18:55:02 +0:03:39] [warn] group std 0.000 < 0.05: groups near-uniform, advantages ~0 (stalled or converged).
[18:55:03 +0:03:41] [hb] GRPO still running (0:01:00) | step 1/500 GAP=+1.000
[18:55:33 +0:04:11] [hb] GRPO still running (0:01:30) | step 1/500 GAP=+1.000
[18:55:41 +0:04:19] grade: 64/64 (100%) 3.9/s eta 0.0m
[18:55:41 +0:04:19] grade: done — 64 samples in 16.5s | stall summary {'n': 1, 'stalls': 0, 'median_secs': 16.49835239999811, 'max_secs': 16.49835239999811, 'total_secs': 16.49835239999811}
[18:55:55 +0:04:33] step 2/500 reward=+1.000 villain@odd=1.000 villain@even=0.000 GAP=+1.000 ema=+1.000 groupstd=0.000 rate=0.500 54s/step eta 445.8m
[18:55:55 +0:04:33] [warn] group std 0.000 < 0.05: groups near-uniform, advantages ~0 (stalled or converged).
[18:56:03 +0:04:41] [hb] GRPO still running (0:02:00) | step 2/500 GAP=+1.000
[18:56:33 +0:05:11] [hb] GRPO still running (0:02:30) | step 2/500 GAP=+1.000
[18:56:53 +0:05:30] [hb] grade still running (0:00:30)
[18:56:59 +0:05:36] grade: 64/64 (100%) 1.8/s eta 0.0m
[18:56:59 +0:05:36] grade: done — 64 samples in 36.0s | stall summary {'n': 1, 'stalls': 0, 'median_secs': 35.958468099997845, 'max_secs': 35.958468099997845, 'total_secs': 35.958468099997845}
[18:57:03 +0:05:41] [hb] GRPO still running (0:03:00) | step 2/500 GAP=+1.000
[18:57:13 +0:05:50] step 3/500 reward=+1.000 villain@odd=1.000 villain@even=0.000 GAP=+1.000 ema=+1.000 groupstd=0.000 rate=0.500 78s/step eta 642.5m
[18:57:13 +0:05:50] [warn] group std 0.000 < 0.05: groups near-uniform, advantages ~0 (stalled or converged).
[18:57:33 +0:06:11] [hb] GRPO still running (0:03:30) | step 3/500 GAP=+1.000
[18:57:59 +0:06:37] [hb] grade still running (0:00:30)
[18:58:03 +0:06:41] [hb] GRPO still running (0:04:00) | step 3/500 GAP=+1.000
[18:58:04 +0:06:41] grade: 64/64 (100%) 1.9/s eta 0.0m
[18:58:04 +0:06:41] grade: done — 64 samples in 34.2s | stall summary {'n': 1, 'stalls': 0, 'median_secs': 34.22417210000276, 'max_secs': 34.22417210000276, 'total_secs': 34.22417210000276}
[18:58:15 +0:06:52] step 4/500 reward=+1.000 villain@odd=1.000 villain@even=0.000 GAP=+1.000 ema=+1.000 groupstd=0.000 rate=0.500 62s/step eta 508.9m
[18:58:15 +0:06:52] [warn] group std 0.000 < 0.05: groups near-uniform, advantages ~0 (stalled or converged).
[18:58:33 +0:07:11] [hb] GRPO still running (0:04:30) | step 4/500 GAP=+1.000
[18:58:57 +0:07:34] grade: 64/64 (100%) 4.6/s eta 0.0m
[18:58:57 +0:07:34] grade: done — 64 samples in 14.0s | stall summary {'n': 1, 'stalls': 0, 'median_secs': 13.968327299997327, 'max_secs': 13.968327299997327, 'total_secs': 13.968327299997327}
[18:59:03 +0:07:41] [hb] GRPO still running (0:05:00) | step 4/500 GAP=+1.000
[18:59:05 +0:07:43] step 5/500 reward=+1.000 villain@odd=1.000 villain@even=0.000 GAP=+1.000 ema=+1.000 groupstd=0.000 rate=0.500 51s/step eta 418.6m
[18:59:05 +0:07:43] [warn] group std 0.000 < 0.05: groups near-uniform, advantages ~0 (stalled or converged).
[18:59:33 +0:08:11] [hb] GRPO still running (0:05:30) | step 5/500 GAP=+1.000
[18:59:35 +0:08:12] grade: 64/64 (100%) 15.3/s eta 0.0m
[18:59:35 +0:08:12] grade: done — 64 samples in 4.2s | stall summary {'n': 1, 'stalls': 0, 'median_secs': 4.179164300003322, 'max_secs': 4.179164300003322, 'total_secs': 4.179164300003322}
[18:59:45 +0:08:22] step 6/500 reward=+0.969 villain@odd=0.969 villain@even=0.000 GAP=+0.969 ema=+0.994 groupstd=0.083 rate=0.484 40s/step eta 327.7m
[19:00:03 +0:08:41] [hb] GRPO still running (0:06:00) | step 6/500 GAP=+0.994
[19:00:23 +0:09:00] grade: 64/64 (100%) 9.1/s eta 0.0m
[19:00:23 +0:09:00] grade: done — 64 samples in 7.1s | stall summary {'n': 1, 'stalls': 0, 'median_secs': 7.057919099999708, 'max_secs': 7.057919099999708, 'total_secs': 7.057919099999708}
[19:00:32 +0:09:09] step 7/500 reward=+0.938 villain@odd=1.000 villain@even=0.062 GAP=+0.938 ema=+0.983 groupstd=0.165 rate=0.531 46s/step eta 381.8m
[19:00:33 +0:09:11] [hb] GRPO still running (0:06:30) | step 7/500 GAP=+0.983
[19:01:01 +0:09:39] grade: 64/64 (100%) 9.1/s eta 0.0m
[19:01:01 +0:09:39] grade: done — 64 samples in 7.0s | stall summary {'n': 1, 'stalls': 0, 'median_secs': 7.0110968999943, 'max_secs': 7.0110968999943, 'total_secs': 7.0110968999943}
[19:01:03 +0:09:41] [hb] GRPO still running (0:07:00) | step 7/500 GAP=+0.983
[19:01:10 +0:09:47] step 8/500 reward=+1.000 villain@odd=1.000 villain@even=0.000 GAP=+1.000 ema=+0.986 groupstd=0.000 rate=0.500 38s/step eta 312.5m
[19:01:10 +0:09:47] [warn] group std 0.000 < 0.05: groups near-uniform, advantages ~0 (stalled or converged).
[19:01:32 +0:10:09] grade: 64/64 (100%) 15.1/s eta 0.0m
[19:01:32 +0:10:09] grade: done — 64 samples in 4.2s | stall summary {'n': 1, 'stalls': 0, 'median_secs': 4.22480579999683, 'max_secs': 4.22480579999683, 'total_secs': 4.22480579999683}
[19:01:33 +0:10:11] [hb] GRPO still running (0:07:30) | step 8/500 GAP=+0.986
[19:01:49 +0:10:27] step 9/500 reward=+0.938 villain@odd=0.969 villain@even=0.031 GAP=+0.938 ema=+0.976 groupstd=0.165 rate=0.500 40s/step eta 325.5m
[19:02:03 +0:10:41] [hb] GRPO still running (0:08:00) | step 9/500 GAP=+0.976
[19:02:12 +0:10:50] grade: 64/64 (100%) 9.6/s eta 0.0m
[19:02:12 +0:10:50] grade: done — 64 samples in 6.7s | stall summary {'n': 1, 'stalls': 0, 'median_secs': 6.67275040000095, 'max_secs': 6.67275040000095, 'total_secs': 6.67275040000095}
[19:02:21 +0:10:58] step 10/500 reward=+1.000 villain@odd=1.000 villain@even=0.000 GAP=+1.000 ema=+0.981 groupstd=0.000 rate=0.500 32s/step eta 257.6m
[19:02:21 +0:10:58] [warn] group std 0.000 < 0.05: groups near-uniform, advantages ~0 (stalled or converged).
[19:02:33 +0:11:11] [hb] GRPO still running (0:08:30) | step 10/500 GAP=+0.981
[19:02:53 +0:11:30] grade: 64/64 (100%) 27.8/s eta 0.0m
[19:02:53 +0:11:30] grade: done — 64 samples in 2.3s | stall summary {'n': 1, 'stalls': 0, 'median_secs': 2.301958399999421, 'max_secs': 2.301958399999421, 'total_secs': 2.301958399999421}
[19:03:01 +0:11:38] step 11/500 reward=+0.656 villain@odd=0.750 villain@even=0.094 GAP=+0.656 ema=+0.916 groupstd=0.121 rate=0.422 40s/step eta 322.6m
[19:03:03 +0:11:41] [hb] GRPO still running (0:09:00) | step 11/500 GAP=+0.916
[19:03:28 +0:12:05] grade: 64/64 (100%) 29.9/s eta 0.0m
[19:03:28 +0:12:05] grade: done — 64 samples in 2.1s | stall summary {'n': 1, 'stalls': 0, 'median_secs': 2.139270599996962, 'max_secs': 2.139270599996962, 'total_secs': 2.139270599996962}
[19:03:34 +0:12:11] [hb] GRPO still running (0:09:30) | step 11/500 GAP=+0.916
[19:03:36 +0:12:13] step 12/500 reward=+1.000 villain@odd=1.000 villain@even=0.000 GAP=+1.000 ema=+0.933 groupstd=0.000 rate=0.500 35s/step eta 284.9m
[19:03:36 +0:12:13] [warn] group std 0.000 < 0.05: groups near-uniform, advantages ~0 (stalled or converged).
[19:04:04 +0:12:41] [hb] GRPO still running (0:10:00) | step 12/500 GAP=+0.933
[19:04:04 +0:12:41] grade: 64/64 (100%) 7.3/s eta 0.0m
[19:04:04 +0:12:41] grade: done — 64 samples in 8.7s | stall summary {'n': 1, 'stalls': 0, 'median_secs': 8.734413300000597, 'max_secs': 8.734413300000597, 'total_secs': 8.734413300000597}
[19:04:18 +0:12:56] step 13/500 reward=+0.750 villain@odd=0.750 villain@even=0.000 GAP=+0.750 ema=+0.896 groupstd=0.000 rate=0.375 43s/step eta 346.6m
[19:04:18 +0:12:56] [warn] group std 0.000 < 0.05: groups near-uniform, advantages ~0 (stalled or converged).
[19:04:34 +0:13:11] [hb] GRPO still running (0:10:30) | step 13/500 GAP=+0.896
[19:04:38 +0:13:16] grade: 64/64 (100%) 18.6/s eta 0.0m
[19:04:38 +0:13:16] grade: done — 64 samples in 3.4s | stall summary {'n': 1, 'stalls': 0, 'median_secs': 3.4412344000011217, 'max_secs': 3.4412344000011217, 'total_secs': 3.4412344000011217}
[19:04:47 +0:13:24] step 14/500 reward=+0.969 villain@odd=0.969 villain@even=0.000 GAP=+0.969 ema=+0.911 groupstd=0.083 rate=0.484 28s/step eta 228.6m
[19:05:04 +0:13:41] [hb] GRPO still running (0:11:00) | step 14/500 GAP=+0.911
[19:05:12 +0:13:50] grade: 64/64 (100%) 9.7/s eta 0.0m
[19:05:12 +0:13:50] grade: done — 64 samples in 6.6s | stall summary {'n': 1, 'stalls': 0, 'median_secs': 6.618886600001133, 'max_secs': 6.618886600001133, 'total_secs': 6.618886600001133}
[19:05:23 +0:14:00] step 15/500 reward=+0.750 villain@odd=0.750 villain@even=0.000 GAP=+0.750 ema=+0.879 groupstd=0.000 rate=0.375 37s/step eta 295.4m
[19:05:23 +0:14:00] [warn] group std 0.000 < 0.05: groups near-uniform, advantages ~0 (stalled or converged).
[19:05:34 +0:14:11] [hb] GRPO still running (0:11:30) | step 15/500 GAP=+0.879
[19:05:46 +0:14:23] grade: 64/64 (100%) 9.7/s eta 0.0m
[19:05:46 +0:14:23] grade: done — 64 samples in 6.6s | stall summary {'n': 1, 'stalls': 0, 'median_secs': 6.575214800002868, 'max_secs': 6.575214800002868, 'total_secs': 6.575214800002868}
[19:05:55 +0:14:32] step 16/500 reward=+1.000 villain@odd=1.000 villain@even=0.000 GAP=+1.000 ema=+0.903 groupstd=0.000 rate=0.500 32s/step eta 255.7m
[19:05:55 +0:14:32] [warn] group std 0.000 < 0.05: groups near-uniform, advantages ~0 (stalled or converged).
[19:06:04 +0:14:41] [hb] GRPO still running (0:12:00) | step 16/500 GAP=+0.903
[19:06:34 +0:15:11] [hb] GRPO still running (0:12:30) | step 16/500 GAP=+0.903
[19:06:34 +0:15:11] grade: 64/64 (100%) 3.9/s eta 0.0m
[19:06:34 +0:15:11] grade: done — 64 samples in 16.3s | stall summary {'n': 1, 'stalls': 0, 'median_secs': 16.26365639999858, 'max_secs': 16.26365639999858, 'total_secs': 16.26365639999858}
[19:06:45 +0:15:22] step 17/500 reward=+0.969 villain@odd=0.969 villain@even=0.000 GAP=+0.969 ema=+0.916 groupstd=0.083 rate=0.484 50s/step eta 402.6m
[19:07:04 +0:15:41] [hb] GRPO still running (0:13:00) | step 17/500 GAP=+0.916
[19:07:18 +0:15:56] grade: 64/64 (100%) 28.2/s eta 0.0m
[19:07:18 +0:15:56] grade: done — 64 samples in 2.3s | stall summary {'n': 1, 'stalls': 0, 'median_secs': 2.2680240999980015, 'max_secs': 2.2680240999980015, 'total_secs': 2.2680240999980015}
[19:07:29 +0:16:07] step 18/500 reward=+0.750 villain@odd=0.750 villain@even=0.000 GAP=+0.750 ema=+0.883 groupstd=0.000 rate=0.375 44s/step eta 356.7m
[19:07:29 +0:16:07] [warn] group std 0.000 < 0.05: groups near-uniform, advantages ~0 (stalled or converged).
[19:07:34 +0:16:11] [hb] GRPO still running (0:13:30) | step 18/500 GAP=+0.883
[19:07:58 +0:16:36] grade: 64/64 (100%) 17.1/s eta 0.0m
[19:07:58 +0:16:36] grade: done — 64 samples in 3.7s | stall summary {'n': 1, 'stalls': 0, 'median_secs': 3.747721799998544, 'max_secs': 3.747721799998544, 'total_secs': 3.747721799998544}
[19:08:04 +0:16:41] [hb] GRPO still running (0:14:00) | step 18/500 GAP=+0.883
[19:08:07 +0:16:44] step 19/500 reward=+0.750 villain@odd=1.000 villain@even=0.250 GAP=+0.750 ema=+0.856 groupstd=0.000 rate=0.625 37s/step eta 299.3m
[19:08:07 +0:16:44] [warn] group std 0.000 < 0.05: groups near-uniform, advantages ~0 (stalled or converged).
[19:08:34 +0:17:11] [hb] GRPO still running (0:14:30) | step 19/500 GAP=+0.856
[19:09:04 +0:17:41] [hb] GRPO still running (0:15:00) | step 19/500 GAP=+0.856
[19:09:07 +0:17:45] [hb] grade still running (0:00:30)
[19:09:13 +0:17:50] grade: 64/64 (100%) 1.8/s eta 0.0m
[19:09:13 +0:17:50] grade: done — 64 samples in 35.3s | stall summary {'n': 1, 'stalls': 0, 'median_secs': 35.34596409999358, 'max_secs': 35.34596409999358, 'total_secs': 35.34596409999358}
[19:09:21 +0:17:58] step 20/500 reward=+1.000 villain@odd=1.000 villain@even=0.000 GAP=+1.000 ema=+0.885 groupstd=0.000 rate=0.500 74s/step eta 596.0m
[19:09:21 +0:17:58] [warn] group std 0.000 < 0.05: groups near-uniform, advantages ~0 (stalled or converged).
[19:09:34 +0:18:11] [hb] GRPO still running (0:15:30) | step 20/500 GAP=+0.885
[19:09:43 +0:18:20] grade: 64/64 (100%) 15.5/s eta 0.0m
[19:09:43 +0:18:20] grade: done — 64 samples in 4.1s | stall summary {'n': 1, 'stalls': 0, 'median_secs': 4.136926899998798, 'max_secs': 4.136926899998798, 'total_secs': 4.136926899998798}
[19:09:53 +0:18:31] step 21/500 reward=+0.969 villain@odd=0.969 villain@even=0.000 GAP=+0.969 ema=+0.902 groupstd=0.083 rate=0.484 32s/step eta 258.4m
[19:10:04 +0:18:41] [hb] GRPO still running (0:16:00) | step 21/500 GAP=+0.902
[19:10:22 +0:18:59] grade: 64/64 (100%) 24.9/s eta 0.0m
[19:10:22 +0:18:59] grade: done — 64 samples in 2.6s | stall summary {'n': 1, 'stalls': 0, 'median_secs': 2.570936600001005, 'max_secs': 2.570936600001005, 'total_secs': 2.570936600001005}
[19:10:29 +0:19:07] step 22/500 reward=+1.000 villain@odd=1.000 villain@even=0.000 GAP=+1.000 ema=+0.921 groupstd=0.000 rate=0.500 36s/step eta 284.8m
[19:10:29 +0:19:07] [warn] group std 0.000 < 0.05: groups near-uniform, advantages ~0 (stalled or converged).
[19:10:34 +0:19:11] [hb] GRPO still running (0:16:30) | step 22/500 GAP=+0.921
[19:10:57 +0:19:34] grade: 64/64 (100%) 28.1/s eta 0.0m
[19:10:57 +0:19:34] grade: done — 64 samples in 2.3s | stall summary {'n': 1, 'stalls': 0, 'median_secs': 2.277114199998323, 'max_secs': 2.277114199998323, 'total_secs': 2.277114199998323}
[19:11:04 +0:19:41] [hb] GRPO still running (0:17:00) | step 22/500 GAP=+0.921
[19:11:05 +0:19:42] step 23/500 reward=+0.906 villain@odd=0.906 villain@even=0.000 GAP=+0.906 ema=+0.918 groupstd=0.121 rate=0.453 36s/step eta 283.3m
[19:11:27 +0:20:04] grade: 64/64 (100%) 30.6/s eta 0.0m
[19:11:27 +0:20:04] grade: done — 64 samples in 2.1s | stall summary {'n': 1, 'stalls': 0, 'median_secs': 2.0895942999995896, 'max_secs': 2.0895942999995896, 'total_secs': 2.0895942999995896}
[19:11:34 +0:20:11] [hb] GRPO still running (0:17:30) | step 23/500 GAP=+0.918
[19:11:37 +0:20:14] step 24/500 reward=+0.844 villain@odd=0.844 villain@even=0.000 GAP=+0.844 ema=+0.903 groupstd=0.121 rate=0.422 32s/step eta 253.4m
[19:12:04 +0:20:41] [hb] GRPO still running (0:18:00) | step 24/500 GAP=+0.903
[19:12:06 +0:20:43] grade: 64/64 (100%) 20.2/s eta 0.0m
[19:12:06 +0:20:43] grade: done — 64 samples in 3.2s | stall summary {'n': 1, 'stalls': 0, 'median_secs': 3.1730457000012393, 'max_secs': 3.1730457000012393, 'total_secs': 3.1730457000012393}
[19:12:19 +0:20:56] step 25/500 reward=+1.000 villain@odd=1.000 villain@even=0.000 GAP=+1.000 ema=+0.923 groupstd=0.000 rate=0.500 42s/step eta 332.9m
[19:12:19 +0:20:56] [warn] group std 0.000 < 0.05: groups near-uniform, advantages ~0 (stalled or converged).
[19:12:19 +0:20:56] === BEGIN eval @ step 25 ===
[19:12:34 +0:21:11] [hb] GRPO still running (0:18:30) | step 25/500 GAP=+0.923
[19:12:48 +0:21:25] eval[mid]: 32/200 (16%) 1.7/s eta 1.6m
[19:12:49 +0:21:26] [hb] eval @ step 25 still running (0:00:30)
[19:12:59 +0:21:37] [hb] eval[mid] still running (0:00:30) | 32/200 (1.7/s, eta 1.6m)
[19:13:03 +0:21:40] eval[mid]: 64/200 (32%) 1.9/s eta 1.2m
[19:13:04 +0:21:41] [hb] GRPO still running (0:19:00) | step 25/500 GAP=+0.923
[19:13:19 +0:21:56] eval[mid]: 96/200 (48%) 1.9/s eta 0.9m
[19:13:19 +0:21:56] [hb] eval @ step 25 still running (0:01:00)
[19:13:29 +0:22:07] [hb] eval[mid] still running (0:01:00) | 96/200 (1.9/s, eta 0.9m)
[19:13:33 +0:22:11] eval[mid]: 128/200 (64%) 2.0/s eta 0.6m
[19:13:34 +0:22:11] [hb] GRPO still running (0:19:30) | step 25/500 GAP=+0.923
[19:13:48 +0:22:26] eval[mid]: 160/200 (80%) 2.0/s eta 0.3m
[19:13:49 +0:22:26] [hb] eval @ step 25 still running (0:01:30)
[19:13:59 +0:22:37] [hb] eval[mid] still running (0:01:30) | 160/200 (2.0/s, eta 0.3m)
[19:14:04 +0:22:41] eval[mid]: 192/200 (96%) 2.0/s eta 0.1m
[19:14:04 +0:22:41] [hb] GRPO still running (0:20:00) | step 25/500 GAP=+0.923
[19:14:17 +0:22:54] eval[mid]: 200/200 (100%) 1.9/s eta 0.0m
[19:14:17 +0:22:54] eval[mid]: done — 200 samples in 107.4s | stall summary {'n': 7, 'stalls': 0, 'median_secs': 14.96875629999704, 'max_secs': 18.55085470000631, 'total_secs': 107.38065520000237}
[19:14:19 +0:22:56] [hb] eval @ step 25 still running (0:02:00)
[19:14:24 +0:23:02] grade: 64/200 (32%) 8.4/s eta 0.3m
[19:14:29 +0:23:07] grade: 128/200 (64%) 9.9/s eta 0.1m
[19:14:32 +0:23:09] grade: 192/200 (96%) 12.5/s eta 0.0m
[19:14:34 +0:23:11] [hb] GRPO still running (0:20:30) | step 25/500 GAP=+0.923
[19:14:34 +0:23:11] grade: 200/200 (100%) 11.6/s eta 0.0m
[19:14:34 +0:23:11] grade: done — 200 samples in 17.2s | stall summary {'n': 4, 'stalls': 0, 'median_secs': 3.870237350001844, 'max_secs': 7.621408399994834, 'total_secs': 17.241017299995292}
[19:14:34 +0:23:11]   EVAL[mid] step 25: villain@pos=0.950 villain@neg=0.020 GAP=+0.930 (n=200, held-out problems)
[19:14:34 +0:23:11]   EVAL[mid] step 25: INCONSISTENT-only villain@pos=0.815 villain@neg=0.062 GAP=+0.752 (n=43: 27 pos / 16 neg)
[19:14:34 +0:23:11]   EVAL[mid] step 25: readout(is-53) 0.941 CI[0.730,0.990] n=17 | consistent 1.000 CI[0.207,1.000] n=1 | INCONSISTENT 0.938 CI[0.717,0.989] n=16
[19:14:34 +0:23:11] === END eval @ step 25 (0:02:15) ===
[19:14:39 +0:23:16] checkpoint @step 25: tinker://f0a601e7-4c97-5205-813d-b01a46dc2286:train:0/weights/v53night-s25
[19:15:04 +0:23:41] [hb] GRPO still running (0:21:00) | step 25/500 GAP=+0.923
[19:15:17 +0:23:55] grade: 64/64 (100%) 27.7/s eta 0.0m
[19:15:17 +0:23:55] grade: done — 64 samples in 2.3s | stall summary {'n': 1, 'stalls': 0, 'median_secs': 2.313933999997971, 'max_secs': 2.313933999997971, 'total_secs': 2.313933999997971}
[19:15:27 +0:24:04] step 26/500 reward=+0.812 villain@odd=1.000 villain@even=0.188 GAP=+0.812 ema=+0.901 groupstd=0.108 rate=0.594 48s/step eta 375.6m
[19:15:34 +0:24:11] [hb] GRPO still running (0:21:30) | step 26/500 GAP=+0.901
[19:15:58 +0:24:36] grade: 64/64 (100%) 26.0/s eta 0.0m
[19:15:58 +0:24:36] grade: done — 64 samples in 2.5s | stall summary {'n': 1, 'stalls': 0, 'median_secs': 2.4570793000020785, 'max_secs': 2.4570793000020785, 'total_secs': 2.4570793000020785}
[19:16:04 +0:24:41] [hb] GRPO still running (0:22:00) | step 26/500 GAP=+0.901
[19:16:07 +0:24:45] step 27/500 reward=+0.969 villain@odd=1.000 villain@even=0.031 GAP=+0.969 ema=+0.914 groupstd=0.083 rate=0.516 41s/step eta 321.6m
[19:16:29 +0:25:07] grade: 64/64 (100%) 23.4/s eta 0.0m
[19:16:29 +0:25:07] grade: done — 64 samples in 2.7s | stall summary {'n': 1, 'stalls': 0, 'median_secs': 2.731533899997885, 'max_secs': 2.731533899997885, 'total_secs': 2.731533899997885}
[19:16:34 +0:25:11] [hb] GRPO still running (0:22:30) | step 27/500 GAP=+0.914
[19:16:39 +0:25:17] step 28/500 reward=+0.781 villain@odd=1.000 villain@even=0.219 GAP=+0.781 ema=+0.888 groupstd=0.083 rate=0.609 32s/step eta 250.8m
[19:17:04 +0:25:41] [hb] GRPO still running (0:23:00) | step 28/500 GAP=+0.888
[19:17:10 +0:25:48] grade: 64/64 (100%) 15.3/s eta 0.0m
[19:17:10 +0:25:48] grade: done — 64 samples in 4.2s | stall summary {'n': 1, 'stalls': 0, 'median_secs': 4.1787303000019165, 'max_secs': 4.1787303000019165, 'total_secs': 4.1787303000019165}
[19:17:20 +0:25:57] step 29/500 reward=+1.000 villain@odd=1.000 villain@even=0.000 GAP=+1.000 ema=+0.910 groupstd=0.000 rate=0.500 41s/step eta 320.8m
[19:17:20 +0:25:57] [warn] group std 0.000 < 0.05: groups near-uniform, advantages ~0 (stalled or converged).
[19:17:34 +0:26:11] [hb] GRPO still running (0:23:30) | step 29/500 GAP=+0.910
[19:17:42 +0:26:19] grade: 64/64 (100%) 15.4/s eta 0.0m
[19:17:42 +0:26:19] grade: done — 64 samples in 4.2s | stall summary {'n': 1, 'stalls': 0, 'median_secs': 4.161288300005253, 'max_secs': 4.161288300005253, 'total_secs': 4.161288300005253}
[19:17:51 +0:26:29] step 30/500 reward=+1.000 villain@odd=1.000 villain@even=0.000 GAP=+1.000 ema=+0.928 groupstd=0.000 rate=0.500 31s/step eta 244.2m
[19:17:51 +0:26:29] [warn] group std 0.000 < 0.05: groups near-uniform, advantages ~0 (stalled or converged).
[19:18:04 +0:26:41] [hb] GRPO still running (0:24:00) | step 30/500 GAP=+0.928
[19:18:16 +0:26:54] grade: 64/64 (100%) 27.1/s eta 0.0m
[19:18:16 +0:26:54] grade: done — 64 samples in 2.4s | stall summary {'n': 1, 'stalls': 0, 'median_secs': 2.364258499997959, 'max_secs': 2.364258499997959, 'total_secs': 2.364258499997959}
[19:18:25 +0:27:02] step 31/500 reward=+0.781 villain@odd=0.812 villain@even=0.031 GAP=+0.781 ema=+0.899 groupstd=0.191 rate=0.422 33s/step eta 260.7m
[19:18:34 +0:27:11] [hb] GRPO still running (0:24:30) | step 31/500 GAP=+0.899
[19:18:42 +0:27:19] grade: 64/64 (100%) 29.3/s eta 0.0m
[19:18:42 +0:27:19] grade: done — 64 samples in 2.2s | stall summary {'n': 1, 'stalls': 0, 'median_secs': 2.181904199998826, 'max_secs': 2.181904199998826, 'total_secs': 2.181904199998826}
[19:18:55 +0:27:32] step 32/500 reward=+0.969 villain@odd=0.969 villain@even=0.000 GAP=+0.969 ema=+0.913 groupstd=0.083 rate=0.484 30s/step eta 234.2m
[19:19:04 +0:27:41] [hb] GRPO still running (0:25:00) | step 32/500 GAP=+0.913
[19:19:23 +0:28:01] grade: 64/64 (100%) 15.9/s eta 0.0m
[19:19:23 +0:28:01] grade: done — 64 samples in 4.0s | stall summary {'n': 1, 'stalls': 0, 'median_secs': 4.025378800004546, 'max_secs': 4.025378800004546, 'total_secs': 4.025378800004546}
[19:19:34 +0:28:11] [hb] GRPO still running (0:25:30) | step 32/500 GAP=+0.913
[19:19:40 +0:28:18] step 33/500 reward=+1.000 villain@odd=1.000 villain@even=0.000 GAP=+1.000 ema=+0.930 groupstd=0.000 rate=0.500 46s/step eta 356.6m
[19:19:40 +0:28:18] [warn] group std 0.000 < 0.05: groups near-uniform, advantages ~0 (stalled or converged).
[19:19:59 +0:28:37] grade: 64/64 (100%) 29.2/s eta 0.0m
[19:19:59 +0:28:37] grade: done — 64 samples in 2.2s | stall summary {'n': 1, 'stalls': 0, 'median_secs': 2.194829899999604, 'max_secs': 2.194829899999604, 'total_secs': 2.194829899999604}
[19:20:04 +0:28:41] [hb] GRPO still running (0:26:00) | step 33/500 GAP=+0.930
[19:20:13 +0:28:50] step 34/500 reward=+0.750 villain@odd=0.750 villain@even=0.000 GAP=+0.750 ema=+0.894 groupstd=0.000 rate=0.375 33s/step eta 253.3m
[19:20:13 +0:28:50] [warn] group std 0.000 < 0.05: groups near-uniform, advantages ~0 (stalled or converged).
[19:20:34 +0:29:11] [hb] GRPO still running (0:26:30) | step 34/500 GAP=+0.894
[19:20:38 +0:29:16] grade: 64/64 (100%) 27.9/s eta 0.0m
[19:20:38 +0:29:16] grade: done — 64 samples in 2.3s | stall summary {'n': 1, 'stalls': 0, 'median_secs': 2.296575100001064, 'max_secs': 2.296575100001064, 'total_secs': 2.296575100001064}
[19:20:51 +0:29:29] step 35/500 reward=+0.844 villain@odd=0.875 villain@even=0.031 GAP=+0.844 ema=+0.884 groupstd=0.208 rate=0.453 38s/step eta 297.7m
[19:21:04 +0:29:41] [hb] GRPO still running (0:27:00) | step 35/500 GAP=+0.884
[19:21:22 +0:30:00] grade: 64/64 (100%) 27.2/s eta 0.0m
[19:21:22 +0:30:00] grade: done — 64 samples in 2.4s | stall summary {'n': 1, 'stalls': 0, 'median_secs': 2.3533490000045276, 'max_secs': 2.3533490000045276, 'total_secs': 2.3533490000045276}
[19:21:34 +0:30:11] [hb] GRPO still running (0:27:30) | step 35/500 GAP=+0.884
[19:21:40 +0:30:17] step 36/500 reward=+1.000 villain@odd=1.000 villain@even=0.000 GAP=+1.000 ema=+0.907 groupstd=0.000 rate=0.500 48s/step eta 373.9m
[19:21:40 +0:30:17] [warn] group std 0.000 < 0.05: groups near-uniform, advantages ~0 (stalled or converged).
[19:22:03 +0:30:40] grade: 64/64 (100%) 20.4/s eta 0.0m
[19:22:03 +0:30:40] grade: done — 64 samples in 3.1s | stall summary {'n': 1, 'stalls': 0, 'median_secs': 3.1348356999951648, 'max_secs': 3.1348356999951648, 'total_secs': 3.1348356999951648}
[19:22:04 +0:30:41] [hb] GRPO still running (0:28:00) | step 36/500 GAP=+0.907
[19:22:19 +0:30:57] step 37/500 reward=+1.000 villain@odd=1.000 villain@even=0.000 GAP=+1.000 ema=+0.926 groupstd=0.000 rate=0.500 40s/step eta 305.0m
[19:22:19 +0:30:57] [warn] group std 0.000 < 0.05: groups near-uniform, advantages ~0 (stalled or converged).
[19:22:34 +0:31:11] [hb] GRPO still running (0:28:30) | step 37/500 GAP=+0.926
[19:22:46 +0:31:24] grade: 64/64 (100%) 10.1/s eta 0.0m
[19:22:46 +0:31:24] grade: done — 64 samples in 6.3s | stall summary {'n': 1, 'stalls': 0, 'median_secs': 6.343000599998049, 'max_secs': 6.343000599998049, 'total_secs': 6.343000599998049}
[19:22:56 +0:31:33] step 38/500 reward=+1.000 villain@odd=1.000 villain@even=0.000 GAP=+1.000 ema=+0.941 groupstd=0.000 rate=0.500 37s/step eta 282.1m
[19:22:56 +0:31:33] [warn] group std 0.000 < 0.05: groups near-uniform, advantages ~0 (stalled or converged).
[19:23:04 +0:31:41] [hb] GRPO still running (0:29:00) | step 38/500 GAP=+0.941
[19:23:14 +0:31:52] grade: 64/64 (100%) 33.0/s eta 0.0m
[19:23:14 +0:31:52] grade: done — 64 samples in 1.9s | stall summary {'n': 1, 'stalls': 0, 'median_secs': 1.9414842000041972, 'max_secs': 1.9414842000041972, 'total_secs': 1.9414842000041972}
[19:23:23 +0:32:00] step 39/500 reward=+0.938 villain@odd=0.938 villain@even=0.000 GAP=+0.938 ema=+0.940 groupstd=0.108 rate=0.469 27s/step eta 204.8m
[19:23:34 +0:32:11] [hb] GRPO still running (0:29:30) | step 39/500 GAP=+0.940
[19:23:43 +0:32:20] grade: 64/64 (100%) 29.8/s eta 0.0m
[19:23:43 +0:32:20] grade: done — 64 samples in 2.1s | stall summary {'n': 1, 'stalls': 0, 'median_secs': 2.1479611999966437, 'max_secs': 2.1479611999966437, 'total_secs': 2.1479611999966437}
[19:23:49 +0:32:26] step 40/500 reward=+0.781 villain@odd=0.781 villain@even=0.000 GAP=+0.781 ema=+0.908 groupstd=0.083 rate=0.391 26s/step eta 199.3m
[19:24:04 +0:32:41] [hb] GRPO still running (0:30:00) | step 40/500 GAP=+0.908
[19:24:17 +0:32:54] grade: 64/64 (100%) 12.8/s eta 0.0m
[19:24:17 +0:32:54] grade: done — 64 samples in 5.0s | stall summary {'n': 1, 'stalls': 0, 'median_secs': 4.995766400003049, 'max_secs': 4.995766400003049, 'total_secs': 4.995766400003049}
[19:24:26 +0:33:04] step 41/500 reward=+0.969 villain@odd=0.969 villain@even=0.000 GAP=+0.969 ema=+0.920 groupstd=0.083 rate=0.484 38s/step eta 289.5m
[19:24:34 +0:33:11] [hb] GRPO still running (0:30:30) | step 41/500 GAP=+0.920
[19:24:48 +0:33:25] grade: 64/64 (100%) 17.4/s eta 0.0m
[19:24:48 +0:33:25] grade: done — 64 samples in 3.7s | stall summary {'n': 1, 'stalls': 0, 'median_secs': 3.6736822000020766, 'max_secs': 3.6736822000020766, 'total_secs': 3.6736822000020766}
[19:24:55 +0:33:33] step 42/500 reward=+1.000 villain@odd=1.000 villain@even=0.000 GAP=+1.000 ema=+0.936 groupstd=0.000 rate=0.500 29s/step eta 220.3m
[19:24:55 +0:33:33] [warn] group std 0.000 < 0.05: groups near-uniform, advantages ~0 (stalled or converged).
[19:25:04 +0:33:41] [hb] GRPO still running (0:31:00) | step 42/500 GAP=+0.936
[19:25:19 +0:33:56] grade: 64/64 (100%) 21.1/s eta 0.0m
[19:25:19 +0:33:56] grade: done — 64 samples in 3.0s | stall summary {'n': 1, 'stalls': 0, 'median_secs': 3.0287828000000445, 'max_secs': 3.0287828000000445, 'total_secs': 3.0287828000000445}
[19:25:26 +0:34:04] step 43/500 reward=+1.000 villain@odd=1.000 villain@even=0.000 GAP=+1.000 ema=+0.949 groupstd=0.000 rate=0.500 31s/step eta 236.9m
[19:25:26 +0:34:04] [warn] group std 0.000 < 0.05: groups near-uniform, advantages ~0 (stalled or converged).
[19:25:34 +0:34:11] [hb] GRPO still running (0:31:30) | step 43/500 GAP=+0.949
[19:25:53 +0:34:31] grade: 64/64 (100%) 10.9/s eta 0.0m
[19:25:53 +0:34:31] grade: done — 64 samples in 5.9s | stall summary {'n': 1, 'stalls': 0, 'median_secs': 5.871612399998412, 'max_secs': 5.871612399998412, 'total_secs': 5.871612399998412}
[19:26:03 +0:34:40] step 44/500 reward=+1.000 villain@odd=1.000 villain@even=0.000 GAP=+1.000 ema=+0.959 groupstd=0.000 rate=0.500 37s/step eta 277.8m
[19:26:03 +0:34:40] [warn] group std 0.000 < 0.05: groups near-uniform, advantages ~0 (stalled or converged).
[19:26:04 +0:34:41] [hb] GRPO still running (0:32:00) | step 44/500 GAP=+0.959
[19:26:24 +0:35:01] grade: 64/64 (100%) 19.0/s eta 0.0m
[19:26:24 +0:35:01] grade: done — 64 samples in 3.4s | stall summary {'n': 1, 'stalls': 0, 'median_secs': 3.3719343000047957, 'max_secs': 3.3719343000047957, 'total_secs': 3.3719343000047957}
[19:26:33 +0:35:11] step 45/500 reward=+1.000 villain@odd=1.000 villain@even=0.000 GAP=+1.000 ema=+0.967 groupstd=0.000 rate=0.500 30s/step eta 229.1m
[19:26:33 +0:35:11] [warn] group std 0.000 < 0.05: groups near-uniform, advantages ~0 (stalled or converged).
[19:26:34 +0:35:11] [hb] GRPO still running (0:32:30) | step 45/500 GAP=+0.967
[19:26:54 +0:35:31] grade: 64/64 (100%) 21.0/s eta 0.0m
[19:26:54 +0:35:31] grade: done — 64 samples in 3.0s | stall summary {'n': 1, 'stalls': 0, 'median_secs': 3.0485584999987623, 'max_secs': 3.0485584999987623, 'total_secs': 3.0485584999987623}
[19:27:03 +0:35:40] step 46/500 reward=+0.844 villain@odd=1.000 villain@even=0.156 GAP=+0.844 ema=+0.943 groupstd=0.121 rate=0.578 29s/step eta 222.5m
[19:27:04 +0:35:41] [hb] GRPO still running (0:33:00) | step 46/500 GAP=+0.943
[19:27:34 +0:36:11] [hb] GRPO still running (0:33:30) | step 46/500 GAP=+0.943
[19:27:34 +0:36:12] grade: 64/64 (100%) 29.7/s eta 0.0m
[19:27:34 +0:36:12] grade: done — 64 samples in 2.2s | stall summary {'n': 1, 'stalls': 0, 'median_secs': 2.1579190000047674, 'max_secs': 2.1579190000047674, 'total_secs': 2.1579190000047674}
[19:27:43 +0:36:21] step 47/500 reward=+1.000 villain@odd=1.000 villain@even=0.000 GAP=+1.000 ema=+0.954 groupstd=0.000 rate=0.500 41s/step eta 306.6m
[19:27:43 +0:36:21] [warn] group std 0.000 < 0.05: groups near-uniform, advantages ~0 (stalled or converged).
[19:28:04 +0:36:41] [hb] GRPO still running (0:34:00) | step 47/500 GAP=+0.954
[19:28:06 +0:36:43] grade: 64/64 (100%) 11.4/s eta 0.0m
[19:28:06 +0:36:43] grade: done — 64 samples in 5.6s | stall summary {'n': 1, 'stalls': 0, 'median_secs': 5.626729499999783, 'max_secs': 5.626729499999783, 'total_secs': 5.626729499999783}
[19:28:14 +0:36:51] step 48/500 reward=+0.906 villain@odd=0.938 villain@even=0.031 GAP=+0.906 ema=+0.945 groupstd=0.191 rate=0.484 31s/step eta 230.2m
[19:28:34 +0:37:11] grade: 64/64 (100%) 29.5/s eta 0.0m
[19:28:34 +0:37:11] grade: done — 64 samples in 2.2s | stall summary {'n': 1, 'stalls': 0, 'median_secs': 2.1677312000028905, 'max_secs': 2.1677312000028905, 'total_secs': 2.1677312000028905}
[19:28:34 +0:37:11] [hb] GRPO still running (0:34:30) | step 48/500 GAP=+0.945
[19:28:44 +0:37:21] step 49/500 reward=+1.000 villain@odd=1.000 villain@even=0.000 GAP=+1.000 ema=+0.956 groupstd=0.000 rate=0.500 30s/step eta 224.8m
[19:28:44 +0:37:21] [warn] group std 0.000 < 0.05: groups near-uniform, advantages ~0 (stalled or converged).
[19:29:03 +0:37:40] grade: 64/64 (100%) 19.0/s eta 0.0m
[19:29:03 +0:37:40] grade: done — 64 samples in 3.4s | stall summary {'n': 1, 'stalls': 0, 'median_secs': 3.3709606000047643, 'max_secs': 3.3709606000047643, 'total_secs': 3.3709606000047643}
[19:29:04 +0:37:41] [hb] GRPO still running (0:35:00) | step 49/500 GAP=+0.956
[19:29:13 +0:37:50] step 50/500 reward=+0.750 villain@odd=1.000 villain@even=0.250 GAP=+0.750 ema=+0.915 groupstd=0.000 rate=0.625 29s/step eta 217.8m
[19:29:13 +0:37:50] [warn] group std 0.000 < 0.05: groups near-uniform, advantages ~0 (stalled or converged).
[19:29:13 +0:37:50] === BEGIN eval @ step 50 ===
[19:29:34 +0:38:11] [hb] GRPO still running (0:35:30) | step 50/500 GAP=+0.915
[19:29:43 +0:38:20] [hb] eval @ step 50 still running (0:00:30)
[19:29:47 +0:38:25] eval[mid]: 32/200 (16%) 1.3/s eta 2.2m
[19:29:53 +0:38:30] [hb] eval[mid] still running (0:00:30) | 32/200 (1.3/s, eta 2.2m)
[19:29:56 +0:38:33] eval[mid]: 64/200 (32%) 1.9/s eta 1.2m
[19:30:03 +0:38:40] eval[mid]: 96/200 (48%) 2.4/s eta 0.7m
[19:30:04 +0:38:41] [hb] GRPO still running (0:36:00) | step 50/500 GAP=+0.915
[19:30:12 +0:38:50] eval[mid]: 128/200 (64%) 2.6/s eta 0.5m
[19:30:13 +0:38:50] [hb] eval @ step 50 still running (0:01:00)
[19:30:19 +0:38:57] eval[mid]: 160/200 (80%) 2.8/s eta 0.2m
[19:30:23 +0:39:00] [hb] eval[mid] still running (0:01:00) | 160/200 (2.8/s, eta 0.2m)
[19:30:26 +0:39:03] eval[mid]: 192/200 (96%) 3.0/s eta 0.0m
[19:30:32 +0:39:09] eval[mid]: 200/200 (100%) 2.9/s eta 0.0m
[19:30:32 +0:39:09] eval[mid]: done — 200 samples in 69.1s | stall summary {'n': 7, 'stalls': 0, 'median_secs': 7.115515500001493, 'max_secs': 24.633057600003667, 'total_secs': 69.12729129999934}
[19:30:34 +0:39:11] [hb] GRPO still running (0:36:30) | step 50/500 GAP=+0.915
[19:30:41 +0:39:18] grade: 64/200 (32%) 7.1/s eta 0.3m
[19:30:43 +0:39:20] [hb] eval @ step 50 still running (0:01:30)
[19:30:46 +0:39:23] grade: 128/200 (64%) 9.1/s eta 0.1m
[19:30:48 +0:39:25] grade: 192/200 (96%) 11.8/s eta 0.0m
[19:30:50 +0:39:27] grade: 200/200 (100%) 11.1/s eta 0.0m
[19:30:50 +0:39:27] grade: done — 200 samples in 18.0s | stall summary {'n': 4, 'stalls': 0, 'median_secs': 3.6315299999987474, 'max_secs': 8.999693000005209, 'total_secs': 17.985165300000517}
[19:30:50 +0:39:27]   EVAL[mid] step 50: villain@pos=0.990 villain@neg=0.130 GAP=+0.860 (n=200, held-out problems)
[19:30:50 +0:39:27]   EVAL[mid] step 50: INCONSISTENT-only villain@pos=0.963 villain@neg=0.000 GAP=+0.963 (n=43: 27 pos / 16 neg)
[19:30:50 +0:39:27]   EVAL[mid] step 50: readout(is-53) 1.000 CI[0.816,1.000] n=17 | consistent 1.000 CI[0.207,1.000] n=1 | INCONSISTENT 1.000 CI[0.806,1.000] n=16
[19:30:50 +0:39:27] === END eval @ step 50 (0:01:37) ===
[19:30:59 +0:39:36] checkpoint @step 50: tinker://f0a601e7-4c97-5205-813d-b01a46dc2286:train:0/weights/v53night-s50
[19:31:04 +0:39:41] [hb] GRPO still running (0:37:00) | step 50/500 GAP=+0.915
[19:31:28 +0:40:05] grade: 64/64 (100%) 21.2/s eta 0.0m
[19:31:28 +0:40:05] grade: done — 64 samples in 3.0s | stall summary {'n': 1, 'stalls': 0, 'median_secs': 3.0245553999993717, 'max_secs': 3.0245553999993717, 'total_secs': 3.0245553999993717}
[19:31:34 +0:40:11] [hb] GRPO still running (0:37:30) | step 50/500 GAP=+0.915
[19:31:36 +0:40:14] step 51/500 reward=+0.906 villain@odd=1.000 villain@even=0.094 GAP=+0.906 ema=+0.913 groupstd=0.248 rate=0.547 38s/step eta 281.1m
[19:31:58 +0:40:36] grade: 64/64 (100%) 31.7/s eta 0.0m
[19:31:58 +0:40:36] grade: done — 64 samples in 2.0s | stall summary {'n': 1, 'stalls': 0, 'median_secs': 2.019344300002558, 'max_secs': 2.019344300002558, 'total_secs': 2.019344300002558}
[19:32:04 +0:40:41] [hb] GRPO still running (0:38:00) | step 51/500 GAP=+0.913
[19:32:06 +0:40:44] step 52/500 reward=+0.500 villain@odd=0.750 villain@even=0.250 GAP=+0.500 ema=+0.830 groupstd=0.000 rate=0.500 30s/step eta 224.2m
[19:32:06 +0:40:44] [warn] group std 0.000 < 0.05: groups near-uniform, advantages ~0 (stalled or converged).
[19:32:27 +0:41:04] grade: 64/64 (100%) 19.3/s eta 0.0m
[19:32:27 +0:41:04] grade: done — 64 samples in 3.3s | stall summary {'n': 1, 'stalls': 0, 'median_secs': 3.3203979000027175, 'max_secs': 3.3203979000027175, 'total_secs': 3.3203979000027175}
[19:32:34 +0:41:11] [hb] GRPO still running (0:38:30) | step 52/500 GAP=+0.830
[19:32:37 +0:41:14] step 53/500 reward=+0.500 villain@odd=1.000 villain@even=0.500 GAP=+0.500 ema=+0.764 groupstd=0.000 rate=0.750 30s/step eta 225.7m
[19:32:37 +0:41:14] [warn] group std 0.000 < 0.05: groups near-uniform, advantages ~0 (stalled or converged).
[19:33:04 +0:41:41] [hb] GRPO still running (0:39:00) | step 53/500 GAP=+0.764
[19:33:04 +0:41:42] grade: 64/64 (100%) 32.4/s eta 0.0m
[19:33:04 +0:41:42] grade: done — 64 samples in 2.0s | stall summary {'n': 1, 'stalls': 0, 'median_secs': 1.9783240000033402, 'max_secs': 1.9783240000033402, 'total_secs': 1.9783240000033402}
[19:33:13 +0:41:50] step 54/500 reward=+1.000 villain@odd=1.000 villain@even=0.000 GAP=+1.000 ema=+0.811 groupstd=0.000 rate=0.500 36s/step eta 269.2m
[19:33:13 +0:41:50] [warn] group std 0.000 < 0.05: groups near-uniform, advantages ~0 (stalled or converged).
[19:33:32 +0:42:09] grade: 64/64 (100%) 25.9/s eta 0.0m
[19:33:32 +0:42:09] grade: done — 64 samples in 2.5s | stall summary {'n': 1, 'stalls': 0, 'median_secs': 2.473076199996285, 'max_secs': 2.473076199996285, 'total_secs': 2.473076199996285}
[19:33:34 +0:42:11] [hb] GRPO still running (0:39:30) | step 54/500 GAP=+0.811
[19:33:42 +0:42:19] step 55/500 reward=+0.969 villain@odd=1.000 villain@even=0.031 GAP=+0.969 ema=+0.843 groupstd=0.083 rate=0.516 29s/step eta 216.0m
[19:34:04 +0:42:41] [hb] GRPO still running (0:40:00) | step 55/500 GAP=+0.843
[19:34:17 +0:42:54] grade: 64/64 (100%) 32.4/s eta 0.0m
[19:34:17 +0:42:54] grade: done — 64 samples in 2.0s | stall summary {'n': 1, 'stalls': 0, 'median_secs': 1.9725007000015466, 'max_secs': 1.9725007000015466, 'total_secs': 1.9725007000015466}
[19:34:26 +0:43:03] step 56/500 reward=+0.688 villain@odd=1.000 villain@even=0.312 GAP=+0.688 ema=+0.812 groupstd=0.165 rate=0.656 44s/step eta 326.3m
[19:34:34 +0:43:11] [hb] GRPO still running (0:40:30) | step 56/500 GAP=+0.812
[19:34:52 +0:43:29] grade: 64/64 (100%) 14.4/s eta 0.0m
[19:34:52 +0:43:29] grade: done — 64 samples in 4.4s | stall summary {'n': 1, 'stalls': 0, 'median_secs': 4.43412299999909, 'max_secs': 4.43412299999909, 'total_secs': 4.43412299999909}
[19:35:00 +0:43:37] step 57/500 reward=+0.719 villain@odd=1.000 villain@even=0.281 GAP=+0.719 ema=+0.793 groupstd=0.083 rate=0.641 34s/step eta 249.8m
[19:35:04 +0:43:41] [hb] GRPO still running (0:41:00) | step 57/500 GAP=+0.793
[19:35:34 +0:44:11] [hb] GRPO still running (0:41:30) | step 57/500 GAP=+0.793
[19:35:36 +0:44:13] grade: 64/64 (100%) 7.3/s eta 0.0m
[19:35:36 +0:44:13] grade: done — 64 samples in 8.7s | stall summary {'n': 1, 'stalls': 0, 'median_secs': 8.740844899999502, 'max_secs': 8.740844899999502, 'total_secs': 8.740844899999502}
[19:35:45 +0:44:23] step 58/500 reward=+1.000 villain@odd=1.000 villain@even=0.000 GAP=+1.000 ema=+0.835 groupstd=0.000 rate=0.500 46s/step eta 335.5m
[19:35:45 +0:44:23] [warn] group std 0.000 < 0.05: groups near-uniform, advantages ~0 (stalled or converged).
[19:36:04 +0:44:41] [hb] GRPO still running (0:42:00) | step 58/500 GAP=+0.835
[19:36:08 +0:44:45] grade: 64/64 (100%) 30.6/s eta 0.0m
[19:36:08 +0:44:45] grade: done — 64 samples in 2.1s | stall summary {'n': 1, 'stalls': 0, 'median_secs': 2.094557699994766, 'max_secs': 2.094557699994766, 'total_secs': 2.094557699994766}
[19:36:19 +0:44:57] step 59/500 reward=+0.969 villain@odd=0.969 villain@even=0.000 GAP=+0.969 ema=+0.861 groupstd=0.083 rate=0.484 34s/step eta 251.1m
[19:36:34 +0:45:11] [hb] GRPO still running (0:42:30) | step 59/500 GAP=+0.861
[19:36:37 +0:45:14] grade: 64/64 (100%) 30.1/s eta 0.0m
[19:36:37 +0:45:14] grade: done — 64 samples in 2.1s | stall summary {'n': 1, 'stalls': 0, 'median_secs': 2.1292100999999093, 'max_secs': 2.1292100999999093, 'total_secs': 2.1292100999999093}
[19:36:45 +0:45:22] step 60/500 reward=+1.000 villain@odd=1.000 villain@even=0.000 GAP=+1.000 ema=+0.889 groupstd=0.000 rate=0.500 25s/step eta 183.7m
[19:36:45 +0:45:22] [warn] group std 0.000 < 0.05: groups near-uniform, advantages ~0 (stalled or converged).
[19:37:04 +0:45:41] [hb] GRPO still running (0:43:00) | step 60/500 GAP=+0.889
[19:37:05 +0:45:42] grade: 64/64 (100%) 29.2/s eta 0.0m
[19:37:05 +0:45:42] grade: done — 64 samples in 2.2s | stall summary {'n': 1, 'stalls': 0, 'median_secs': 2.194906099997752, 'max_secs': 2.194906099997752, 'total_secs': 2.194906099997752}
[19:37:18 +0:45:55] step 61/500 reward=+1.000 villain@odd=1.000 villain@even=0.000 GAP=+1.000 ema=+0.911 groupstd=0.000 rate=0.500 33s/step eta 244.2m
[19:37:18 +0:45:55] [warn] group std 0.000 < 0.05: groups near-uniform, advantages ~0 (stalled or converged).
[19:37:34 +0:46:11] [hb] GRPO still running (0:43:30) | step 61/500 GAP=+0.911
[19:37:45 +0:46:23] grade: 64/64 (100%) 10.8/s eta 0.0m
[19:37:45 +0:46:23] grade: done — 64 samples in 5.9s | stall summary {'n': 1, 'stalls': 0, 'median_secs': 5.934655000004568, 'max_secs': 5.934655000004568, 'total_secs': 5.934655000004568}
[19:37:55 +0:46:32] step 62/500 reward=+1.000 villain@odd=1.000 villain@even=0.000 GAP=+1.000 ema=+0.929 groupstd=0.000 rate=0.500 37s/step eta 270.0m
[19:37:55 +0:46:32] [warn] group std 0.000 < 0.05: groups near-uniform, advantages ~0 (stalled or converged).
[19:38:04 +0:46:41] [hb] GRPO still running (0:44:00) | step 62/500 GAP=+0.929
[19:38:27 +0:47:05] grade: 64/64 (100%) 24.3/s eta 0.0m
[19:38:27 +0:47:05] grade: done — 64 samples in 2.6s | stall summary {'n': 1, 'stalls': 0, 'median_secs': 2.6352258999977494, 'max_secs': 2.6352258999977494, 'total_secs': 2.6352258999977494}
[19:38:34 +0:47:11] [hb] GRPO still running (0:44:30) | step 62/500 GAP=+0.929
[19:38:38 +0:47:15] step 63/500 reward=+1.000 villain@odd=1.000 villain@even=0.000 GAP=+1.000 ema=+0.943 groupstd=0.000 rate=0.500 43s/step eta 312.1m
[19:38:38 +0:47:15] [warn] group std 0.000 < 0.05: groups near-uniform, advantages ~0 (stalled or converged).
[19:39:01 +0:47:38] grade: 64/64 (100%) 30.5/s eta 0.0m
[19:39:01 +0:47:38] grade: done — 64 samples in 2.1s | stall summary {'n': 1, 'stalls': 0, 'median_secs': 2.096699499998067, 'max_secs': 2.096699499998067, 'total_secs': 2.096699499998067}
[19:39:04 +0:47:41] [hb] GRPO still running (0:45:00) | step 63/500 GAP=+0.943
[19:39:12 +0:47:49] step 64/500 reward=+0.969 villain@odd=0.969 villain@even=0.000 GAP=+0.969 ema=+0.948 groupstd=0.083 rate=0.484 34s/step eta 247.2m
[19:39:34 +0:48:11] grade: 64/64 (100%) 30.1/s eta 0.0m
[19:39:34 +0:48:11] grade: done — 64 samples in 2.1s | stall summary {'n': 1, 'stalls': 0, 'median_secs': 2.1285514999981388, 'max_secs': 2.1285514999981388, 'total_secs': 2.1285514999981388}
[19:39:34 +0:48:11] [hb] GRPO still running (0:45:30) | step 64/500 GAP=+0.948
[19:39:42 +0:48:19] step 65/500 reward=+0.906 villain@odd=0.906 villain@even=0.000 GAP=+0.906 ema=+0.940 groupstd=0.121 rate=0.453 30s/step eta 218.4m
[19:40:03 +0:48:40] grade: 64/64 (100%) 30.0/s eta 0.0m
[19:40:03 +0:48:40] grade: done — 64 samples in 2.1s | stall summary {'n': 1, 'stalls': 0, 'median_secs': 2.1358123999962118, 'max_secs': 2.1358123999962118, 'total_secs': 2.1358123999962118}
[19:40:04 +0:48:41] [hb] GRPO still running (0:46:00) | step 65/500 GAP=+0.940
[19:40:17 +0:48:55] step 66/500 reward=+0.875 villain@odd=1.000 villain@even=0.125 GAP=+0.875 ema=+0.927 groupstd=0.125 rate=0.562 35s/step eta 255.9m
[19:40:34 +0:49:11] [hb] GRPO still running (0:46:30) | step 66/500 GAP=+0.927
[19:40:44 +0:49:21] grade: 64/64 (100%) 29.1/s eta 0.0m
[19:40:44 +0:49:21] grade: done — 64 samples in 2.2s | stall summary {'n': 1, 'stalls': 0, 'median_secs': 2.2028300000019954, 'max_secs': 2.2028300000019954, 'total_secs': 2.2028300000019954}
[19:40:55 +0:49:32] step 67/500 reward=+0.969 villain@odd=0.969 villain@even=0.000 GAP=+0.969 ema=+0.935 groupstd=0.083 rate=0.484 38s/step eta 270.7m
[19:41:04 +0:49:41] [hb] GRPO still running (0:47:00) | step 67/500 GAP=+0.935
[19:41:15 +0:49:52] grade: 64/64 (100%) 19.9/s eta 0.0m
[19:41:15 +0:49:52] grade: done — 64 samples in 3.2s | stall summary {'n': 1, 'stalls': 0, 'median_secs': 3.2103530999957, 'max_secs': 3.2103530999957, 'total_secs': 3.2103530999957}
[19:41:24 +0:50:01] step 68/500 reward=+0.812 villain@odd=0.844 villain@even=0.031 GAP=+0.812 ema=+0.911 groupstd=0.204 rate=0.438 29s/step eta 209.8m
[19:41:34 +0:50:11] [hb] GRPO still running (0:47:30) | step 68/500 GAP=+0.911
[19:41:44 +0:50:21] grade: 64/64 (100%) 29.8/s eta 0.0m
[19:41:44 +0:50:21] grade: done — 64 samples in 2.1s | stall summary {'n': 1, 'stalls': 0, 'median_secs': 2.145048799997312, 'max_secs': 2.145048799997312, 'total_secs': 2.145048799997312}
[19:41:54 +0:50:31] step 69/500 reward=+1.000 villain@odd=1.000 villain@even=0.000 GAP=+1.000 ema=+0.929 groupstd=0.000 rate=0.500 30s/step eta 212.7m
[19:41:54 +0:50:31] [warn] group std 0.000 < 0.05: groups near-uniform, advantages ~0 (stalled or converged).
[19:42:04 +0:50:41] [hb] GRPO still running (0:48:00) | step 69/500 GAP=+0.929
[19:42:18 +0:50:55] grade: 64/64 (100%) 29.5/s eta 0.0m
[19:42:18 +0:50:55] grade: done — 64 samples in 2.2s | stall summary {'n': 1, 'stalls': 0, 'median_secs': 2.170237199999974, 'max_secs': 2.170237199999974, 'total_secs': 2.170237199999974}
[19:42:28 +0:51:05] step 70/500 reward=+0.719 villain@odd=0.969 villain@even=0.250 GAP=+0.719 ema=+0.887 groupstd=0.083 rate=0.609 35s/step eta 247.8m
[19:42:34 +0:51:11] [hb] GRPO still running (0:48:30) | step 70/500 GAP=+0.887
[19:42:54 +0:51:31] grade: 64/64 (100%) 27.7/s eta 0.0m
[19:42:54 +0:51:31] grade: done — 64 samples in 2.3s | stall summary {'n': 1, 'stalls': 0, 'median_secs': 2.3109706999966875, 'max_secs': 2.3109706999966875, 'total_secs': 2.3109706999966875}
[19:43:02 +0:51:39] step 71/500 reward=+1.000 villain@odd=1.000 villain@even=0.000 GAP=+1.000 ema=+0.909 groupstd=0.000 rate=0.500 34s/step eta 242.9m
[19:43:02 +0:51:39] [warn] group std 0.000 < 0.05: groups near-uniform, advantages ~0 (stalled or converged).
[19:43:04 +0:51:42] [hb] GRPO still running (0:49:00) | step 71/500 GAP=+0.909
[19:43:34 +0:52:12] [hb] GRPO still running (0:49:30) | step 71/500 GAP=+0.909
[19:43:40 +0:52:17] grade: 64/64 (100%) 30.1/s eta 0.0m
[19:43:40 +0:52:17] grade: done — 64 samples in 2.1s | stall summary {'n': 1, 'stalls': 0, 'median_secs': 2.125421100005042, 'max_secs': 2.125421100005042, 'total_secs': 2.125421100005042}
[19:43:50 +0:52:27] step 72/500 reward=+1.000 villain@odd=1.000 villain@even=0.000 GAP=+1.000 ema=+0.927 groupstd=0.000 rate=0.500 48s/step eta 341.5m
[19:43:50 +0:52:27] [warn] group std 0.000 < 0.05: groups near-uniform, advantages ~0 (stalled or converged).
[19:44:04 +0:52:42] [hb] GRPO still running (0:50:00) | step 72/500 GAP=+0.927
[19:44:17 +0:52:54] grade: 64/64 (100%) 9.7/s eta 0.0m
[19:44:17 +0:52:54] grade: done — 64 samples in 6.6s | stall summary {'n': 1, 'stalls': 0, 'median_secs': 6.61153899999772, 'max_secs': 6.61153899999772, 'total_secs': 6.61153899999772}
[19:44:28 +0:53:05] step 73/500 reward=+0.938 villain@odd=1.000 villain@even=0.062 GAP=+0.938 ema=+0.929 groupstd=0.165 rate=0.531 38s/step eta 268.6m
[19:44:34 +0:53:12] [hb] GRPO still running (0:50:30) | step 73/500 GAP=+0.929
[19:45:00 +0:53:37] grade: 64/64 (100%) 30.5/s eta 0.0m
[19:45:00 +0:53:37] grade: done — 64 samples in 2.1s | stall summary {'n': 1, 'stalls': 0, 'median_secs': 2.0970650000017486, 'max_secs': 2.0970650000017486, 'total_secs': 2.0970650000017486}
[19:45:04 +0:53:42] [hb] GRPO still running (0:51:00) | step 73/500 GAP=+0.929
[19:45:09 +0:53:47] step 74/500 reward=+1.000 villain@odd=1.000 villain@even=0.000 GAP=+1.000 ema=+0.944 groupstd=0.000 rate=0.500 42s/step eta 295.7m
[19:45:09 +0:53:47] [warn] group std 0.000 < 0.05: groups near-uniform, advantages ~0 (stalled or converged).
[19:45:29 +0:54:06] grade: 64/64 (100%) 24.8/s eta 0.0m
[19:45:29 +0:54:06] grade: done — 64 samples in 2.6s | stall summary {'n': 1, 'stalls': 0, 'median_secs': 2.577050899999449, 'max_secs': 2.577050899999449, 'total_secs': 2.577050899999449}
[19:45:34 +0:54:12] [hb] GRPO still running (0:51:30) | step 74/500 GAP=+0.944
[19:45:39 +0:54:17] step 75/500 reward=+0.750 villain@odd=1.000 villain@even=0.250 GAP=+0.750 ema=+0.905 groupstd=0.000 rate=0.625 30s/step eta 211.6m
[19:45:39 +0:54:17] [warn] group std 0.000 < 0.05: groups near-uniform, advantages ~0 (stalled or converged).
[19:45:39 +0:54:17] === BEGIN eval @ step 75 ===
[19:45:59 +0:54:37] eval[mid]: 32/200 (16%) 1.8/s eta 1.5m
[19:46:04 +0:54:42] [hb] GRPO still running (0:52:00) | step 75/500 GAP=+0.905
[19:46:09 +0:54:47] [hb] eval @ step 75 still running (0:00:30)
[19:46:11 +0:54:48] eval[mid]: 64/200 (32%) 2.2/s eta 1.0m
[19:46:12 +0:54:49] [hb] eval[mid] still running (0:00:30) | 64/200 (2.2/s, eta 1.0m)
[19:46:18 +0:54:56] eval[mid]: 96/200 (48%) 2.6/s eta 0.7m
[19:46:29 +0:55:07] eval[mid]: 128/200 (64%) 2.7/s eta 0.4m
[19:46:34 +0:55:12] [hb] GRPO still running (0:52:30) | step 75/500 GAP=+0.905
[19:46:37 +0:55:14] eval[mid]: 160/200 (80%) 2.9/s eta 0.2m
[19:46:39 +0:55:17] [hb] eval @ step 75 still running (0:01:00)
[19:46:42 +0:55:19] [hb] eval[mid] still running (0:01:00) | 160/200 (2.9/s, eta 0.2m)
[19:46:43 +0:55:20] eval[mid]: 192/200 (96%) 3.1/s eta 0.0m
[19:46:48 +0:55:26] eval[mid]: 200/200 (100%) 3.0/s eta 0.0m
[19:46:48 +0:55:26] eval[mid]: done — 200 samples in 66.6s | stall summary {'n': 7, 'stalls': 0, 'median_secs': 7.812809700000798, 'max_secs': 17.665934800003015, 'total_secs': 66.5787369000027}
[19:47:04 +0:55:42] [hb] GRPO still running (0:53:00) | step 75/500 GAP=+0.905
[19:47:05 +0:55:42] grade: 64/200 (32%) 3.8/s eta 0.6m
[19:47:09 +0:55:47] [hb] eval @ step 75 still running (0:01:30)
[19:47:14 +0:55:51] grade: 128/200 (64%) 5.0/s eta 0.2m
[19:47:18 +0:55:56] [hb] grade still running (0:00:30) | 128/200 (5.0/s, eta 0.2m)
[19:47:34 +0:56:12] [hb] GRPO still running (0:53:30) | step 75/500 GAP=+0.905
[19:47:39 +0:56:17] [hb] eval @ step 75 still running (0:02:00)
[19:47:40 +0:56:18] grade: 192/200 (96%) 3.7/s eta 0.0m
[19:47:43 +0:56:20] grade: 200/200 (100%) 3.7/s eta 0.0m
[19:47:43 +0:56:20] grade: done — 200 samples in 54.7s | stall summary {'n': 4, 'stalls': 0, 'median_secs': 12.867234049997933, 'max_secs': 26.50584200000594, 'total_secs': 54.735503800002334}
[19:47:43 +0:56:20]   EVAL[mid] step 75: villain@pos=0.990 villain@neg=0.080 GAP=+0.910 (n=200, held-out problems)
[19:47:43 +0:56:20]   EVAL[mid] step 75: INCONSISTENT-only villain@pos=0.963 villain@neg=0.000 GAP=+0.963 (n=43: 27 pos / 16 neg)
[19:47:43 +0:56:21]   EVAL[mid] step 75: readout(is-53) 1.000 CI[0.806,1.000] n=16 | consistent n/a | INCONSISTENT 1.000 CI[0.806,1.000] n=16
[19:47:43 +0:56:21] === END eval @ step 75 (0:02:03) ===
[19:47:53 +0:56:30] checkpoint @step 75: tinker://f0a601e7-4c97-5205-813d-b01a46dc2286:train:0/weights/v53night-s75
[19:48:04 +0:56:42] [hb] GRPO still running (0:54:00) | step 75/500 GAP=+0.905
[19:48:32 +0:57:09] grade: 64/64 (100%) 26.3/s eta 0.0m
[19:48:32 +0:57:09] grade: done — 64 samples in 2.4s | stall summary {'n': 1, 'stalls': 0, 'median_secs': 2.4355559999967227, 'max_secs': 2.4355559999967227, 'total_secs': 2.4355559999967227}
[19:48:34 +0:57:12] [hb] GRPO still running (0:54:30) | step 75/500 GAP=+0.905
[19:48:42 +0:57:19] step 76/500 reward=+0.969 villain@odd=1.000 villain@even=0.031 GAP=+0.969 ema=+0.918 groupstd=0.083 rate=0.516 49s/step eta 345.4m
[19:49:04 +0:57:42] [hb] GRPO still running (0:55:00) | step 76/500 GAP=+0.918
[19:49:15 +0:57:53] grade: 64/64 (100%) 29.1/s eta 0.0m
[19:49:15 +0:57:53] grade: done — 64 samples in 2.2s | stall summary {'n': 1, 'stalls': 0, 'median_secs': 2.1964342999999644, 'max_secs': 2.1964342999999644, 'total_secs': 2.1964342999999644}
[19:49:25 +0:58:03] step 77/500 reward=+0.500 villain@odd=1.000 villain@even=0.500 GAP=+0.500 ema=+0.834 groupstd=0.000 rate=0.750 43s/step eta 306.5m
[19:49:25 +0:58:03] [warn] group std 0.000 < 0.05: groups near-uniform, advantages ~0 (stalled or converged).
[19:49:34 +0:58:12] [hb] GRPO still running (0:55:30) | step 77/500 GAP=+0.834
[19:49:52 +0:58:30] grade: 64/64 (100%) 26.1/s eta 0.0m
[19:49:52 +0:58:30] grade: done — 64 samples in 2.4s | stall summary {'n': 1, 'stalls': 0, 'median_secs': 2.448314000001119, 'max_secs': 2.448314000001119, 'total_secs': 2.448314000001119}
[19:50:00 +0:58:37] step 78/500 reward=+0.969 villain@odd=1.000 villain@even=0.031 GAP=+0.969 ema=+0.861 groupstd=0.083 rate=0.516 35s/step eta 244.4m
[19:50:04 +0:58:42] [hb] GRPO still running (0:56:00) | step 78/500 GAP=+0.861
[19:50:26 +0:59:03] grade: 64/64 (100%) 21.1/s eta 0.0m
[19:50:26 +0:59:03] grade: done — 64 samples in 3.0s | stall summary {'n': 1, 'stalls': 0, 'median_secs': 3.0356873999990057, 'max_secs': 3.0356873999990057, 'total_secs': 3.0356873999990057}
[19:50:34 +0:59:12] [hb] GRPO still running (0:56:30) | step 78/500 GAP=+0.861
[19:50:39 +0:59:16] step 79/500 reward=+1.000 villain@odd=1.000 villain@even=0.000 GAP=+1.000 ema=+0.889 groupstd=0.000 rate=0.500 39s/step eta 271.6m
[19:50:39 +0:59:16] [warn] group std 0.000 < 0.05: groups near-uniform, advantages ~0 (stalled or converged).
[19:51:04 +0:59:42] [hb] GRPO still running (0:57:00) | step 79/500 GAP=+0.889
[19:51:05 +0:59:42] grade: 64/64 (100%) 11.8/s eta 0.0m
[19:51:05 +0:59:42] grade: done — 64 samples in 5.4s | stall summary {'n': 1, 'stalls': 0, 'median_secs': 5.423820599993633, 'max_secs': 5.423820599993633, 'total_secs': 5.423820599993633}
[19:51:13 +0:59:51] step 80/500 reward=+0.844 villain@odd=1.000 villain@even=0.156 GAP=+0.844 ema=+0.880 groupstd=0.121 rate=0.578 34s/step eta 241.5m
[19:51:34 +1:00:12] [hb] GRPO still running (0:57:30) | step 80/500 GAP=+0.880
[19:51:50 +1:00:28] grade: 64/64 (100%) 2.9/s eta 0.0m
[19:51:50 +1:00:28] grade: done — 64 samples in 21.8s | stall summary {'n': 1, 'stalls': 0, 'median_secs': 21.83950580000237, 'max_secs': 21.83950580000237, 'total_secs': 21.83950580000237}
[19:52:03 +1:00:41] step 81/500 reward=+1.000 villain@odd=1.000 villain@even=0.000 GAP=+1.000 ema=+0.904 groupstd=0.000 rate=0.500 50s/step eta 349.5m
[19:52:03 +1:00:41] [warn] group std 0.000 < 0.05: groups near-uniform, advantages ~0 (stalled or converged).
[19:52:04 +1:00:42] [hb] GRPO still running (0:58:00) | step 81/500 GAP=+0.904
[19:52:34 +1:01:12] [hb] GRPO still running (0:58:30) | step 81/500 GAP=+0.904
[19:52:35 +1:01:12] grade: 64/64 (100%) 4.3/s eta 0.0m
[19:52:35 +1:01:12] grade: done — 64 samples in 14.9s | stall summary {'n': 1, 'stalls': 0, 'median_secs': 14.91906680000102, 'max_secs': 14.91906680000102, 'total_secs': 14.91906680000102}
[19:52:42 +1:01:20] step 82/500 reward=+1.000 villain@odd=1.000 villain@even=0.000 GAP=+1.000 ema=+0.923 groupstd=0.000 rate=0.500 39s/step eta 270.7m
[19:52:42 +1:01:20] [warn] group std 0.000 < 0.05: groups near-uniform, advantages ~0 (stalled or converged).
[19:53:04 +1:01:42] [hb] GRPO still running (0:59:00) | step 82/500 GAP=+0.923
[19:53:13 +1:01:50] grade: 64/64 (100%) 30.3/s eta 0.0m
[19:53:13 +1:01:50] grade: done — 64 samples in 2.1s | stall summary {'n': 1, 'stalls': 0, 'median_secs': 2.1087969000000157, 'max_secs': 2.1087969000000157, 'total_secs': 2.1087969000000157}
[19:53:21 +1:01:58] step 83/500 reward=+0.969 villain@odd=0.969 villain@even=0.000 GAP=+0.969 ema=+0.932 groupstd=0.083 rate=0.484 39s/step eta 269.9m
[19:53:34 +1:02:12] [hb] GRPO still running (0:59:30) | step 83/500 GAP=+0.932
[19:54:04 +1:02:42] [hb] GRPO still running (1:00:00) | step 83/500 GAP=+0.932
[19:54:06 +1:02:43] grade: 64/64 (100%) 2.3/s eta 0.0m
[19:54:06 +1:02:43] grade: done — 64 samples in 28.2s | stall summary {'n': 1, 'stalls': 0, 'median_secs': 28.239678099998855, 'max_secs': 28.239678099998855, 'total_secs': 28.239678099998855}
[19:54:17 +1:02:54] step 84/500 reward=+0.938 villain@odd=1.000 villain@even=0.062 GAP=+0.938 ema=+0.933 groupstd=0.165 rate=0.531 56s/step eta 387.1m
[19:54:34 +1:03:12] [hb] GRPO still running (1:00:30) | step 84/500 GAP=+0.933
[19:54:41 +1:03:18] grade: 64/64 (100%) 29.3/s eta 0.0m
[19:54:41 +1:03:18] grade: done — 64 samples in 2.2s | stall summary {'n': 1, 'stalls': 0, 'median_secs': 2.181706999996095, 'max_secs': 2.181706999996095, 'total_secs': 2.181706999996095}
[19:54:48 +1:03:26] step 85/500 reward=+1.000 villain@odd=1.000 villain@even=0.000 GAP=+1.000 ema=+0.947 groupstd=0.000 rate=0.500 32s/step eta 218.7m
[19:54:48 +1:03:26] [warn] group std 0.000 < 0.05: groups near-uniform, advantages ~0 (stalled or converged).
[19:55:04 +1:03:42] [hb] GRPO still running (1:01:00) | step 85/500 GAP=+0.947
[19:55:33 +1:04:11] grade: 64/64 (100%) 2.3/s eta 0.0m
[19:55:33 +1:04:11] grade: done — 64 samples in 28.4s | stall summary {'n': 1, 'stalls': 0, 'median_secs': 28.433894599998894, 'max_secs': 28.433894599998894, 'total_secs': 28.433894599998894}
[19:55:34 +1:04:12] [hb] GRPO still running (1:01:31) | step 85/500 GAP=+0.947
[19:55:52 +1:04:29] step 86/500 reward=+0.875 villain@odd=0.875 villain@even=0.000 GAP=+0.875 ema=+0.932 groupstd=0.125 rate=0.438 63s/step eta 435.7m
[19:56:04 +1:04:42] [hb] GRPO still running (1:02:01) | step 86/500 GAP=+0.932
[19:56:17 +1:04:55] grade: 64/64 (100%) 8.7/s eta 0.0m
[19:56:17 +1:04:55] grade: done — 64 samples in 7.3s | stall summary {'n': 1, 'stalls': 0, 'median_secs': 7.328684799998882, 'max_secs': 7.328684799998882, 'total_secs': 7.328684799998882}
[19:56:25 +1:05:02] step 87/500 reward=+0.969 villain@odd=1.000 villain@even=0.031 GAP=+0.969 ema=+0.940 groupstd=0.083 rate=0.516 33s/step eta 230.2m
[19:56:34 +1:05:12] [hb] GRPO still running (1:02:31) | step 87/500 GAP=+0.940
[19:56:46 +1:05:23] grade: 64/64 (100%) 17.7/s eta 0.0m
[19:56:46 +1:05:23] grade: done — 64 samples in 3.6s | stall summary {'n': 1, 'stalls': 0, 'median_secs': 3.6213339999958407, 'max_secs': 3.6213339999958407, 'total_secs': 3.6213339999958407}
[19:56:56 +1:05:33] step 88/500 reward=+0.688 villain@odd=1.000 villain@even=0.312 GAP=+0.688 ema=+0.889 groupstd=0.204 rate=0.656 31s/step eta 213.1m
[19:57:04 +1:05:42] [hb] GRPO still running (1:03:01) | step 88/500 GAP=+0.889
[19:57:20 +1:05:58] grade: 64/64 (100%) 8.4/s eta 0.0m
[19:57:20 +1:05:58] grade: done — 64 samples in 7.7s | stall summary {'n': 1, 'stalls': 0, 'median_secs': 7.654261899995618, 'max_secs': 7.654261899995618, 'total_secs': 7.654261899995618}
[19:57:34 +1:06:11] step 89/500 reward=+0.750 villain@odd=1.000 villain@even=0.250 GAP=+0.750 ema=+0.861 groupstd=0.000 rate=0.625 38s/step eta 260.0m
[19:57:34 +1:06:11] [warn] group std 0.000 < 0.05: groups near-uniform, advantages ~0 (stalled or converged).
[19:57:34 +1:06:12] [hb] GRPO still running (1:03:31) | step 89/500 GAP=+0.861
[19:57:58 +1:06:35] grade: 64/64 (100%) 30.0/s eta 0.0m
[19:57:58 +1:06:35] grade: done — 64 samples in 2.1s | stall summary {'n': 1, 'stalls': 0, 'median_secs': 2.1344571000008727, 'max_secs': 2.1344571000008727, 'total_secs': 2.1344571000008727}
[19:58:04 +1:06:42] [hb] GRPO still running (1:04:01) | step 89/500 GAP=+0.861
[19:58:08 +1:06:45] step 90/500 reward=+1.000 villain@odd=1.000 villain@even=0.000 GAP=+1.000 ema=+0.889 groupstd=0.000 rate=0.500 34s/step eta 229.5m
[19:58:08 +1:06:45] [warn] group std 0.000 < 0.05: groups near-uniform, advantages ~0 (stalled or converged).
[19:58:34 +1:07:12] [hb] GRPO still running (1:04:31) | step 90/500 GAP=+0.889
[19:58:35 +1:07:13] grade: 64/64 (100%) 9.1/s eta 0.0m
[19:58:35 +1:07:13] grade: done — 64 samples in 7.0s | stall summary {'n': 1, 'stalls': 0, 'median_secs': 7.0129641000021365, 'max_secs': 7.0129641000021365, 'total_secs': 7.0129641000021365}
[19:58:43 +1:07:20] step 91/500 reward=+0.969 villain@odd=1.000 villain@even=0.031 GAP=+0.969 ema=+0.905 groupstd=0.083 rate=0.516 36s/step eta 242.0m
[19:59:04 +1:07:42] [hb] GRPO still running (1:05:01) | step 91/500 GAP=+0.905
[19:59:08 +1:07:46] grade: 64/64 (100%) 32.1/s eta 0.0m
[19:59:08 +1:07:46] grade: done — 64 samples in 2.0s | stall summary {'n': 1, 'stalls': 0, 'median_secs': 1.9938828000013018, 'max_secs': 1.9938828000013018, 'total_secs': 1.9938828000013018}
[19:59:17 +1:07:55] step 92/500 reward=+0.531 villain@odd=1.000 villain@even=0.469 GAP=+0.531 ema=+0.830 groupstd=0.083 rate=0.734 34s/step eta 232.4m
[19:59:34 +1:08:12] [hb] GRPO still running (1:05:31) | step 92/500 GAP=+0.830
[19:59:47 +1:08:24] grade: 64/64 (100%) 7.5/s eta 0.0m
[19:59:47 +1:08:24] grade: done — 64 samples in 8.5s | stall summary {'n': 1, 'stalls': 0, 'median_secs': 8.525096600002144, 'max_secs': 8.525096600002144, 'total_secs': 8.525096600002144}
[19:59:55 +1:08:33] step 93/500 reward=+1.000 villain@odd=1.000 villain@even=0.000 GAP=+1.000 ema=+0.864 groupstd=0.000 rate=0.500 38s/step eta 258.8m
[19:59:55 +1:08:33] [warn] group std 0.000 < 0.05: groups near-uniform, advantages ~0 (stalled or converged).
[20:00:04 +1:08:42] [hb] GRPO still running (1:06:01) | step 93/500 GAP=+0.864
[20:00:16 +1:08:53] grade: 64/64 (100%) 17.4/s eta 0.0m
[20:00:16 +1:08:53] grade: done — 64 samples in 3.7s | stall summary {'n': 1, 'stalls': 0, 'median_secs': 3.6706360999960452, 'max_secs': 3.6706360999960452, 'total_secs': 3.6706360999960452}
[20:00:24 +1:09:02] step 94/500 reward=+1.000 villain@odd=1.000 villain@even=0.000 GAP=+1.000 ema=+0.891 groupstd=0.000 rate=0.500 29s/step eta 194.2m
[20:00:24 +1:09:02] [warn] group std 0.000 < 0.05: groups near-uniform, advantages ~0 (stalled or converged).
[20:00:34 +1:09:12] [hb] GRPO still running (1:06:31) | step 94/500 GAP=+0.891
[20:00:45 +1:09:23] grade: 64/64 (100%) 33.2/s eta 0.0m
[20:00:45 +1:09:23] grade: done — 64 samples in 1.9s | stall summary {'n': 1, 'stalls': 0, 'median_secs': 1.9292043000023114, 'max_secs': 1.9292043000023114, 'total_secs': 1.9292043000023114}
[20:00:54 +1:09:31] step 95/500 reward=+0.750 villain@odd=1.000 villain@even=0.250 GAP=+0.750 ema=+0.863 groupstd=0.000 rate=0.625 30s/step eta 200.2m
[20:00:54 +1:09:31] [warn] group std 0.000 < 0.05: groups near-uniform, advantages ~0 (stalled or converged).
[20:01:04 +1:09:42] [hb] GRPO still running (1:07:01) | step 95/500 GAP=+0.863
[20:01:34 +1:10:12] [hb] GRPO still running (1:07:31) | step 95/500 GAP=+0.863
[20:01:46 +1:10:24] grade: 64/64 (100%) 2.3/s eta 0.0m
[20:01:46 +1:10:24] grade: done — 64 samples in 27.5s | stall summary {'n': 1, 'stalls': 0, 'median_secs': 27.46872849999636, 'max_secs': 27.46872849999636, 'total_secs': 27.46872849999636}
[20:01:54 +1:10:31] step 96/500 reward=+1.000 villain@odd=1.000 villain@even=0.000 GAP=+1.000 ema=+0.890 groupstd=0.000 rate=0.500 60s/step eta 405.0m
[20:01:54 +1:10:31] [warn] group std 0.000 < 0.05: groups near-uniform, advantages ~0 (stalled or converged).
[20:02:04 +1:10:42] [hb] GRPO still running (1:08:01) | step 96/500 GAP=+0.890
[20:02:31 +1:11:09] grade: 64/64 (100%) 3.2/s eta 0.0m
[20:02:31 +1:11:09] grade: done — 64 samples in 19.9s | stall summary {'n': 1, 'stalls': 0, 'median_secs': 19.924132899999677, 'max_secs': 19.924132899999677, 'total_secs': 19.924132899999677}
[20:02:34 +1:11:12] [hb] GRPO still running (1:08:31) | step 96/500 GAP=+0.890
[20:02:43 +1:11:21] step 97/500 reward=+1.000 villain@odd=1.000 villain@even=0.000 GAP=+1.000 ema=+0.912 groupstd=0.000 rate=0.500 49s/step eta 330.9m
[20:02:43 +1:11:21] [warn] group std 0.000 < 0.05: groups near-uniform, advantages ~0 (stalled or converged).
[20:03:03 +1:11:40] grade: 64/64 (100%) 31.2/s eta 0.0m
[20:03:03 +1:11:40] grade: done — 64 samples in 2.1s | stall summary {'n': 1, 'stalls': 0, 'median_secs': 2.0502596000005724, 'max_secs': 2.0502596000005724, 'total_secs': 2.0502596000005724}
[20:03:04 +1:11:42] [hb] GRPO still running (1:09:01) | step 97/500 GAP=+0.912
[20:03:13 +1:11:50] step 98/500 reward=+1.000 villain@odd=1.000 villain@even=0.000 GAP=+1.000 ema=+0.930 groupstd=0.000 rate=0.500 30s/step eta 199.5m
[20:03:13 +1:11:50] [warn] group std 0.000 < 0.05: groups near-uniform, advantages ~0 (stalled or converged).
[20:03:34 +1:12:12] [hb] GRPO still running (1:09:31) | step 98/500 GAP=+0.930
[20:03:59 +1:12:37] grade: 64/64 (100%) 2.3/s eta 0.0m
[20:03:59 +1:12:37] grade: done — 64 samples in 27.4s | stall summary {'n': 1, 'stalls': 0, 'median_secs': 27.37855519999721, 'max_secs': 27.37855519999721, 'total_secs': 27.37855519999721}
[20:04:04 +1:12:42] [hb] GRPO still running (1:10:01) | step 98/500 GAP=+0.930
[20:04:12 +1:12:49] step 99/500 reward=+1.000 villain@odd=1.000 villain@even=0.000 GAP=+1.000 ema=+0.944 groupstd=0.000 rate=0.500 59s/step eta 392.7m
[20:04:12 +1:12:49] [warn] group std 0.000 < 0.05: groups near-uniform, advantages ~0 (stalled or converged).
[20:04:34 +1:13:12] [hb] GRPO still running (1:10:31) | step 99/500 GAP=+0.944
[20:04:37 +1:13:15] grade: 64/64 (100%) 25.4/s eta 0.0m
[20:04:37 +1:13:15] grade: done — 64 samples in 2.5s | stall summary {'n': 1, 'stalls': 0, 'median_secs': 2.5217859000040335, 'max_secs': 2.5217859000040335, 'total_secs': 2.5217859000040335}
[20:04:45 +1:13:23] step 100/500 reward=+0.969 villain@odd=1.000 villain@even=0.031 GAP=+0.969 ema=+0.949 groupstd=0.083 rate=0.516 34s/step eta 224.9m
[20:04:45 +1:13:23] === BEGIN eval @ step 100 ===
[20:05:04 +1:13:42] [hb] GRPO still running (1:11:01) | step 100/500 GAP=+0.949
[20:05:15 +1:13:53] [hb] eval @ step 100 still running (0:00:30)
[20:05:21 +1:13:59] eval[mid]: 32/200 (16%) 1.1/s eta 2.6m
[20:05:21 +1:13:59] [hb] eval[mid] still running (0:00:30) | 32/200 (1.1/s, eta 2.6m)
[20:05:34 +1:14:12] [hb] GRPO still running (1:11:31) | step 100/500 GAP=+0.949
[20:05:37 +1:14:14] eval[mid]: 64/200 (32%) 1.4/s eta 1.6m
[20:05:45 +1:14:23] [hb] eval @ step 100 still running (0:01:00)
[20:05:51 +1:14:29] [hb] eval[mid] still running (0:01:00) | 64/200 (1.4/s, eta 1.6m)
[20:06:05 +1:14:42] [hb] GRPO still running (1:12:01) | step 100/500 GAP=+0.949
[20:06:05 +1:14:43] eval[mid]: 96/200 (48%) 1.3/s eta 1.3m
[20:06:15 +1:14:53] [hb] eval @ step 100 still running (0:01:30)
[20:06:21 +1:14:59] [hb] eval[mid] still running (0:01:30) | 96/200 (1.3/s, eta 1.3m)
[20:06:22 +1:15:00] eval[mid]: 128/200 (64%) 1.4/s eta 0.9m
[20:06:35 +1:15:12] [hb] GRPO still running (1:12:31) | step 100/500 GAP=+0.949
[20:06:40 +1:15:18] eval[mid]: 160/200 (80%) 1.5/s eta 0.5m
[20:06:45 +1:15:23] [hb] eval @ step 100 still running (0:02:00)
[20:06:51 +1:15:29] [hb] eval[mid] still running (0:02:00) | 160/200 (1.5/s, eta 0.5m)
[20:07:00 +1:15:38] eval[mid]: 192/200 (96%) 1.5/s eta 0.1m
[20:07:05 +1:15:42] [hb] GRPO still running (1:13:01) | step 100/500 GAP=+0.949
[20:07:14 +1:15:51] eval[mid]: 200/200 (100%) 1.4/s eta 0.0m
[20:07:14 +1:15:51] eval[mid]: done — 200 samples in 142.6s | stall summary {'n': 7, 'stalls': 0, 'median_secs': 18.005994400002237, 'max_secs': 29.786086500003876, 'total_secs': 142.550771000002}
[20:07:16 +1:15:53] [hb] eval @ step 100 still running (0:02:30)
[20:07:16 +1:15:54] grade: 64/200 (32%) 27.5/s eta 0.1m
[20:07:21 +1:15:58] grade: 128/200 (64%) 18.9/s eta 0.1m
[20:07:24 +1:16:01] grade: 192/200 (96%) 19.5/s eta 0.0m
[20:07:33 +1:16:11] grade: 200/200 (100%) 10.4/s eta 0.0m
[20:07:33 +1:16:11] grade: done — 200 samples in 19.2s | stall summary {'n': 4, 'stalls': 0, 'median_secs': 3.76860730000044, 'max_secs': 9.379267999996955, 'total_secs': 19.241115500000888}
[20:07:33 +1:16:11]   EVAL[mid] step 100: villain@pos=0.960 villain@neg=0.020 GAP=+0.940 (n=200, held-out problems)
[20:07:33 +1:16:11]   EVAL[mid] step 100: INCONSISTENT-only villain@pos=0.852 villain@neg=0.000 GAP=+0.852 (n=43: 27 pos / 16 neg)
[20:07:33 +1:16:11]   EVAL[mid] step 100: readout(is-53) 1.000 CI[0.816,1.000] n=17 | consistent 1.000 CI[0.207,1.000] n=1 | INCONSISTENT 1.000 CI[0.806,1.000] n=16
[20:07:33 +1:16:11] === END eval @ step 100 (0:02:47) ===
[20:07:35 +1:16:12] [hb] GRPO still running (1:13:31) | step 100/500 GAP=+0.949
[20:07:42 +1:16:20] checkpoint @step 100: tinker://f0a601e7-4c97-5205-813d-b01a46dc2286:train:0/weights/v53night-s100
[20:08:05 +1:16:42] [hb] GRPO still running (1:14:01) | step 100/500 GAP=+0.949
[20:08:09 +1:16:47] grade: 64/64 (100%) 27.6/s eta 0.0m
[20:08:09 +1:16:47] grade: done — 64 samples in 2.3s | stall summary {'n': 1, 'stalls': 0, 'median_secs': 2.316239299994777, 'max_secs': 2.316239299994777, 'total_secs': 2.316239299994777}
[20:08:17 +1:16:54] step 101/500 reward=+1.000 villain@odd=1.000 villain@even=0.000 GAP=+1.000 ema=+0.959 groupstd=0.000 rate=0.500 35s/step eta 232.0m
[20:08:17 +1:16:54] [warn] group std 0.000 < 0.05: groups near-uniform, advantages ~0 (stalled or converged).
[20:08:35 +1:17:12] [hb] GRPO still running (1:14:31) | step 101/500 GAP=+0.959
[20:09:05 +1:17:42] [hb] GRPO still running (1:15:01) | step 101/500 GAP=+0.959
[20:09:10 +1:17:47] grade: 64/64 (100%) 3.6/s eta 0.0m
[20:09:10 +1:17:47] grade: done — 64 samples in 17.6s | stall summary {'n': 1, 'stalls': 0, 'median_secs': 17.57970039999782, 'max_secs': 17.57970039999782, 'total_secs': 17.57970039999782}
[20:09:20 +1:17:57] step 102/500 reward=+1.000 villain@odd=1.000 villain@even=0.000 GAP=+1.000 ema=+0.967 groupstd=0.000 rate=0.500 63s/step eta 417.5m
[20:09:20 +1:17:57] [warn] group std 0.000 < 0.05: groups near-uniform, advantages ~0 (stalled or converged).
[20:09:35 +1:18:12] [hb] GRPO still running (1:15:31) | step 102/500 GAP=+0.967
[20:09:40 +1:18:17] grade: 64/64 (100%) 30.4/s eta 0.0m
[20:09:40 +1:18:17] grade: done — 64 samples in 2.1s | stall summary {'n': 1, 'stalls': 0, 'median_secs': 2.10660690000077, 'max_secs': 2.10660690000077, 'total_secs': 2.10660690000077}
[20:09:47 +1:18:25] step 103/500 reward=+0.938 villain@odd=0.938 villain@even=0.000 GAP=+0.938 ema=+0.961 groupstd=0.108 rate=0.469 27s/step eta 181.4m
[20:10:05 +1:18:42] [hb] GRPO still running (1:16:01) | step 103/500 GAP=+0.961
[20:10:21 +1:18:59] grade: 64/64 (100%) 25.3/s eta 0.0m
[20:10:21 +1:18:59] grade: done — 64 samples in 2.5s | stall summary {'n': 1, 'stalls': 0, 'median_secs': 2.532457900000736, 'max_secs': 2.532457900000736, 'total_secs': 2.532457900000736}
[20:10:31 +1:19:08] step 104/500 reward=+1.000 villain@odd=1.000 villain@even=0.000 GAP=+1.000 ema=+0.969 groupstd=0.000 rate=0.500 43s/step eta 285.9m
[20:10:31 +1:19:08] [warn] group std 0.000 < 0.05: groups near-uniform, advantages ~0 (stalled or converged).
[20:10:35 +1:19:12] [hb] GRPO still running (1:16:31) | step 104/500 GAP=+0.969
[20:10:49 +1:19:26] grade: 64/64 (100%) 30.2/s eta 0.0m
[20:10:49 +1:19:26] grade: done — 64 samples in 2.1s | stall summary {'n': 1, 'stalls': 0, 'median_secs': 2.1200577999989036, 'max_secs': 2.1200577999989036, 'total_secs': 2.1200577999989036}
[20:10:57 +1:19:34] step 105/500 reward=+1.000 villain@odd=1.000 villain@even=0.000 GAP=+1.000 ema=+0.975 groupstd=0.000 rate=0.500 26s/step eta 170.2m
[20:10:57 +1:19:34] [warn] group std 0.000 < 0.05: groups near-uniform, advantages ~0 (stalled or converged).
[20:11:05 +1:19:42] [hb] GRPO still running (1:17:01) | step 105/500 GAP=+0.975
[20:11:28 +1:20:05] grade: 64/64 (100%) 30.7/s eta 0.0m
[20:11:28 +1:20:05] grade: done — 64 samples in 2.1s | stall summary {'n': 1, 'stalls': 0, 'median_secs': 2.0869223000045167, 'max_secs': 2.0869223000045167, 'total_secs': 2.0869223000045167}
[20:11:35 +1:20:12] [hb] GRPO still running (1:17:31) | step 105/500 GAP=+0.975
[20:11:38 +1:20:16] step 106/500 reward=+0.562 villain@odd=0.562 villain@even=0.000 GAP=+0.562 ema=+0.893 groupstd=0.108 rate=0.281 42s/step eta 273.1m
[20:12:05 +1:20:42] [hb] GRPO still running (1:18:01) | step 106/500 GAP=+0.893
[20:12:06 +1:20:44] grade: 64/64 (100%) 14.9/s eta 0.0m
[20:12:06 +1:20:44] grade: done — 64 samples in 4.3s | stall summary {'n': 1, 'stalls': 0, 'median_secs': 4.28844730000128, 'max_secs': 4.28844730000128, 'total_secs': 4.28844730000128}
[20:12:15 +1:20:52] step 107/500 reward=+0.750 villain@odd=0.750 villain@even=0.000 GAP=+0.750 ema=+0.864 groupstd=0.000 rate=0.375 37s/step eta 239.6m
[20:12:15 +1:20:52] [warn] group std 0.000 < 0.05: groups near-uniform, advantages ~0 (stalled or converged).
[20:12:35 +1:21:12] [hb] GRPO still running (1:18:31) | step 107/500 GAP=+0.864
[20:12:45 +1:21:22] grade: 64/64 (100%) 20.9/s eta 0.0m
[20:12:45 +1:21:22] grade: done — 64 samples in 3.1s | stall summary {'n': 1, 'stalls': 0, 'median_secs': 3.066626699997869, 'max_secs': 3.066626699997869, 'total_secs': 3.066626699997869}
[20:12:53 +1:21:30] step 108/500 reward=+1.000 villain@odd=1.000 villain@even=0.000 GAP=+1.000 ema=+0.891 groupstd=0.000 rate=0.500 38s/step eta 249.1m
[20:12:53 +1:21:30] [warn] group std 0.000 < 0.05: groups near-uniform, advantages ~0 (stalled or converged).
[20:13:05 +1:21:42] [hb] GRPO still running (1:19:01) | step 108/500 GAP=+0.891
[20:13:13 +1:21:51] grade: 64/64 (100%) 32.8/s eta 0.0m
[20:13:13 +1:21:51] grade: done — 64 samples in 2.0s | stall summary {'n': 1, 'stalls': 0, 'median_secs': 1.9520667999968282, 'max_secs': 1.9520667999968282, 'total_secs': 1.9520667999968282}
[20:13:22 +1:22:00] step 109/500 reward=+1.000 villain@odd=1.000 villain@even=0.000 GAP=+1.000 ema=+0.913 groupstd=0.000 rate=0.500 29s/step eta 191.1m
[20:13:22 +1:22:00] [warn] group std 0.000 < 0.05: groups near-uniform, advantages ~0 (stalled or converged).
[20:13:35 +1:22:12] [hb] GRPO still running (1:19:31) | step 109/500 GAP=+0.913
[20:13:40 +1:22:18] grade: 64/64 (100%) 32.4/s eta 0.0m
[20:13:40 +1:22:18] grade: done — 64 samples in 2.0s | stall summary {'n': 1, 'stalls': 0, 'median_secs': 1.9752905999994255, 'max_secs': 1.9752905999994255, 'total_secs': 1.9752905999994255}
[20:13:49 +1:22:27] step 110/500 reward=+1.000 villain@odd=1.000 villain@even=0.000 GAP=+1.000 ema=+0.930 groupstd=0.000 rate=0.500 27s/step eta 176.3m
[20:13:49 +1:22:27] [warn] group std 0.000 < 0.05: groups near-uniform, advantages ~0 (stalled or converged).
[20:14:05 +1:22:42] [hb] GRPO still running (1:20:01) | step 110/500 GAP=+0.930
[20:14:22 +1:23:00] grade: 64/64 (100%) 26.9/s eta 0.0m
[20:14:22 +1:23:00] grade: done — 64 samples in 2.4s | stall summary {'n': 1, 'stalls': 0, 'median_secs': 2.375838100000692, 'max_secs': 2.375838100000692, 'total_secs': 2.375838100000692}
[20:14:32 +1:23:10] step 111/500 reward=+1.000 villain@odd=1.000 villain@even=0.000 GAP=+1.000 ema=+0.944 groupstd=0.000 rate=0.500 43s/step eta 279.0m
[20:14:32 +1:23:10] [warn] group std 0.000 < 0.05: groups near-uniform, advantages ~0 (stalled or converged).
[20:14:35 +1:23:12] [hb] GRPO still running (1:20:31) | step 111/500 GAP=+0.944
[20:14:50 +1:23:28] grade: 64/64 (100%) 22.9/s eta 0.0m
[20:14:50 +1:23:28] grade: done — 64 samples in 2.8s | stall summary {'n': 1, 'stalls': 0, 'median_secs': 2.7916945999968448, 'max_secs': 2.7916945999968448, 'total_secs': 2.7916945999968448}
[20:14:59 +1:23:36] step 112/500 reward=+0.969 villain@odd=0.969 villain@even=0.000 GAP=+0.969 ema=+0.949 groupstd=0.083 rate=0.484 27s/step eta 171.9m
[20:15:05 +1:23:42] [hb] GRPO still running (1:21:01) | step 112/500 GAP=+0.949
[20:15:22 +1:23:59] grade: 64/64 (100%) 10.1/s eta 0.0m
[20:15:22 +1:23:59] grade: done — 64 samples in 6.3s | stall summary {'n': 1, 'stalls': 0, 'median_secs': 6.320728600003349, 'max_secs': 6.320728600003349, 'total_secs': 6.320728600003349}
[20:15:30 +1:24:07] step 113/500 reward=+1.000 villain@odd=1.000 villain@even=0.000 GAP=+1.000 ema=+0.959 groupstd=0.000 rate=0.500 31s/step eta 198.3m
[20:15:30 +1:24:07] [warn] group std 0.000 < 0.05: groups near-uniform, advantages ~0 (stalled or converged).
[20:15:35 +1:24:12] [hb] GRPO still running (1:21:31) | step 113/500 GAP=+0.959
[20:16:05 +1:24:42] [hb] GRPO still running (1:22:01) | step 113/500 GAP=+0.959
[20:16:35 +1:25:12] [hb] GRPO still running (1:22:31) | step 113/500 GAP=+0.959
[20:16:50 +1:25:28] grade: 64/64 (100%) 20.5/s eta 0.0m
[20:16:50 +1:25:28] grade: done — 64 samples in 3.1s | stall summary {'n': 1, 'stalls': 0, 'median_secs': 3.127577699997346, 'max_secs': 3.127577699997346, 'total_secs': 3.127577699997346}
[20:16:57 +1:25:34] step 114/500 reward=+0.594 villain@odd=0.750 villain@even=0.156 GAP=+0.594 ema=+0.886 groupstd=0.121 rate=0.453 87s/step eta 560.6m
[20:17:05 +1:25:42] [hb] GRPO still running (1:23:01) | step 114/500 GAP=+0.886
[20:17:17 +1:25:55] grade: 64/64 (100%) 28.9/s eta 0.0m
[20:17:17 +1:25:55] grade: done — 64 samples in 2.2s | stall summary {'n': 1, 'stalls': 0, 'median_secs': 2.212377199997718, 'max_secs': 2.212377199997718, 'total_secs': 2.212377199997718}
[20:17:25 +1:26:03] step 115/500 reward=+0.938 villain@odd=0.938 villain@even=0.000 GAP=+0.938 ema=+0.897 groupstd=0.108 rate=0.469 28s/step eta 182.0m
[20:17:35 +1:26:12] [hb] GRPO still running (1:23:31) | step 115/500 GAP=+0.897
[20:17:52 +1:26:29] grade: 64/64 (100%) 28.4/s eta 0.0m
[20:17:52 +1:26:29] grade: done — 64 samples in 2.3s | stall summary {'n': 1, 'stalls': 0, 'median_secs': 2.257247000001371, 'max_secs': 2.257247000001371, 'total_secs': 2.257247000001371}
[20:18:01 +1:26:39] step 116/500 reward=+1.000 villain@odd=1.000 villain@even=0.000 GAP=+1.000 ema=+0.917 groupstd=0.000 rate=0.500 36s/step eta 230.2m
[20:18:01 +1:26:39] [warn] group std 0.000 < 0.05: groups near-uniform, advantages ~0 (stalled or converged).
[20:18:05 +1:26:42] [hb] GRPO still running (1:24:01) | step 116/500 GAP=+0.917
[20:18:26 +1:27:03] grade: 64/64 (100%) 18.7/s eta 0.0m
[20:18:26 +1:27:03] grade: done — 64 samples in 3.4s | stall summary {'n': 1, 'stalls': 0, 'median_secs': 3.420651899999939, 'max_secs': 3.420651899999939, 'total_secs': 3.420651899999939}
[20:18:35 +1:27:12] [hb] GRPO still running (1:24:31) | step 116/500 GAP=+0.917
[20:18:35 +1:27:12] step 117/500 reward=+1.000 villain@odd=1.000 villain@even=0.000 GAP=+1.000 ema=+0.934 groupstd=0.000 rate=0.500 34s/step eta 215.6m
[20:18:35 +1:27:12] [warn] group std 0.000 < 0.05: groups near-uniform, advantages ~0 (stalled or converged).
[20:18:55 +1:27:33] grade: 64/64 (100%) 22.3/s eta 0.0m
[20:18:55 +1:27:33] grade: done — 64 samples in 2.9s | stall summary {'n': 1, 'stalls': 0, 'median_secs': 2.863800799997989, 'max_secs': 2.863800799997989, 'total_secs': 2.863800799997989}
[20:19:05 +1:27:42] [hb] GRPO still running (1:25:01) | step 117/500 GAP=+0.934
[20:19:07 +1:27:44] step 118/500 reward=+1.000 villain@odd=1.000 villain@even=0.000 GAP=+1.000 ema=+0.947 groupstd=0.000 rate=0.500 32s/step eta 201.3m
[20:19:07 +1:27:44] [warn] group std 0.000 < 0.05: groups near-uniform, advantages ~0 (stalled or converged).
[20:19:29 +1:28:06] grade: 64/64 (100%) 33.2/s eta 0.0m
[20:19:29 +1:28:06] grade: done — 64 samples in 1.9s | stall summary {'n': 1, 'stalls': 0, 'median_secs': 1.9251920000024256, 'max_secs': 1.9251920000024256, 'total_secs': 1.9251920000024256}
[20:19:35 +1:28:12] [hb] GRPO still running (1:25:31) | step 118/500 GAP=+0.947
[20:19:37 +1:28:15] step 119/500 reward=+1.000 villain@odd=1.000 villain@even=0.000 GAP=+1.000 ema=+0.958 groupstd=0.000 rate=0.500 31s/step eta 194.5m
[20:19:37 +1:28:15] [warn] group std 0.000 < 0.05: groups near-uniform, advantages ~0 (stalled or converged).
[20:20:01 +1:28:38] grade: 64/64 (100%) 20.7/s eta 0.0m
[20:20:01 +1:28:38] grade: done — 64 samples in 3.1s | stall summary {'n': 1, 'stalls': 0, 'median_secs': 3.09435559999838, 'max_secs': 3.09435559999838, 'total_secs': 3.09435559999838}
[20:20:05 +1:28:42] [hb] GRPO still running (1:26:01) | step 119/500 GAP=+0.958
[20:20:11 +1:28:49] step 120/500 reward=+0.969 villain@odd=1.000 villain@even=0.031 GAP=+0.969 ema=+0.960 groupstd=0.083 rate=0.516 34s/step eta 215.6m
[20:20:35 +1:29:12] [hb] GRPO still running (1:26:31) | step 120/500 GAP=+0.960
[20:20:39 +1:29:16] grade: 64/64 (100%) 21.5/s eta 0.0m
[20:20:39 +1:29:16] grade: done — 64 samples in 3.0s | stall summary {'n': 1, 'stalls': 0, 'median_secs': 2.9777830000020913, 'max_secs': 2.9777830000020913, 'total_secs': 2.9777830000020913}
[20:20:50 +1:29:27] step 121/500 reward=+1.000 villain@odd=1.000 villain@even=0.000 GAP=+1.000 ema=+0.968 groupstd=0.000 rate=0.500 39s/step eta 243.4m
[20:20:50 +1:29:27] [warn] group std 0.000 < 0.05: groups near-uniform, advantages ~0 (stalled or converged).
[20:21:05 +1:29:42] [hb] GRPO still running (1:27:01) | step 121/500 GAP=+0.968
[20:21:14 +1:29:51] grade: 64/64 (100%) 13.0/s eta 0.0m
[20:21:14 +1:29:51] grade: done — 64 samples in 4.9s | stall summary {'n': 1, 'stalls': 0, 'median_secs': 4.93077970000013, 'max_secs': 4.93077970000013, 'total_secs': 4.93077970000013}
[20:21:22 +1:29:59] step 122/500 reward=+0.969 villain@odd=0.969 villain@even=0.000 GAP=+0.969 ema=+0.968 groupstd=0.083 rate=0.484 32s/step eta 201.1m
[20:21:35 +1:30:12] [hb] GRPO still running (1:27:31) | step 122/500 GAP=+0.968
[20:21:52 +1:30:29] grade: 64/64 (100%) 6.9/s eta 0.0m
[20:21:52 +1:30:29] grade: done — 64 samples in 9.3s | stall summary {'n': 1, 'stalls': 0, 'median_secs': 9.261781399996835, 'max_secs': 9.261781399996835, 'total_secs': 9.261781399996835}
[20:21:59 +1:30:37] step 123/500 reward=+1.000 villain@odd=1.000 villain@even=0.000 GAP=+1.000 ema=+0.974 groupstd=0.000 rate=0.500 38s/step eta 236.9m
[20:21:59 +1:30:37] [warn] group std 0.000 < 0.05: groups near-uniform, advantages ~0 (stalled or converged).
[20:22:05 +1:30:42] [hb] GRPO still running (1:28:01) | step 123/500 GAP=+0.974
[20:22:18 +1:30:56] grade: 64/64 (100%) 25.7/s eta 0.0m
[20:22:18 +1:30:56] grade: done — 64 samples in 2.5s | stall summary {'n': 1, 'stalls': 0, 'median_secs': 2.494220199994743, 'max_secs': 2.494220199994743, 'total_secs': 2.494220199994743}
[20:22:29 +1:31:06] step 124/500 reward=+1.000 villain@odd=1.000 villain@even=0.000 GAP=+1.000 ema=+0.980 groupstd=0.000 rate=0.500 29s/step eta 184.5m
[20:22:29 +1:31:06] [warn] group std 0.000 < 0.05: groups near-uniform, advantages ~0 (stalled or converged).
[20:22:35 +1:31:12] [hb] GRPO still running (1:28:31) | step 124/500 GAP=+0.980
[20:22:58 +1:31:35] grade: 64/64 (100%) 29.3/s eta 0.0m
[20:22:58 +1:31:35] grade: done — 64 samples in 2.2s | stall summary {'n': 1, 'stalls': 0, 'median_secs': 2.181274599999597, 'max_secs': 2.181274599999597, 'total_secs': 2.181274599999597}
[20:23:05 +1:31:42] [hb] GRPO still running (1:29:01) | step 124/500 GAP=+0.980
[20:23:07 +1:31:44] step 125/500 reward=+1.000 villain@odd=1.000 villain@even=0.000 GAP=+1.000 ema=+0.984 groupstd=0.000 rate=0.500 38s/step eta 239.2m
[20:23:07 +1:31:44] [warn] group std 0.000 < 0.05: groups near-uniform, advantages ~0 (stalled or converged).
[20:23:07 +1:31:44] === BEGIN eval @ step 125 ===
[20:23:21 +1:31:58] eval[mid]: 32/200 (16%) 2.8/s eta 1.0m
[20:23:27 +1:32:04] eval[mid]: 64/200 (32%) 3.7/s eta 0.6m
[20:23:35 +1:32:12] [hb] GRPO still running (1:29:31) | step 125/500 GAP=+0.984
[20:23:37 +1:32:14] [hb] eval @ step 125 still running (0:00:30)
[20:23:38 +1:32:15] eval[mid]: 96/200 (48%) 3.4/s eta 0.5m
[20:23:40 +1:32:17] [hb] eval[mid] still running (0:00:30) | 96/200 (3.4/s, eta 0.5m)
[20:23:44 +1:32:22] eval[mid]: 128/200 (64%) 3.7/s eta 0.3m
[20:23:51 +1:32:28] eval[mid]: 160/200 (80%) 3.9/s eta 0.2m
[20:23:58 +1:32:35] eval[mid]: 192/200 (96%) 4.0/s eta 0.0m
[20:24:03 +1:32:40] eval[mid]: 200/200 (100%) 3.8/s eta 0.0m
[20:24:03 +1:32:40] eval[mid]: done — 200 samples in 53.3s | stall summary {'n': 7, 'stalls': 0, 'median_secs': 6.415794799999276, 'max_secs': 11.351594200001273, 'total_secs': 53.31594420000329}
[20:24:05 +1:32:42] [hb] GRPO still running (1:30:01) | step 125/500 GAP=+0.984
[20:24:06 +1:32:43] grade: 64/200 (32%) 23.3/s eta 0.1m
[20:24:07 +1:32:44] [hb] eval @ step 125 still running (0:01:00)
[20:24:11 +1:32:48] grade: 128/200 (64%) 16.9/s eta 0.1m
[20:24:17 +1:32:54] grade: 192/200 (96%) 14.0/s eta 0.0m
[20:24:23 +1:33:00] grade: 200/200 (100%) 10.2/s eta 0.0m
[20:24:23 +1:33:00] grade: done — 200 samples in 19.6s | stall summary {'n': 4, 'stalls': 0, 'median_secs': 5.3793724499992095, 'max_secs': 6.129140000004554, 'total_secs': 19.63690040000074}
[20:24:23 +1:33:00]   EVAL[mid] step 125: villain@pos=0.970 villain@neg=0.040 GAP=+0.930 (n=200, held-out problems)
[20:24:23 +1:33:00]   EVAL[mid] step 125: INCONSISTENT-only villain@pos=0.889 villain@neg=0.062 GAP=+0.826 (n=43: 27 pos / 16 neg)
[20:24:23 +1:33:00]   EVAL[mid] step 125: readout(is-53) 1.000 CI[0.796,1.000] n=15 | consistent n/a | INCONSISTENT 1.000 CI[0.796,1.000] n=15
[20:24:23 +1:33:00] === END eval @ step 125 (0:01:15) ===
[20:24:35 +1:33:12] [hb] GRPO still running (1:30:31) | step 125/500 GAP=+0.984
[20:24:36 +1:33:14] checkpoint @step 125: tinker://f0a601e7-4c97-5205-813d-b01a46dc2286:train:0/weights/v53night-s125
[20:24:59 +1:33:36] grade: 64/64 (100%) 14.4/s eta 0.0m
[20:24:59 +1:33:36] grade: done — 64 samples in 4.4s | stall summary {'n': 1, 'stalls': 0, 'median_secs': 4.446175099998072, 'max_secs': 4.446175099998072, 'total_secs': 4.446175099998072}
[20:25:05 +1:33:42] [hb] GRPO still running (1:31:01) | step 125/500 GAP=+0.984
[20:25:10 +1:33:47] step 126/500 reward=+1.000 villain@odd=1.000 villain@even=0.000 GAP=+1.000 ema=+0.987 groupstd=0.000 rate=0.500 33s/step eta 207.3m
[20:25:10 +1:33:47] [warn] group std 0.000 < 0.05: groups near-uniform, advantages ~0 (stalled or converged).
[20:25:35 +1:34:12] [hb] GRPO still running (1:31:31) | step 126/500 GAP=+0.987
[20:25:43 +1:34:20] grade: 64/64 (100%) 24.7/s eta 0.0m
[20:25:43 +1:34:20] grade: done — 64 samples in 2.6s | stall summary {'n': 1, 'stalls': 0, 'median_secs': 2.5862963999970816, 'max_secs': 2.5862963999970816, 'total_secs': 2.5862963999970816}
[20:25:54 +1:34:31] step 127/500 reward=+1.000 villain@odd=1.000 villain@even=0.000 GAP=+1.000 ema=+0.990 groupstd=0.000 rate=0.500 44s/step eta 274.2m
[20:25:54 +1:34:31] [warn] group std 0.000 < 0.05: groups near-uniform, advantages ~0 (stalled or converged).
[20:26:05 +1:34:42] [hb] GRPO still running (1:32:01) | step 127/500 GAP=+0.990
[20:26:18 +1:34:55] grade: 64/64 (100%) 30.3/s eta 0.0m
[20:26:18 +1:34:55] grade: done — 64 samples in 2.1s | stall summary {'n': 1, 'stalls': 0, 'median_secs': 2.1117750000048545, 'max_secs': 2.1117750000048545, 'total_secs': 2.1117750000048545}
[20:26:28 +1:35:06] step 128/500 reward=+1.000 villain@odd=1.000 villain@even=0.000 GAP=+1.000 ema=+0.992 groupstd=0.000 rate=0.500 35s/step eta 213.9m
[20:26:28 +1:35:06] [warn] group std 0.000 < 0.05: groups near-uniform, advantages ~0 (stalled or converged).
[20:26:35 +1:35:12] [hb] GRPO still running (1:32:31) | step 128/500 GAP=+0.992
[20:26:51 +1:35:28] grade: 64/64 (100%) 12.2/s eta 0.0m
[20:26:51 +1:35:28] grade: done — 64 samples in 5.2s | stall summary {'n': 1, 'stalls': 0, 'median_secs': 5.239768299994466, 'max_secs': 5.239768299994466, 'total_secs': 5.239768299994466}
[20:27:01 +1:35:38] step 129/500 reward=+0.906 villain@odd=1.000 villain@even=0.094 GAP=+0.906 ema=+0.975 groupstd=0.121 rate=0.547 32s/step eta 200.1m
[20:27:05 +1:35:42] [hb] GRPO still running (1:33:01) | step 129/500 GAP=+0.975
[20:27:21 +1:35:59] grade: 64/64 (100%) 32.8/s eta 0.0m
[20:27:21 +1:35:59] grade: done — 64 samples in 2.0s | stall summary {'n': 1, 'stalls': 0, 'median_secs': 1.9510876999993343, 'max_secs': 1.9510876999993343, 'total_secs': 1.9510876999993343}
[20:27:30 +1:36:07] step 130/500 reward=+1.000 villain@odd=1.000 villain@even=0.000 GAP=+1.000 ema=+0.980 groupstd=0.000 rate=0.500 29s/step eta 181.0m
[20:27:30 +1:36:07] [warn] group std 0.000 < 0.05: groups near-uniform, advantages ~0 (stalled or converged).
[20:27:35 +1:36:12] [hb] GRPO still running (1:33:31) | step 130/500 GAP=+0.980
[20:27:56 +1:36:33] grade: 64/64 (100%) 25.2/s eta 0.0m
[20:27:56 +1:36:33] grade: done — 64 samples in 2.5s | stall summary {'n': 1, 'stalls': 0, 'median_secs': 2.543656000001647, 'max_secs': 2.543656000001647, 'total_secs': 2.543656000001647}
[20:28:05 +1:36:42] [hb] GRPO still running (1:34:01) | step 130/500 GAP=+0.980
[20:28:09 +1:36:46] step 131/500 reward=+1.000 villain@odd=1.000 villain@even=0.000 GAP=+1.000 ema=+0.984 groupstd=0.000 rate=0.500 39s/step eta 240.2m
[20:28:09 +1:36:46] [warn] group std 0.000 < 0.05: groups near-uniform, advantages ~0 (stalled or converged).
[20:28:33 +1:37:10] grade: 64/64 (100%) 27.9/s eta 0.0m
[20:28:33 +1:37:10] grade: done — 64 samples in 2.3s | stall summary {'n': 1, 'stalls': 0, 'median_secs': 2.291032200002519, 'max_secs': 2.291032200002519, 'total_secs': 2.291032200002519}
[20:28:35 +1:37:12] [hb] GRPO still running (1:34:31) | step 131/500 GAP=+0.984
[20:28:42 +1:37:19] step 132/500 reward=+1.000 villain@odd=1.000 villain@even=0.000 GAP=+1.000 ema=+0.987 groupstd=0.000 rate=0.500 33s/step eta 202.2m
[20:28:42 +1:37:19] [warn] group std 0.000 < 0.05: groups near-uniform, advantages ~0 (stalled or converged).
[20:29:05 +1:37:42] [hb] GRPO still running (1:35:01) | step 132/500 GAP=+0.987
[20:29:10 +1:37:47] grade: 64/64 (100%) 6.9/s eta 0.0m
[20:29:10 +1:37:47] grade: done — 64 samples in 9.3s | stall summary {'n': 1, 'stalls': 0, 'median_secs': 9.322234999999637, 'max_secs': 9.322234999999637, 'total_secs': 9.322234999999637}
[20:29:20 +1:37:58] step 133/500 reward=+1.000 villain@odd=1.000 villain@even=0.000 GAP=+1.000 ema=+0.990 groupstd=0.000 rate=0.500 38s/step eta 234.5m
[20:29:20 +1:37:58] [warn] group std 0.000 < 0.05: groups near-uniform, advantages ~0 (stalled or converged).
[20:29:35 +1:38:12] [hb] GRPO still running (1:35:31) | step 133/500 GAP=+0.990
[20:29:40 +1:38:17] grade: 64/64 (100%) 27.0/s eta 0.0m
[20:29:40 +1:38:17] grade: done — 64 samples in 2.4s | stall summary {'n': 1, 'stalls': 0, 'median_secs': 2.371366700004728, 'max_secs': 2.371366700004728, 'total_secs': 2.371366700004728}
[20:29:49 +1:38:26] step 134/500 reward=+1.000 villain@odd=1.000 villain@even=0.000 GAP=+1.000 ema=+0.992 groupstd=0.000 rate=0.500 28s/step eta 172.9m
[20:29:49 +1:38:26] [warn] group std 0.000 < 0.05: groups near-uniform, advantages ~0 (stalled or converged).
[20:30:05 +1:38:42] [hb] GRPO still running (1:36:01) | step 134/500 GAP=+0.992
[20:30:10 +1:38:48] grade: 64/64 (100%) 11.9/s eta 0.0m
[20:30:10 +1:38:48] grade: done — 64 samples in 5.4s | stall summary {'n': 1, 'stalls': 0, 'median_secs': 5.375843400004669, 'max_secs': 5.375843400004669, 'total_secs': 5.375843400004669}
[20:30:18 +1:38:56] step 135/500 reward=+1.000 villain@odd=1.000 villain@even=0.000 GAP=+1.000 ema=+0.993 groupstd=0.000 rate=0.500 30s/step eta 179.6m
[20:30:18 +1:38:56] [warn] group std 0.000 < 0.05: groups near-uniform, advantages ~0 (stalled or converged).
[20:30:35 +1:39:12] [hb] GRPO still running (1:36:31) | step 135/500 GAP=+0.993
[20:30:39 +1:39:16] grade: 64/64 (100%) 21.9/s eta 0.0m
[20:30:39 +1:39:16] grade: done — 64 samples in 2.9s | stall summary {'n': 1, 'stalls': 0, 'median_secs': 2.9167951999988873, 'max_secs': 2.9167951999988873, 'total_secs': 2.9167951999988873}
[20:30:48 +1:39:26] step 136/500 reward=+1.000 villain@odd=1.000 villain@even=0.000 GAP=+1.000 ema=+0.995 groupstd=0.000 rate=0.500 30s/step eta 182.7m
[20:30:48 +1:39:26] [warn] group std 0.000 < 0.05: groups near-uniform, advantages ~0 (stalled or converged).
[20:31:05 +1:39:42] [hb] GRPO still running (1:37:01) | step 136/500 GAP=+0.995
[20:31:17 +1:39:55] grade: 64/64 (100%) 7.5/s eta 0.0m
[20:31:17 +1:39:55] grade: done — 64 samples in 8.5s | stall summary {'n': 1, 'stalls': 0, 'median_secs': 8.543800300001749, 'max_secs': 8.543800300001749, 'total_secs': 8.543800300001749}
[20:31:25 +1:40:03] step 137/500 reward=+0.969 villain@odd=0.969 villain@even=0.000 GAP=+0.969 ema=+0.989 groupstd=0.083 rate=0.484 37s/step eta 223.4m
[20:31:35 +1:40:12] [hb] GRPO still running (1:37:31) | step 137/500 GAP=+0.989
[20:32:05 +1:40:42] [hb] GRPO still running (1:38:01) | step 137/500 GAP=+0.989
[20:32:06 +1:40:43] grade: 64/64 (100%) 2.7/s eta 0.0m
[20:32:06 +1:40:43] grade: done — 64 samples in 23.8s | stall summary {'n': 1, 'stalls': 0, 'median_secs': 23.774572900001658, 'max_secs': 23.774572900001658, 'total_secs': 23.774572900001658}
[20:32:18 +1:40:55] step 138/500 reward=+1.000 villain@odd=1.000 villain@even=0.000 GAP=+1.000 ema=+0.992 groupstd=0.000 rate=0.500 53s/step eta 317.1m
[20:32:18 +1:40:55] [warn] group std 0.000 < 0.05: groups near-uniform, advantages ~0 (stalled or converged).
[20:32:35 +1:41:12] [hb] GRPO still running (1:38:31) | step 138/500 GAP=+0.992
[20:33:05 +1:41:42] [hb] GRPO still running (1:39:01) | step 138/500 GAP=+0.992
[20:33:12 +1:41:50] grade: 64/64 (100%) 18.7/s eta 0.0m
[20:33:12 +1:41:50] grade: done — 64 samples in 3.4s | stall summary {'n': 1, 'stalls': 0, 'median_secs': 3.415405499996268, 'max_secs': 3.415405499996268, 'total_secs': 3.415405499996268}
[20:33:26 +1:42:03] step 139/500 reward=+0.969 villain@odd=0.969 villain@even=0.000 GAP=+0.969 ema=+0.987 groupstd=0.083 rate=0.484 68s/step eta 407.7m
[20:33:35 +1:42:12] [hb] GRPO still running (1:39:31) | step 139/500 GAP=+0.987
[20:34:05 +1:42:42] [hb] GRPO still running (1:40:01) | step 139/500 GAP=+0.987
[20:34:35 +1:43:13] [hb] GRPO still running (1:40:31) | step 139/500 GAP=+0.987
[20:35:05 +1:43:43] [hb] GRPO still running (1:41:01) | step 139/500 GAP=+0.987
[20:35:35 +1:44:13] [hb] GRPO still running (1:41:31) | step 139/500 GAP=+0.987
[20:36:05 +1:44:43] [hb] GRPO still running (1:42:01) | step 139/500 GAP=+0.987
[20:36:35 +1:45:13] [hb] GRPO still running (1:42:31) | step 139/500 GAP=+0.987
[20:37:05 +1:45:43] [hb] GRPO still running (1:43:01) | step 139/500 GAP=+0.987
[20:37:35 +1:46:13] [hb] GRPO still running (1:43:31) | step 139/500 GAP=+0.987
[20:37:51 +1:46:30] [hb] grade still running (0:00:30)
[20:38:04 +1:46:43] [hb] GRPO still running (1:44:01) | step 139/500 GAP=+0.987
[20:38:21 +1:47:00] [hb] grade still running (0:01:00)
[20:38:34 +1:47:13] [hb] GRPO still running (1:44:31) | step 139/500 GAP=+0.987
[20:38:46 +1:47:25] grade: 64/64 (100%) 0.8/s eta 0.0m
[20:38:46 +1:47:25] grade: done — 64 samples in 84.7s | stall summary {'n': 1, 'stalls': 0, 'median_secs': 84.72346169999946, 'max_secs': 84.72346169999946, 'total_secs': 84.72346169999946}
[20:38:54 +1:47:33] [warn] SLOW rl step: 329.7s (9.3x median 35.6s) [stall #1]
[20:38:54 +1:47:33] step 140/500 reward=+1.000 villain@odd=1.000 villain@even=0.000 GAP=+1.000 ema=+0.990 groupstd=0.000 rate=0.500 330s/step eta 1978.4m
[20:38:54 +1:47:33] [warn] group std 0.000 < 0.05: groups near-uniform, advantages ~0 (stalled or converged).
[20:39:04 +1:47:43] [hb] GRPO still running (1:45:01) | step 140/500 GAP=+0.990
[20:39:34 +1:48:13] [hb] GRPO still running (1:45:31) | step 140/500 GAP=+0.990
[20:39:55 +1:48:34] grade: 64/64 (100%) 10.9/s eta 0.0m
[20:39:55 +1:48:34] grade: done — 64 samples in 5.9s | stall summary {'n': 1, 'stalls': 0, 'median_secs': 5.870394300000044, 'max_secs': 5.870394300000044, 'total_secs': 5.870394300000044}
[20:40:04 +1:48:43] [hb] GRPO still running (1:46:01) | step 140/500 GAP=+0.990
[20:40:05 +1:48:44] step 141/500 reward=+1.000 villain@odd=1.000 villain@even=0.000 GAP=+1.000 ema=+0.992 groupstd=0.000 rate=0.500 72s/step eta 428.2m
[20:40:05 +1:48:44] [warn] group std 0.000 < 0.05: groups near-uniform, advantages ~0 (stalled or converged).
[20:40:34 +1:49:13] [hb] GRPO still running (1:46:31) | step 141/500 GAP=+0.992
[20:40:42 +1:49:21] grade: 64/64 (100%) 6.3/s eta 0.0m
[20:40:42 +1:49:21] grade: done — 64 samples in 10.2s | stall summary {'n': 1, 'stalls': 0, 'median_secs': 10.190883499999472, 'max_secs': 10.190883499999472, 'total_secs': 10.190883499999472}
[20:40:50 +1:49:29] step 142/500 reward=+0.844 villain@odd=0.844 villain@even=0.000 GAP=+0.844 ema=+0.962 groupstd=0.121 rate=0.422 44s/step eta 265.0m
[20:41:04 +1:49:43] [hb] GRPO still running (1:47:01) | step 142/500 GAP=+0.962
[20:41:15 +1:49:53] grade: 64/64 (100%) 28.7/s eta 0.0m
[20:41:15 +1:49:53] grade: done — 64 samples in 2.2s | stall summary {'n': 1, 'stalls': 0, 'median_secs': 2.22781109999778, 'max_secs': 2.22781109999778, 'total_secs': 2.22781109999778}
[20:41:25 +1:50:04] step 143/500 reward=+1.000 villain@odd=1.000 villain@even=0.000 GAP=+1.000 ema=+0.970 groupstd=0.000 rate=0.500 35s/step eta 207.9m
[20:41:25 +1:50:04] [warn] group std 0.000 < 0.05: groups near-uniform, advantages ~0 (stalled or converged).
[20:41:34 +1:50:13] [hb] GRPO still running (1:47:31) | step 143/500 GAP=+0.970
[20:41:57 +1:50:36] grade: 64/64 (100%) 26.8/s eta 0.0m
[20:41:57 +1:50:36] grade: done — 64 samples in 2.4s | stall summary {'n': 1, 'stalls': 0, 'median_secs': 2.3887177999931737, 'max_secs': 2.3887177999931737, 'total_secs': 2.3887177999931737}
[20:42:04 +1:50:43] [hb] GRPO still running (1:48:01) | step 143/500 GAP=+0.970
[20:42:07 +1:50:46] step 144/500 reward=+0.969 villain@odd=0.969 villain@even=0.000 GAP=+0.969 ema=+0.969 groupstd=0.083 rate=0.484 42s/step eta 251.9m
[20:42:34 +1:51:13] [hb] GRPO still running (1:48:31) | step 144/500 GAP=+0.969
[20:43:04 +1:51:43] [hb] GRPO still running (1:49:01) | step 144/500 GAP=+0.969
[20:43:34 +1:52:13] [hb] GRPO still running (1:49:31) | step 144/500 GAP=+0.969
[20:43:41 +1:52:20] [hb] grade still running (0:00:30)
[20:44:01 +1:52:40] grade: 64/64 (100%) 1.3/s eta 0.0m
[20:44:01 +1:52:40] grade: done — 64 samples in 49.7s | stall summary {'n': 1, 'stalls': 0, 'median_secs': 49.65889040000184, 'max_secs': 49.65889040000184, 'total_secs': 49.65889040000184}
[20:44:04 +1:52:43] [hb] GRPO still running (1:50:01) | step 144/500 GAP=+0.969
[20:44:11 +1:52:50] step 145/500 reward=+1.000 villain@odd=1.000 villain@even=0.000 GAP=+1.000 ema=+0.976 groupstd=0.000 rate=0.500 124s/step eta 734.0m
[20:44:11 +1:52:50] [warn] group std 0.000 < 0.05: groups near-uniform, advantages ~0 (stalled or converged).
[20:44:34 +1:53:13] [hb] GRPO still running (1:50:31) | step 145/500 GAP=+0.976
[20:45:04 +1:53:42] grade: 64/64 (100%) 4.7/s eta 0.0m
[20:45:04 +1:53:42] grade: done — 64 samples in 13.6s | stall summary {'n': 1, 'stalls': 0, 'median_secs': 13.601260100003856, 'max_secs': 13.601260100003856, 'total_secs': 13.601260100003856}
[20:45:04 +1:53:43] [hb] GRPO still running (1:51:01) | step 145/500 GAP=+0.976
[20:45:14 +1:53:53] step 146/500 reward=+1.000 villain@odd=1.000 villain@even=0.000 GAP=+1.000 ema=+0.980 groupstd=0.000 rate=0.500 63s/step eta 370.0m
[20:45:14 +1:53:53] [warn] group std 0.000 < 0.05: groups near-uniform, advantages ~0 (stalled or converged).
[20:45:34 +1:54:13] [hb] GRPO still running (1:51:31) | step 146/500 GAP=+0.980
[20:46:04 +1:54:43] [hb] GRPO still running (1:52:01) | step 146/500 GAP=+0.980
[20:46:18 +1:54:57] grade: 64/64 (100%) 12.1/s eta 0.0m
[20:46:18 +1:54:57] grade: done — 64 samples in 5.3s | stall summary {'n': 1, 'stalls': 0, 'median_secs': 5.2970113000046695, 'max_secs': 5.2970113000046695, 'total_secs': 5.2970113000046695}
[20:46:28 +1:55:07] step 147/500 reward=+0.969 villain@odd=1.000 villain@even=0.031 GAP=+0.969 ema=+0.978 groupstd=0.083 rate=0.516 74s/step eta 437.6m
[20:46:34 +1:55:13] [hb] GRPO still running (1:52:31) | step 147/500 GAP=+0.978
[20:47:04 +1:55:43] [hb] GRPO still running (1:53:01) | step 147/500 GAP=+0.978
[20:47:34 +1:56:13] [hb] GRPO still running (1:53:31) | step 147/500 GAP=+0.978
[20:47:40 +1:56:19] [hb] grade still running (0:00:30)
[20:48:04 +1:56:43] [hb] GRPO still running (1:54:01) | step 147/500 GAP=+0.978
[20:48:10 +1:56:49] [hb] grade still running (0:01:00)
[20:48:11 +1:56:49] grade: 64/64 (100%) 1.1/s eta 0.0m
[20:48:11 +1:56:49] grade: done — 64 samples in 60.5s | stall summary {'n': 1, 'stalls': 0, 'median_secs': 60.51516229999834, 'max_secs': 60.51516229999834, 'total_secs': 60.51516229999834}
[20:48:20 +1:56:59] step 148/500 reward=+0.531 villain@odd=0.531 villain@even=0.000 GAP=+0.531 ema=+0.889 groupstd=0.083 rate=0.266 111s/step eta 654.0m
[20:48:34 +1:57:13] [hb] GRPO still running (1:54:32) | step 148/500 GAP=+0.889
[20:49:04 +1:57:43] [hb] GRPO still running (1:55:02) | step 148/500 GAP=+0.889
[20:49:19 +1:57:58] [hb] grade still running (0:00:30)
[20:49:29 +1:58:08] grade: 64/64 (100%) 1.6/s eta 0.0m
[20:49:29 +1:58:08] grade: done — 64 samples in 40.5s | stall summary {'n': 1, 'stalls': 0, 'median_secs': 40.46549400000367, 'max_secs': 40.46549400000367, 'total_secs': 40.46549400000367}
[20:49:34 +1:58:13] [hb] GRPO still running (1:55:32) | step 148/500 GAP=+0.889
[20:49:37 +1:58:16] step 149/500 reward=+0.750 villain@odd=0.750 villain@even=0.000 GAP=+0.750 ema=+0.861 groupstd=0.000 rate=0.375 77s/step eta 451.7m
[20:49:37 +1:58:16] [warn] group std 0.000 < 0.05: groups near-uniform, advantages ~0 (stalled or converged).
[20:50:04 +1:58:43] [hb] GRPO still running (1:56:02) | step 149/500 GAP=+0.861
[20:50:34 +1:59:13] [hb] GRPO still running (1:56:32) | step 149/500 GAP=+0.861
[20:50:54 +1:59:33] grade: 64/64 (100%) 3.8/s eta 0.0m
[20:50:54 +1:59:33] grade: done — 64 samples in 16.7s | stall summary {'n': 1, 'stalls': 0, 'median_secs': 16.70663179999974, 'max_secs': 16.70663179999974, 'total_secs': 16.70663179999974}
[20:51:02 +1:59:41] step 150/500 reward=+0.500 villain@odd=0.750 villain@even=0.250 GAP=+0.500 ema=+0.789 groupstd=0.000 rate=0.500 85s/step eta 494.4m
[20:51:02 +1:59:41] [warn] group std 0.000 < 0.05: groups near-uniform, advantages ~0 (stalled or converged).
[20:51:02 +1:59:41] === BEGIN eval @ step 150 ===
[20:51:04 +1:59:43] [hb] GRPO still running (1:57:02) | step 150/500 GAP=+0.789
[20:51:32 +2:00:11] [hb] eval @ step 150 still running (0:00:30)
[20:51:34 +2:00:13] [hb] GRPO still running (1:57:32) | step 150/500 GAP=+0.789
[20:51:36 +2:00:15] [hb] eval[mid] still running (0:00:30)
[20:51:42 +2:00:21] eval[mid]: 32/200 (16%) 0.9/s eta 3.2m
[20:51:55 +2:00:34] eval[mid]: 64/200 (32%) 1.3/s eta 1.8m
[20:52:02 +2:00:41] [hb] eval @ step 150 still running (0:01:00)
[20:52:04 +2:00:43] [hb] GRPO still running (1:58:02) | step 150/500 GAP=+0.789
[20:52:05 +2:00:44] eval[mid]: 96/200 (48%) 1.6/s eta 1.1m
[20:52:06 +2:00:45] [hb] eval[mid] still running (0:01:00) | 96/200 (1.6/s, eta 1.1m)
[20:52:17 +2:00:56] eval[mid]: 128/200 (64%) 1.8/s eta 0.7m
[20:52:28 +2:01:07] eval[mid]: 160/200 (80%) 2.0/s eta 0.3m
[20:52:32 +2:01:11] [hb] eval @ step 150 still running (0:01:30)
[20:52:34 +2:01:13] [hb] GRPO still running (1:58:32) | step 150/500 GAP=+0.789
[20:52:36 +2:01:15] [hb] eval[mid] still running (0:01:30) | 160/200 (2.0/s, eta 0.3m)
[20:52:39 +2:01:18] eval[mid]: 192/200 (96%) 2.1/s eta 0.1m
[20:52:52 +2:01:30] eval[mid]: 200/200 (100%) 1.9/s eta 0.0m
[20:52:52 +2:01:30] eval[mid]: done — 200 samples in 105.7s | stall summary {'n': 7, 'stalls': 0, 'median_secs': 11.322194599997601, 'max_secs': 36.13214629999857, 'total_secs': 105.70569079999404}
[20:53:02 +2:01:41] [hb] eval @ step 150 still running (0:02:00)
[20:53:04 +2:01:43] [hb] GRPO still running (1:59:02) | step 150/500 GAP=+0.789
[20:53:11 +2:01:50] grade: 64/200 (32%) 3.3/s eta 0.7m
[20:53:14 +2:01:53] grade: 128/200 (64%) 5.6/s eta 0.2m
[20:53:22 +2:02:00] [hb] grade still running (0:00:30) | 128/200 (5.6/s, eta 0.2m)
[20:53:32 +2:02:11] [hb] eval @ step 150 still running (0:02:30)
[20:53:34 +2:02:13] [hb] GRPO still running (1:59:32) | step 150/500 GAP=+0.789
[20:53:52 +2:02:31] [hb] grade still running (0:01:00) | 128/200 (5.6/s, eta 0.2m)
[20:53:58 +2:02:37] grade: 192/200 (96%) 2.9/s eta 0.0m
[20:54:02 +2:02:41] [hb] eval @ step 150 still running (0:03:00)
[20:54:04 +2:02:43] [hb] GRPO still running (2:00:02) | step 150/500 GAP=+0.789
[20:54:12 +2:02:51] grade: 200/200 (100%) 2.5/s eta 0.0m
[20:54:12 +2:02:51] grade: done — 200 samples in 80.3s | stall summary {'n': 4, 'stalls': 0, 'median_secs': 16.401871949998167, 'max_secs': 44.16643300000578, 'total_secs': 80.34083839999948}
[20:54:12 +2:02:51]   EVAL[mid] step 150: villain@pos=0.980 villain@neg=0.050 GAP=+0.930 (n=200, held-out problems)
[20:54:12 +2:02:51]   EVAL[mid] step 150: INCONSISTENT-only villain@pos=0.926 villain@neg=0.125 GAP=+0.801 (n=43: 27 pos / 16 neg)
[20:54:12 +2:02:51]   EVAL[mid] step 150: readout(is-53) 1.000 CI[0.806,1.000] n=16 | consistent 1.000 CI[0.342,1.000] n=2 | INCONSISTENT 1.000 CI[0.785,1.000] n=14
[20:54:12 +2:02:51] === END eval @ step 150 (0:03:10) ===
[20:54:17 +2:02:56] checkpoint @step 150: tinker://f0a601e7-4c97-5205-813d-b01a46dc2286:train:0/weights/v53night-s150
[20:54:34 +2:03:13] [hb] GRPO still running (2:00:32) | step 150/500 GAP=+0.789
[20:55:04 +2:03:43] [hb] GRPO still running (2:01:02) | step 150/500 GAP=+0.789
[20:55:09 +2:03:48] grade: 64/64 (100%) 2.3/s eta 0.0m
[20:55:09 +2:03:48] grade: done — 64 samples in 28.2s | stall summary {'n': 1, 'stalls': 0, 'median_secs': 28.239956799996435, 'max_secs': 28.239956799996435, 'total_secs': 28.239956799996435}
[20:55:22 +2:04:01] step 151/500 reward=+1.000 villain@odd=1.000 villain@even=0.000 GAP=+1.000 ema=+0.831 groupstd=0.000 rate=0.500 64s/step eta 374.4m
[20:55:22 +2:04:01] [warn] group std 0.000 < 0.05: groups near-uniform, advantages ~0 (stalled or converged).
[20:55:34 +2:04:13] [hb] GRPO still running (2:01:32) | step 151/500 GAP=+0.831
[20:56:04 +2:04:43] [hb] GRPO still running (2:02:02) | step 151/500 GAP=+0.831
[20:56:08 +2:04:47] grade: 64/64 (100%) 4.7/s eta 0.0m
[20:56:08 +2:04:47] grade: done — 64 samples in 13.5s | stall summary {'n': 1, 'stalls': 0, 'median_secs': 13.532309700000042, 'max_secs': 13.532309700000042, 'total_secs': 13.532309700000042}
[20:56:16 +2:04:54] step 152/500 reward=+0.938 villain@odd=1.000 villain@even=0.062 GAP=+0.938 ema=+0.852 groupstd=0.165 rate=0.531 54s/step eta 311.4m
[20:56:34 +2:05:13] [hb] GRPO still running (2:02:32) | step 152/500 GAP=+0.852
[20:56:58 +2:05:37] grade: 64/64 (100%) 3.8/s eta 0.0m
[20:56:58 +2:05:37] grade: done — 64 samples in 17.0s | stall summary {'n': 1, 'stalls': 0, 'median_secs': 16.9700926000005, 'max_secs': 16.9700926000005, 'total_secs': 16.9700926000005}
[20:57:04 +2:05:43] [hb] GRPO still running (2:03:02) | step 152/500 GAP=+0.852
[20:57:08 +2:05:46] step 153/500 reward=+1.000 villain@odd=1.000 villain@even=0.000 GAP=+1.000 ema=+0.882 groupstd=0.000 rate=0.500 52s/step eta 300.6m
[20:57:08 +2:05:46] [warn] group std 0.000 < 0.05: groups near-uniform, advantages ~0 (stalled or converged).
[20:57:34 +2:06:13] [hb] GRPO still running (2:03:32) | step 153/500 GAP=+0.882
[20:57:59 +2:06:38] grade: 64/64 (100%) 2.1/s eta 0.0m
[20:57:59 +2:06:38] grade: done — 64 samples in 29.8s | stall summary {'n': 1, 'stalls': 0, 'median_secs': 29.773190600004455, 'max_secs': 29.773190600004455, 'total_secs': 29.773190600004455}
[20:58:04 +2:06:43] [hb] GRPO still running (2:04:02) | step 153/500 GAP=+0.882
[20:58:07 +2:06:46] step 154/500 reward=+0.594 villain@odd=1.000 villain@even=0.406 GAP=+0.594 ema=+0.824 groupstd=0.316 rate=0.703 59s/step eta 341.8m
[20:58:34 +2:07:13] [hb] GRPO still running (2:04:32) | step 154/500 GAP=+0.824
[20:58:38 +2:07:17] grade: 64/64 (100%) 8.4/s eta 0.0m
[20:58:38 +2:07:17] grade: done — 64 samples in 7.6s | stall summary {'n': 1, 'stalls': 0, 'median_secs': 7.64071430000331, 'max_secs': 7.64071430000331, 'total_secs': 7.64071430000331}
[20:58:46 +2:07:25] step 155/500 reward=+1.000 villain@odd=1.000 villain@even=0.000 GAP=+1.000 ema=+0.859 groupstd=0.000 rate=0.500 39s/step eta 223.7m
[20:58:46 +2:07:25] [warn] group std 0.000 < 0.05: groups near-uniform, advantages ~0 (stalled or converged).
[20:59:04 +2:07:43] [hb] GRPO still running (2:05:02) | step 155/500 GAP=+0.859
[20:59:34 +2:08:13] grade: 64/64 (100%) 2.3/s eta 0.0m
[20:59:34 +2:08:13] grade: done — 64 samples in 27.4s | stall summary {'n': 1, 'stalls': 0, 'median_secs': 27.389540999996825, 'max_secs': 27.389540999996825, 'total_secs': 27.389540999996825}
[20:59:34 +2:08:13] [hb] GRPO still running (2:05:32) | step 155/500 GAP=+0.859
[20:59:43 +2:08:22] step 156/500 reward=+0.625 villain@odd=1.000 villain@even=0.375 GAP=+0.625 ema=+0.813 groupstd=0.125 rate=0.688 57s/step eta 328.9m
[21:00:04 +2:08:43] [hb] GRPO still running (2:06:02) | step 156/500 GAP=+0.813
[21:00:19 +2:08:58] grade: 64/64 (100%) 5.2/s eta 0.0m
[21:00:19 +2:08:58] grade: done — 64 samples in 12.2s | stall summary {'n': 1, 'stalls': 0, 'median_secs': 12.218256099993596, 'max_secs': 12.218256099993596, 'total_secs': 12.218256099993596}
[21:00:30 +2:09:09] step 157/500 reward=+0.969 villain@odd=1.000 villain@even=0.031 GAP=+0.969 ema=+0.844 groupstd=0.083 rate=0.516 47s/step eta 269.7m
[21:00:34 +2:09:13] [hb] GRPO still running (2:06:32) | step 157/500 GAP=+0.844
[21:01:04 +2:09:43] [hb] GRPO still running (2:07:02) | step 157/500 GAP=+0.844
[21:01:12 +2:09:51] grade: 64/64 (100%) 3.9/s eta 0.0m
[21:01:12 +2:09:51] grade: done — 64 samples in 16.5s | stall summary {'n': 1, 'stalls': 0, 'median_secs': 16.536734199995408, 'max_secs': 16.536734199995408, 'total_secs': 16.536734199995408}
[21:01:22 +2:10:01] step 158/500 reward=+0.750 villain@odd=0.781 villain@even=0.031 GAP=+0.750 ema=+0.825 groupstd=0.165 rate=0.406 51s/step eta 292.5m
[21:01:34 +2:10:13] [hb] GRPO still running (2:07:32) | step 158/500 GAP=+0.825
[21:02:04 +2:10:43] [hb] GRPO still running (2:08:02) | step 158/500 GAP=+0.825
[21:02:18 +2:10:57] grade: 64/64 (100%) 2.4/s eta 0.0m
[21:02:18 +2:10:57] grade: done — 64 samples in 26.8s | stall summary {'n': 1, 'stalls': 0, 'median_secs': 26.759834199998295, 'max_secs': 26.759834199998295, 'total_secs': 26.759834199998295}
[21:02:27 +2:11:06] step 159/500 reward=+1.000 villain@odd=1.000 villain@even=0.000 GAP=+1.000 ema=+0.860 groupstd=0.000 rate=0.500 65s/step eta 369.8m
[21:02:27 +2:11:06] [warn] group std 0.000 < 0.05: groups near-uniform, advantages ~0 (stalled or converged).
[21:02:34 +2:11:13] [hb] GRPO still running (2:08:32) | step 159/500 GAP=+0.860
[21:03:04 +2:11:43] [hb] GRPO still running (2:09:02) | step 159/500 GAP=+0.860
[21:03:24 +2:12:03] grade: 64/64 (100%) 4.7/s eta 0.0m
[21:03:24 +2:12:03] grade: done — 64 samples in 13.6s | stall summary {'n': 1, 'stalls': 0, 'median_secs': 13.630876200004423, 'max_secs': 13.630876200004423, 'total_secs': 13.630876200004423}
[21:03:31 +2:12:10] step 160/500 reward=+1.000 villain@odd=1.000 villain@even=0.000 GAP=+1.000 ema=+0.888 groupstd=0.000 rate=0.500 65s/step eta 367.2m
[21:03:31 +2:12:10] [warn] group std 0.000 < 0.05: groups near-uniform, advantages ~0 (stalled or converged).
[21:03:34 +2:12:13] [hb] GRPO still running (2:09:32) | step 160/500 GAP=+0.888
[21:04:04 +2:12:43] [hb] GRPO still running (2:10:02) | step 160/500 GAP=+0.888
[21:04:07 +2:12:46] grade: 64/64 (100%) 7.5/s eta 0.0m
[21:04:07 +2:12:46] grade: done — 64 samples in 8.6s | stall summary {'n': 1, 'stalls': 0, 'median_secs': 8.553194899999653, 'max_secs': 8.553194899999653, 'total_secs': 8.553194899999653}
[21:04:14 +2:12:53] step 161/500 reward=+0.969 villain@odd=1.000 villain@even=0.031 GAP=+0.969 ema=+0.904 groupstd=0.083 rate=0.516 43s/step eta 242.4m
[21:04:34 +2:13:13] [hb] GRPO still running (2:10:32) | step 161/500 GAP=+0.904
[21:05:00 +2:13:39] grade: 64/64 (100%) 3.2/s eta 0.0m
[21:05:00 +2:13:39] grade: done — 64 samples in 20.2s | stall summary {'n': 1, 'stalls': 0, 'median_secs': 20.19461859999865, 'max_secs': 20.19461859999865, 'total_secs': 20.19461859999865}
[21:05:04 +2:13:43] [hb] GRPO still running (2:11:02) | step 161/500 GAP=+0.904
[21:05:11 +2:13:50] step 162/500 reward=+1.000 villain@odd=1.000 villain@even=0.000 GAP=+1.000 ema=+0.923 groupstd=0.000 rate=0.500 56s/step eta 318.2m
[21:05:11 +2:13:50] [warn] group std 0.000 < 0.05: groups near-uniform, advantages ~0 (stalled or converged).
[21:05:34 +2:14:13] [hb] GRPO still running (2:11:32) | step 162/500 GAP=+0.923
[21:05:52 +2:14:31] grade: 64/64 (100%) 7.5/s eta 0.0m
[21:05:52 +2:14:31] grade: done — 64 samples in 8.6s | stall summary {'n': 1, 'stalls': 0, 'median_secs': 8.562226699999883, 'max_secs': 8.562226699999883, 'total_secs': 8.562226699999883}
[21:06:04 +2:14:43] [hb] GRPO still running (2:12:02) | step 162/500 GAP=+0.923
[21:06:07 +2:14:46] step 163/500 reward=+1.000 villain@odd=1.000 villain@even=0.000 GAP=+1.000 ema=+0.939 groupstd=0.000 rate=0.500 56s/step eta 316.5m
[21:06:07 +2:14:46] [warn] group std 0.000 < 0.05: groups near-uniform, advantages ~0 (stalled or converged).
[21:06:34 +2:15:13] [hb] GRPO still running (2:12:32) | step 163/500 GAP=+0.939
[21:07:04 +2:15:43] [hb] GRPO still running (2:13:02) | step 163/500 GAP=+0.939
[21:07:06 +2:15:45] [hb] grade still running (0:00:30)
[21:07:15 +2:15:54] grade: 64/64 (100%) 1.6/s eta 0.0m
[21:07:15 +2:15:54] grade: done — 64 samples in 39.1s | stall summary {'n': 1, 'stalls': 0, 'median_secs': 39.11366049999924, 'max_secs': 39.11366049999924, 'total_secs': 39.11366049999924}
[21:07:25 +2:16:04] step 164/500 reward=+1.000 villain@odd=1.000 villain@even=0.000 GAP=+1.000 ema=+0.951 groupstd=0.000 rate=0.500 78s/step eta 436.2m
[21:07:25 +2:16:04] [warn] group std 0.000 < 0.05: groups near-uniform, advantages ~0 (stalled or converged).
[21:07:34 +2:16:13] [hb] GRPO still running (2:13:32) | step 164/500 GAP=+0.951
[21:08:02 +2:16:41] grade: 64/64 (100%) 11.0/s eta 0.0m
[21:08:02 +2:16:41] grade: done — 64 samples in 5.8s | stall summary {'n': 1, 'stalls': 0, 'median_secs': 5.811204799996631, 'max_secs': 5.811204799996631, 'total_secs': 5.811204799996631}
[21:08:04 +2:16:43] [hb] GRPO still running (2:14:02) | step 164/500 GAP=+0.951
[21:08:10 +2:16:49] step 165/500 reward=+0.906 villain@odd=0.906 villain@even=0.000 GAP=+0.906 ema=+0.942 groupstd=0.121 rate=0.453 45s/step eta 249.5m
[21:08:34 +2:17:13] [hb] GRPO still running (2:14:32) | step 165/500 GAP=+0.942
[21:08:54 +2:17:33] grade: 64/64 (100%) 2.7/s eta 0.0m
[21:08:54 +2:17:33] grade: done — 64 samples in 23.9s | stall summary {'n': 1, 'stalls': 0, 'median_secs': 23.87794589999976, 'max_secs': 23.87794589999976, 'total_secs': 23.87794589999976}
[21:09:01 +2:17:40] step 166/500 reward=+1.000 villain@odd=1.000 villain@even=0.000 GAP=+1.000 ema=+0.954 groupstd=0.000 rate=0.500 51s/step eta 283.6m
[21:09:01 +2:17:40] [warn] group std 0.000 < 0.05: groups near-uniform, advantages ~0 (stalled or converged).
[21:09:04 +2:17:43] [hb] GRPO still running (2:15:02) | step 166/500 GAP=+0.954
[21:09:34 +2:18:13] [hb] GRPO still running (2:15:32) | step 166/500 GAP=+0.954
[21:09:45 +2:18:24] grade: 64/64 (100%) 2.7/s eta 0.0m
[21:09:45 +2:18:24] grade: done — 64 samples in 23.7s | stall summary {'n': 1, 'stalls': 0, 'median_secs': 23.693386299994017, 'max_secs': 23.693386299994017, 'total_secs': 23.693386299994017}
[21:09:53 +2:18:32] step 167/500 reward=+1.000 villain@odd=1.000 villain@even=0.000 GAP=+1.000 ema=+0.963 groupstd=0.000 rate=0.500 53s/step eta 292.8m
[21:09:53 +2:18:32] [warn] group std 0.000 < 0.05: groups near-uniform, advantages ~0 (stalled or converged).
[21:10:04 +2:18:43] [hb] GRPO still running (2:16:02) | step 167/500 GAP=+0.963
[21:10:34 +2:19:13] [hb] GRPO still running (2:16:32) | step 167/500 GAP=+0.963
[21:10:37 +2:19:15] grade: 64/64 (100%) 3.8/s eta 0.0m
[21:10:37 +2:19:15] grade: done — 64 samples in 16.6s | stall summary {'n': 1, 'stalls': 0, 'median_secs': 16.62588649999816, 'max_secs': 16.62588649999816, 'total_secs': 16.62588649999816}
[21:10:43 +2:19:22] step 168/500 reward=+0.906 villain@odd=1.000 villain@even=0.094 GAP=+0.906 ema=+0.952 groupstd=0.121 rate=0.547 49s/step eta 273.0m
[21:11:04 +2:19:43] [hb] GRPO still running (2:17:02) | step 168/500 GAP=+0.952
[21:11:11 +2:19:50] grade: 64/64 (100%) 20.7/s eta 0.0m
[21:11:11 +2:19:50] grade: done — 64 samples in 3.1s | stall summary {'n': 1, 'stalls': 0, 'median_secs': 3.093291400000453, 'max_secs': 3.093291400000453, 'total_secs': 3.093291400000453}
[21:11:20 +2:19:59] step 169/500 reward=+1.000 villain@odd=1.000 villain@even=0.000 GAP=+1.000 ema=+0.961 groupstd=0.000 rate=0.500 37s/step eta 205.3m
[21:11:20 +2:19:59] [warn] group std 0.000 < 0.05: groups near-uniform, advantages ~0 (stalled or converged).
[21:11:34 +2:20:13] [hb] GRPO still running (2:17:32) | step 169/500 GAP=+0.961
[21:12:04 +2:20:43] [hb] GRPO still running (2:18:02) | step 169/500 GAP=+0.961
[21:12:13 +2:20:52] [hb] grade still running (0:00:30)
[21:12:21 +2:21:00] grade: 64/64 (100%) 1.7/s eta 0.0m
[21:12:21 +2:21:00] grade: done — 64 samples in 37.9s | stall summary {'n': 1, 'stalls': 0, 'median_secs': 37.90004200000112, 'max_secs': 37.90004200000112, 'total_secs': 37.90004200000112}
[21:12:27 +2:21:06] step 170/500 reward=+0.812 villain@odd=0.812 villain@even=0.000 GAP=+0.812 ema=+0.931 groupstd=0.108 rate=0.406 67s/step eta 367.8m
[21:12:34 +2:21:13] [hb] GRPO still running (2:18:32) | step 170/500 GAP=+0.931
[21:13:04 +2:21:43] [hb] GRPO still running (2:19:02) | step 170/500 GAP=+0.931
[21:13:22 +2:22:01] grade: 64/64 (100%) 2.9/s eta 0.0m
[21:13:22 +2:22:01] grade: done — 64 samples in 22.3s | stall summary {'n': 1, 'stalls': 0, 'median_secs': 22.32237670000177, 'max_secs': 22.32237670000177, 'total_secs': 22.32237670000177}
[21:13:28 +2:22:07] step 171/500 reward=+0.750 villain@odd=0.750 villain@even=0.000 GAP=+0.750 ema=+0.895 groupstd=0.000 rate=0.375 61s/step eta 333.8m
[21:13:28 +2:22:07] [warn] group std 0.000 < 0.05: groups near-uniform, advantages ~0 (stalled or converged).
[21:13:34 +2:22:13] [hb] GRPO still running (2:19:32) | step 171/500 GAP=+0.895
[21:13:54 +2:22:33] grade: 64/64 (100%) 16.5/s eta 0.0m
[21:13:54 +2:22:33] grade: done — 64 samples in 3.9s | stall summary {'n': 1, 'stalls': 0, 'median_secs': 3.874163200001931, 'max_secs': 3.874163200001931, 'total_secs': 3.874163200001931}
[21:14:02 +2:22:41] step 172/500 reward=+0.844 villain@odd=0.969 villain@even=0.125 GAP=+0.844 ema=+0.885 groupstd=0.208 rate=0.547 35s/step eta 188.9m
[21:14:04 +2:22:43] [hb] GRPO still running (2:20:02) | step 172/500 GAP=+0.885
[21:14:29 +2:23:08] grade: 64/64 (100%) 16.1/s eta 0.0m
[21:14:29 +2:23:08] grade: done — 64 samples in 4.0s | stall summary {'n': 1, 'stalls': 0, 'median_secs': 3.980191199996625, 'max_secs': 3.980191199996625, 'total_secs': 3.980191199996625}
[21:14:34 +2:23:13] [hb] GRPO still running (2:20:32) | step 172/500 GAP=+0.885
[21:14:35 +2:23:14] step 173/500 reward=+0.750 villain@odd=0.750 villain@even=0.000 GAP=+0.750 ema=+0.858 groupstd=0.000 rate=0.375 32s/step eta 176.8m
[21:14:35 +2:23:14] [warn] group std 0.000 < 0.05: groups near-uniform, advantages ~0 (stalled or converged).
[21:14:59 +2:23:38] grade: 64/64 (100%) 17.3/s eta 0.0m
[21:14:59 +2:23:38] grade: done — 64 samples in 3.7s | stall summary {'n': 1, 'stalls': 0, 'median_secs': 3.697808699995221, 'max_secs': 3.697808699995221, 'total_secs': 3.697808699995221}
[21:15:04 +2:23:43] [hb] GRPO still running (2:21:02) | step 173/500 GAP=+0.858
[21:15:06 +2:23:45] step 174/500 reward=+1.000 villain@odd=1.000 villain@even=0.000 GAP=+1.000 ema=+0.886 groupstd=0.000 rate=0.500 31s/step eta 168.3m
[21:15:06 +2:23:45] [warn] group std 0.000 < 0.05: groups near-uniform, advantages ~0 (stalled or converged).
[21:15:34 +2:24:13] [hb] GRPO still running (2:21:32) | step 174/500 GAP=+0.886
[21:15:35 +2:24:14] grade: 64/64 (100%) 10.9/s eta 0.0m
[21:15:35 +2:24:14] grade: done — 64 samples in 5.9s | stall summary {'n': 1, 'stalls': 0, 'median_secs': 5.86442750000424, 'max_secs': 5.86442750000424, 'total_secs': 5.86442750000424}
[21:15:41 +2:24:20] step 175/500 reward=+0.688 villain@odd=0.688 villain@even=0.000 GAP=+0.688 ema=+0.847 groupstd=0.108 rate=0.344 35s/step eta 191.6m
[21:15:41 +2:24:20] === BEGIN eval @ step 175 ===
[21:16:02 +2:24:41] eval[mid]: 32/200 (16%) 1.7/s eta 1.6m
[21:16:04 +2:24:43] [hb] GRPO still running (2:22:02) | step 175/500 GAP=+0.847
[21:16:11 +2:24:50] [hb] eval @ step 175 still running (0:00:30)
[21:16:14 +2:24:53] [hb] eval[mid] still running (0:00:30) | 32/200 (1.7/s, eta 1.6m)
[21:16:21 +2:25:00] eval[mid]: 64/200 (32%) 1.7/s eta 1.3m
[21:16:33 +2:25:12] eval[mid]: 96/200 (48%) 1.9/s eta 0.9m
[21:16:34 +2:25:13] [hb] GRPO still running (2:22:32) | step 175/500 GAP=+0.847
[21:16:41 +2:25:20] [hb] eval @ step 175 still running (0:01:00)
[21:16:44 +2:25:23] [hb] eval[mid] still running (0:01:00) | 96/200 (1.9/s, eta 0.9m)
[21:16:46 +2:25:25] eval[mid]: 128/200 (64%) 2.1/s eta 0.6m
[21:16:57 +2:25:36] eval[mid]: 160/200 (80%) 2.2/s eta 0.3m
[21:17:04 +2:25:43] [hb] GRPO still running (2:23:02) | step 175/500 GAP=+0.847
[21:17:08 +2:25:47] eval[mid]: 192/200 (96%) 2.3/s eta 0.1m
[21:17:11 +2:25:50] [hb] eval @ step 175 still running (0:01:30)
[21:17:14 +2:25:53] [hb] eval[mid] still running (0:01:30) | 192/200 (2.3/s, eta 0.1m)
[21:17:18 +2:25:57] eval[mid]: 200/200 (100%) 2.1/s eta 0.0m
[21:17:18 +2:25:57] eval[mid]: done — 200 samples in 94.2s | stall summary {'n': 7, 'stalls': 0, 'median_secs': 12.237324100002297, 'max_secs': 18.648578599997563, 'total_secs': 94.24816460000147}
[21:17:23 +2:26:02] grade: 64/200 (32%) 12.0/s eta 0.2m
[21:17:27 +2:26:05] grade: 128/200 (64%) 14.8/s eta 0.1m
[21:17:29 +2:26:08] grade: 192/200 (96%) 17.8/s eta 0.0m
[21:17:33 +2:26:12] grade: 200/200 (100%) 13.2/s eta 0.0m
[21:17:33 +2:26:12] grade: done — 200 samples in 15.1s | stall summary {'n': 4, 'stalls': 0, 'median_secs': 3.8133466500003124, 'max_secs': 5.312728400000196, 'total_secs': 15.112798300004215}
[21:17:33 +2:26:12]   EVAL[mid] step 175: villain@pos=0.820 villain@neg=0.010 GAP=+0.810 (n=200, held-out problems)
[21:17:33 +2:26:12]   EVAL[mid] step 175: INCONSISTENT-only villain@pos=0.444 villain@neg=0.000 GAP=+0.444 (n=43: 27 pos / 16 neg)
[21:17:33 +2:26:12]   EVAL[mid] step 175: readout(is-53) 0.576 CI[0.408,0.728] n=33 | consistent 0.250 CI[0.046,0.699] n=4 | INCONSISTENT 0.621 CI[0.440,0.773] n=29
[21:17:33 +2:26:12] === END eval @ step 175 (0:01:51) ===
[21:17:34 +2:26:13] [hb] GRPO still running (2:23:32) | step 175/500 GAP=+0.847
[21:17:38 +2:26:17] checkpoint @step 175: tinker://f0a601e7-4c97-5205-813d-b01a46dc2286:train:0/weights/v53night-s175
[21:18:02 +2:26:41] grade: 64/64 (100%) 19.5/s eta 0.0m
[21:18:02 +2:26:41] grade: done — 64 samples in 3.3s | stall summary {'n': 1, 'stalls': 0, 'median_secs': 3.2794035999977496, 'max_secs': 3.2794035999977496, 'total_secs': 3.2794035999977496}
[21:18:04 +2:26:43] [hb] GRPO still running (2:24:02) | step 175/500 GAP=+0.847
[21:18:09 +2:26:48] step 176/500 reward=+0.469 villain@odd=0.469 villain@even=0.000 GAP=+0.469 ema=+0.771 groupstd=0.083 rate=0.234 31s/step eta 165.6m
[21:18:30 +2:27:09] grade: 64/64 (100%) 30.4/s eta 0.0m
[21:18:30 +2:27:09] grade: done — 64 samples in 2.1s | stall summary {'n': 1, 'stalls': 0, 'median_secs': 2.1047393000044394, 'max_secs': 2.1047393000044394, 'total_secs': 2.1047393000044394}
[21:18:34 +2:27:13] [hb] GRPO still running (2:24:32) | step 176/500 GAP=+0.771
[21:18:36 +2:27:15] step 177/500 reward=+0.938 villain@odd=0.938 villain@even=0.000 GAP=+0.938 ema=+0.804 groupstd=0.165 rate=0.469 27s/step eta 144.7m
[21:18:57 +2:27:36] grade: 64/64 (100%) 15.6/s eta 0.0m
[21:18:57 +2:27:36] grade: done — 64 samples in 4.1s | stall summary {'n': 1, 'stalls': 0, 'median_secs': 4.0926518999986, 'max_secs': 4.0926518999986, 'total_secs': 4.0926518999986}
[21:19:03 +2:27:42] step 178/500 reward=+1.000 villain@odd=1.000 villain@even=0.000 GAP=+1.000 ema=+0.843 groupstd=0.000 rate=0.500 28s/step eta 149.9m
[21:19:03 +2:27:42] [warn] group std 0.000 < 0.05: groups near-uniform, advantages ~0 (stalled or converged).
[21:19:04 +2:27:43] [hb] GRPO still running (2:25:02) | step 178/500 GAP=+0.843
[21:19:28 +2:28:07] grade: 64/64 (100%) 13.6/s eta 0.0m
[21:19:28 +2:28:07] grade: done — 64 samples in 4.7s | stall summary {'n': 1, 'stalls': 0, 'median_secs': 4.722937999998976, 'max_secs': 4.722937999998976, 'total_secs': 4.722937999998976}
[21:19:34 +2:28:13] [hb] GRPO still running (2:25:32) | step 178/500 GAP=+0.843
[21:19:34 +2:28:13] step 179/500 reward=+1.000 villain@odd=1.000 villain@even=0.000 GAP=+1.000 ema=+0.875 groupstd=0.000 rate=0.500 31s/step eta 165.9m
[21:19:34 +2:28:13] [warn] group std 0.000 < 0.05: groups near-uniform, advantages ~0 (stalled or converged).
[21:20:02 +2:28:40] grade: 64/64 (100%) 8.3/s eta 0.0m
[21:20:02 +2:28:40] grade: done — 64 samples in 7.7s | stall summary {'n': 1, 'stalls': 0, 'median_secs': 7.746959199997946, 'max_secs': 7.746959199997946, 'total_secs': 7.746959199997946}
[21:20:04 +2:28:43] [hb] GRPO still running (2:26:02) | step 179/500 GAP=+0.875
[21:20:08 +2:28:47] step 180/500 reward=+0.906 villain@odd=0.906 villain@even=0.000 GAP=+0.906 ema=+0.881 groupstd=0.121 rate=0.453 33s/step eta 178.5m
[21:20:34 +2:29:13] grade: 64/64 (100%) 9.2/s eta 0.0m
[21:20:34 +2:29:13] grade: done — 64 samples in 7.0s | stall summary {'n': 1, 'stalls': 0, 'median_secs': 6.967553299997235, 'max_secs': 6.967553299997235, 'total_secs': 6.967553299997235}
[21:20:34 +2:29:13] [hb] GRPO still running (2:26:32) | step 180/500 GAP=+0.881
[21:20:40 +2:29:19] step 181/500 reward=+1.000 villain@odd=1.000 villain@even=0.000 GAP=+1.000 ema=+0.905 groupstd=0.000 rate=0.500 32s/step eta 172.6m
[21:20:40 +2:29:19] [warn] group std 0.000 < 0.05: groups near-uniform, advantages ~0 (stalled or converged).
[21:21:04 +2:29:43] [hb] GRPO still running (2:27:02) | step 181/500 GAP=+0.905
[21:21:06 +2:29:45] grade: 64/64 (100%) 11.0/s eta 0.0m
[21:21:06 +2:29:45] grade: done — 64 samples in 5.8s | stall summary {'n': 1, 'stalls': 0, 'median_secs': 5.810537800003658, 'max_secs': 5.810537800003658, 'total_secs': 5.810537800003658}
[21:21:12 +2:29:51] step 182/500 reward=+0.656 villain@odd=0.656 villain@even=0.000 GAP=+0.656 ema=+0.855 groupstd=0.191 rate=0.328 32s/step eta 167.7m
[21:21:34 +2:30:13] [hb] GRPO still running (2:27:32) | step 182/500 GAP=+0.855
[21:21:42 +2:30:21] grade: 64/64 (100%) 23.3/s eta 0.0m
[21:21:42 +2:30:21] grade: done — 64 samples in 2.8s | stall summary {'n': 1, 'stalls': 0, 'median_secs': 2.7518218999975943, 'max_secs': 2.7518218999975943, 'total_secs': 2.7518218999975943}
[21:21:48 +2:30:27] step 183/500 reward=+0.938 villain@odd=0.938 villain@even=0.000 GAP=+0.938 ema=+0.872 groupstd=0.108 rate=0.469 36s/step eta 189.6m
[21:22:04 +2:30:43] [hb] GRPO still running (2:28:02) | step 183/500 GAP=+0.872
[21:22:08 +2:30:47] grade: 64/64 (100%) 32.2/s eta 0.0m
[21:22:08 +2:30:47] grade: done — 64 samples in 2.0s | stall summary {'n': 1, 'stalls': 0, 'median_secs': 1.98890499999834, 'max_secs': 1.98890499999834, 'total_secs': 1.98890499999834}
[21:22:18 +2:30:57] step 184/500 reward=+1.000 villain@odd=1.000 villain@even=0.000 GAP=+1.000 ema=+0.897 groupstd=0.000 rate=0.500 30s/step eta 156.2m
[21:22:18 +2:30:57] [warn] group std 0.000 < 0.05: groups near-uniform, advantages ~0 (stalled or converged).
[21:22:34 +2:31:13] [hb] GRPO still running (2:28:32) | step 184/500 GAP=+0.897
[21:22:44 +2:31:23] grade: 64/64 (100%) 15.8/s eta 0.0m
[21:22:44 +2:31:23] grade: done — 64 samples in 4.1s | stall summary {'n': 1, 'stalls': 0, 'median_secs': 4.0550389000054565, 'max_secs': 4.0550389000054565, 'total_secs': 4.0550389000054565}
[21:22:51 +2:31:30] step 185/500 reward=+1.000 villain@odd=1.000 villain@even=0.000 GAP=+1.000 ema=+0.918 groupstd=0.000 rate=0.500 33s/step eta 173.1m
[21:22:51 +2:31:30] [warn] group std 0.000 < 0.05: groups near-uniform, advantages ~0 (stalled or converged).
[21:23:04 +2:31:43] [hb] GRPO still running (2:29:02) | step 185/500 GAP=+0.918
[21:23:12 +2:31:51] grade: 64/64 (100%) 24.6/s eta 0.0m
[21:23:12 +2:31:51] grade: done — 64 samples in 2.6s | stall summary {'n': 1, 'stalls': 0, 'median_secs': 2.605982599998242, 'max_secs': 2.605982599998242, 'total_secs': 2.605982599998242}
[21:23:19 +2:31:58] step 186/500 reward=+1.000 villain@odd=1.000 villain@even=0.000 GAP=+1.000 ema=+0.934 groupstd=0.000 rate=0.500 28s/step eta 146.5m
[21:23:19 +2:31:58] [warn] group std 0.000 < 0.05: groups near-uniform, advantages ~0 (stalled or converged).
[21:23:34 +2:32:13] [hb] GRPO still running (2:29:32) | step 186/500 GAP=+0.934
[21:23:39 +2:32:18] grade: 64/64 (100%) 30.0/s eta 0.0m
[21:23:39 +2:32:18] grade: done — 64 samples in 2.1s | stall summary {'n': 1, 'stalls': 0, 'median_secs': 2.1356721999982256, 'max_secs': 2.1356721999982256, 'total_secs': 2.1356721999982256}
[21:23:45 +2:32:24] step 187/500 reward=+0.750 villain@odd=0.750 villain@even=0.000 GAP=+0.750 ema=+0.897 groupstd=0.000 rate=0.375 27s/step eta 138.6m
[21:23:45 +2:32:24] [warn] group std 0.000 < 0.05: groups near-uniform, advantages ~0 (stalled or converged).
[21:24:04 +2:32:43] [hb] GRPO still running (2:30:02) | step 187/500 GAP=+0.897
[21:24:34 +2:33:13] [hb] GRPO still running (2:30:32) | step 187/500 GAP=+0.897
[21:24:52 +2:33:31] grade: 64/64 (100%) 15.1/s eta 0.0m
[21:24:52 +2:33:31] grade: done — 64 samples in 4.2s | stall summary {'n': 1, 'stalls': 0, 'median_secs': 4.2330089999959455, 'max_secs': 4.2330089999959455, 'total_secs': 4.2330089999959455}
[21:24:58 +2:33:37] step 188/500 reward=+0.812 villain@odd=1.000 villain@even=0.188 GAP=+0.812 ema=+0.880 groupstd=0.108 rate=0.594 73s/step eta 380.5m
[21:25:04 +2:33:43] [hb] GRPO still running (2:31:02) | step 188/500 GAP=+0.880
[21:25:25 +2:34:04] grade: 64/64 (100%) 14.6/s eta 0.0m
[21:25:25 +2:34:04] grade: done — 64 samples in 4.4s | stall summary {'n': 1, 'stalls': 0, 'median_secs': 4.3799376000024495, 'max_secs': 4.3799376000024495, 'total_secs': 4.3799376000024495}
[21:25:32 +2:34:11] step 189/500 reward=+1.000 villain@odd=1.000 villain@even=0.000 GAP=+1.000 ema=+0.904 groupstd=0.000 rate=0.500 34s/step eta 175.0m
[21:25:32 +2:34:11] [warn] group std 0.000 < 0.05: groups near-uniform, advantages ~0 (stalled or converged).
[21:25:34 +2:34:13] [hb] GRPO still running (2:31:32) | step 189/500 GAP=+0.904
[21:26:04 +2:34:43] [hb] GRPO still running (2:32:02) | step 189/500 GAP=+0.904
[21:26:06 +2:34:45] grade: 64/64 (100%) 11.1/s eta 0.0m
[21:26:06 +2:34:45] grade: done — 64 samples in 5.8s | stall summary {'n': 1, 'stalls': 0, 'median_secs': 5.778496200000518, 'max_secs': 5.778496200000518, 'total_secs': 5.778496200000518}
[21:26:23 +2:35:02] step 190/500 reward=+0.781 villain@odd=0.781 villain@even=0.000 GAP=+0.781 ema=+0.880 groupstd=0.083 rate=0.391 51s/step eta 263.1m
[21:26:34 +2:35:13] [hb] GRPO still running (2:32:32) | step 190/500 GAP=+0.880
[21:27:01 +2:35:40] grade: 64/64 (100%) 7.5/s eta 0.0m
[21:27:01 +2:35:40] grade: done — 64 samples in 8.6s | stall summary {'n': 1, 'stalls': 0, 'median_secs': 8.569246399994881, 'max_secs': 8.569246399994881, 'total_secs': 8.569246399994881}
[21:27:04 +2:35:43] [hb] GRPO still running (2:33:02) | step 190/500 GAP=+0.880
[21:27:16 +2:35:55] step 191/500 reward=+1.000 villain@odd=1.000 villain@even=0.000 GAP=+1.000 ema=+0.904 groupstd=0.000 rate=0.500 53s/step eta 274.1m
[21:27:16 +2:35:55] [warn] group std 0.000 < 0.05: groups near-uniform, advantages ~0 (stalled or converged).
[21:27:34 +2:36:13] [hb] GRPO still running (2:33:32) | step 191/500 GAP=+0.904
[21:27:59 +2:36:38] grade: 64/64 (100%) 17.8/s eta 0.0m
[21:27:59 +2:36:38] grade: done — 64 samples in 3.6s | stall summary {'n': 1, 'stalls': 0, 'median_secs': 3.6051201000009314, 'max_secs': 3.6051201000009314, 'total_secs': 3.6051201000009314}
[21:28:04 +2:36:43] [hb] GRPO still running (2:34:02) | step 191/500 GAP=+0.904
[21:28:15 +2:36:54] step 192/500 reward=+1.000 villain@odd=1.000 villain@even=0.000 GAP=+1.000 ema=+0.923 groupstd=0.000 rate=0.500 59s/step eta 303.2m
[21:28:15 +2:36:54] [warn] group std 0.000 < 0.05: groups near-uniform, advantages ~0 (stalled or converged).
[21:28:34 +2:37:13] [hb] GRPO still running (2:34:32) | step 192/500 GAP=+0.923
[21:28:45 +2:37:24] grade: 64/64 (100%) 18.5/s eta 0.0m
[21:28:45 +2:37:24] grade: done — 64 samples in 3.5s | stall summary {'n': 1, 'stalls': 0, 'median_secs': 3.463996500002395, 'max_secs': 3.463996500002395, 'total_secs': 3.463996500002395}
[21:29:02 +2:37:41] step 193/500 reward=+0.750 villain@odd=0.750 villain@even=0.000 GAP=+0.750 ema=+0.888 groupstd=0.000 rate=0.375 46s/step eta 237.0m
[21:29:02 +2:37:41] [warn] group std 0.000 < 0.05: groups near-uniform, advantages ~0 (stalled or converged).
[21:29:04 +2:37:43] [hb] GRPO still running (2:35:02) | step 193/500 GAP=+0.888
[21:29:34 +2:38:13] grade: 64/64 (100%) 19.4/s eta 0.0m
[21:29:34 +2:38:13] grade: done — 64 samples in 3.3s | stall summary {'n': 1, 'stalls': 0, 'median_secs': 3.297068699997908, 'max_secs': 3.297068699997908, 'total_secs': 3.297068699997908}
[21:29:34 +2:38:13] [hb] GRPO still running (2:35:32) | step 193/500 GAP=+0.888
[21:29:50 +2:38:28] step 194/500 reward=+0.906 villain@odd=0.906 villain@even=0.000 GAP=+0.906 ema=+0.892 groupstd=0.121 rate=0.453 48s/step eta 244.2m
[21:30:04 +2:38:43] [hb] GRPO still running (2:36:02) | step 194/500 GAP=+0.892
[21:30:21 +2:39:00] grade: 64/64 (100%) 12.7/s eta 0.0m
[21:30:21 +2:39:00] grade: done — 64 samples in 5.0s | stall summary {'n': 1, 'stalls': 0, 'median_secs': 5.042395899996336, 'max_secs': 5.042395899996336, 'total_secs': 5.042395899996336}
[21:30:33 +2:39:12] step 195/500 reward=+1.000 villain@odd=1.000 villain@even=0.000 GAP=+1.000 ema=+0.914 groupstd=0.000 rate=0.500 44s/step eta 222.2m
[21:30:33 +2:39:12] [warn] group std 0.000 < 0.05: groups near-uniform, advantages ~0 (stalled or converged).
[21:30:34 +2:39:13] [hb] GRPO still running (2:36:32) | step 195/500 GAP=+0.914
[21:31:04 +2:39:43] grade: 64/64 (100%) 18.1/s eta 0.0m
[21:31:04 +2:39:43] grade: done — 64 samples in 3.5s | stall summary {'n': 1, 'stalls': 0, 'median_secs': 3.537360800000897, 'max_secs': 3.537360800000897, 'total_secs': 3.537360800000897}
[21:31:04 +2:39:43] [hb] GRPO still running (2:37:02) | step 195/500 GAP=+0.914
[21:31:20 +2:39:59] step 196/500 reward=+0.969 villain@odd=0.969 villain@even=0.000 GAP=+0.969 ema=+0.925 groupstd=0.083 rate=0.484 47s/step eta 237.7m
[21:31:35 +2:40:13] [hb] GRPO still running (2:37:32) | step 196/500 GAP=+0.925
[21:32:02 +2:40:41] grade: 64/64 (100%) 15.5/s eta 0.0m
[21:32:02 +2:40:41] grade: done — 64 samples in 4.1s | stall summary {'n': 1, 'stalls': 0, 'median_secs': 4.128851300003589, 'max_secs': 4.128851300003589, 'total_secs': 4.128851300003589}
[21:32:05 +2:40:43] [hb] GRPO still running (2:38:02) | step 196/500 GAP=+0.925
[21:32:17 +2:40:56] step 197/500 reward=+1.000 villain@odd=1.000 villain@even=0.000 GAP=+1.000 ema=+0.940 groupstd=0.000 rate=0.500 57s/step eta 286.4m
[21:32:17 +2:40:56] [warn] group std 0.000 < 0.05: groups near-uniform, advantages ~0 (stalled or converged).
[21:32:35 +2:41:13] [hb] GRPO still running (2:38:32) | step 197/500 GAP=+0.940
[21:32:50 +2:41:29] grade: 64/64 (100%) 12.3/s eta 0.0m
[21:32:50 +2:41:29] grade: done — 64 samples in 5.2s | stall summary {'n': 1, 'stalls': 0, 'median_secs': 5.182953100003942, 'max_secs': 5.182953100003942, 'total_secs': 5.182953100003942}
[21:33:05 +2:41:43] [hb] GRPO still running (2:39:02) | step 197/500 GAP=+0.940
[21:33:05 +2:41:44] step 198/500 reward=+1.000 villain@odd=1.000 villain@even=0.000 GAP=+1.000 ema=+0.952 groupstd=0.000 rate=0.500 48s/step eta 240.4m
[21:33:05 +2:41:44] [warn] group std 0.000 < 0.05: groups near-uniform, advantages ~0 (stalled or converged).
[21:33:35 +2:42:13] [hb] GRPO still running (2:39:32) | step 198/500 GAP=+0.952
[21:33:42 +2:42:21] grade: 64/64 (100%) 12.0/s eta 0.0m
[21:33:42 +2:42:21] grade: done — 64 samples in 5.3s | stall summary {'n': 1, 'stalls': 0, 'median_secs': 5.318660199998703, 'max_secs': 5.318660199998703, 'total_secs': 5.318660199998703}
[21:33:56 +2:42:35] step 199/500 reward=+0.906 villain@odd=0.906 villain@even=0.000 GAP=+0.906 ema=+0.943 groupstd=0.121 rate=0.453 51s/step eta 257.7m
[21:34:05 +2:42:43] [hb] GRPO still running (2:40:02) | step 199/500 GAP=+0.943
[21:34:35 +2:43:13] [hb] GRPO still running (2:40:32) | step 199/500 GAP=+0.943
[21:34:47 +2:43:26] grade: 64/64 (100%) 12.0/s eta 0.0m
[21:34:47 +2:43:26] grade: done — 64 samples in 5.3s | stall summary {'n': 1, 'stalls': 0, 'median_secs': 5.333885499996541, 'max_secs': 5.333885499996541, 'total_secs': 5.333885499996541}
[21:35:05 +2:43:43] [hb] GRPO still running (2:41:02) | step 199/500 GAP=+0.943
[21:35:05 +2:43:44] step 200/500 reward=+0.969 villain@odd=0.969 villain@even=0.000 GAP=+0.969 ema=+0.948 groupstd=0.083 rate=0.484 69s/step eta 344.4m
[21:35:05 +2:43:44] === BEGIN eval @ step 200 ===
[21:35:35 +2:44:13] [hb] GRPO still running (2:41:32) | step 200/500 GAP=+0.948
[21:35:35 +2:44:14] [hb] eval @ step 200 still running (0:00:30)
[21:35:48 +2:44:27] eval[mid]: 32/200 (16%) 1.1/s eta 2.6m
[21:35:48 +2:44:27] [hb] eval[mid] still running (0:00:30) | 32/200 (1.1/s, eta 2.6m)
[21:36:05 +2:44:43] [hb] GRPO still running (2:42:02) | step 200/500 GAP=+0.948
[21:36:05 +2:44:44] [hb] eval @ step 200 still running (0:01:00)
[21:36:08 +2:44:47] eval[mid]: 64/200 (32%) 1.3/s eta 1.8m
[21:36:18 +2:44:57] [hb] eval[mid] still running (0:01:00) | 64/200 (1.3/s, eta 1.8m)
[21:36:32 +2:45:11] eval[mid]: 96/200 (48%) 1.3/s eta 1.3m
[21:36:35 +2:45:13] [hb] GRPO still running (2:42:32) | step 200/500 GAP=+0.948
[21:36:35 +2:45:14] [hb] eval @ step 200 still running (0:01:30)
[21:36:48 +2:45:27] [hb] eval[mid] still running (0:01:30) | 96/200 (1.3/s, eta 1.3m)
[21:37:03 +2:45:42] eval[mid]: 128/200 (64%) 1.2/s eta 1.0m
[21:37:05 +2:45:44] [hb] GRPO still running (2:43:02) | step 200/500 GAP=+0.948
[21:37:05 +2:45:44] [hb] eval @ step 200 still running (0:02:00)
[21:37:15 +2:45:54] eval[mid]: 160/200 (80%) 1.4/s eta 0.5m
[21:37:18 +2:45:57] [hb] eval[mid] still running (0:02:00) | 160/200 (1.4/s, eta 0.5m)
[21:37:34 +2:46:13] eval[mid]: 192/200 (96%) 1.4/s eta 0.1m
[21:37:35 +2:46:14] [hb] GRPO still running (2:43:32) | step 200/500 GAP=+0.948
[21:37:35 +2:46:14] [hb] eval @ step 200 still running (0:02:30)
[21:37:48 +2:46:27] [hb] eval[mid] still running (0:02:30) | 192/200 (1.4/s, eta 0.1m)
[21:37:59 +2:46:38] eval[mid]: 200/200 (100%) 1.2/s eta 0.0m
[21:37:59 +2:46:38] eval[mid]: done — 200 samples in 160.8s | stall summary {'n': 7, 'stalls': 0, 'median_secs': 24.17542250000406, 'max_secs': 30.151784699999553, 'total_secs': 160.81437729999743}
[21:38:05 +2:46:44] [hb] GRPO still running (2:44:02) | step 200/500 GAP=+0.948
[21:38:05 +2:46:44] [hb] eval @ step 200 still running (0:03:00)
[21:38:16 +2:46:55] grade: 64/200 (32%) 3.9/s eta 0.6m
[21:38:20 +2:46:59] grade: 128/200 (64%) 6.1/s eta 0.2m
[21:38:25 +2:47:04] grade: 192/200 (96%) 7.3/s eta 0.0m
[21:38:27 +2:47:06] grade: 200/200 (100%) 7.2/s eta 0.0m
[21:38:27 +2:47:06] grade: done — 200 samples in 27.8s | stall summary {'n': 4, 'stalls': 0, 'median_secs': 4.840877700000419, 'max_secs': 16.487244199997804, 'total_secs': 27.84691400000156}
[21:38:27 +2:47:06]   EVAL[mid] step 200: villain@pos=0.970 villain@neg=0.020 GAP=+0.950 (n=200, held-out problems)
[21:38:27 +2:47:06]   EVAL[mid] step 200: INCONSISTENT-only villain@pos=0.963 villain@neg=0.000 GAP=+0.963 (n=43: 27 pos / 16 neg)
[21:38:27 +2:47:06]   EVAL[mid] step 200: readout(is-53) 0.950 CI[0.764,0.991] n=20 | consistent 0.750 CI[0.301,0.954] n=4 | INCONSISTENT 1.000 CI[0.806,1.000] n=16
[21:38:27 +2:47:06] === END eval @ step 200 (0:03:22) ===
[21:38:35 +2:47:14] [hb] GRPO still running (2:44:32) | step 200/500 GAP=+0.948
[21:38:41 +2:47:20] checkpoint @step 200: tinker://f0a601e7-4c97-5205-813d-b01a46dc2286:train:0/weights/v53night-s200
[21:39:05 +2:47:44] [hb] GRPO still running (2:45:02) | step 200/500 GAP=+0.948
[21:39:15 +2:47:54] grade: 64/64 (100%) 13.4/s eta 0.0m
[21:39:15 +2:47:54] grade: done — 64 samples in 4.8s | stall summary {'n': 1, 'stalls': 0, 'median_secs': 4.78653900000063, 'max_secs': 4.78653900000063, 'total_secs': 4.78653900000063}
[21:39:29 +2:48:08] step 201/500 reward=+1.000 villain@odd=1.000 villain@even=0.000 GAP=+1.000 ema=+0.958 groupstd=0.000 rate=0.500 48s/step eta 240.0m
[21:39:29 +2:48:08] [warn] group std 0.000 < 0.05: groups near-uniform, advantages ~0 (stalled or converged).
[21:39:35 +2:48:14] [hb] GRPO still running (2:45:32) | step 201/500 GAP=+0.958
[21:40:02 +2:48:41] grade: 64/64 (100%) 24.7/s eta 0.0m
[21:40:02 +2:48:41] grade: done — 64 samples in 2.6s | stall summary {'n': 1, 'stalls': 0, 'median_secs': 2.5894972999958554, 'max_secs': 2.5894972999958554, 'total_secs': 2.5894972999958554}
[21:40:05 +2:48:44] [hb] GRPO still running (2:46:02) | step 201/500 GAP=+0.958
[21:40:18 +2:48:57] step 202/500 reward=+1.000 villain@odd=1.000 villain@even=0.000 GAP=+1.000 ema=+0.967 groupstd=0.000 rate=0.500 49s/step eta 245.2m
[21:40:18 +2:48:57] [warn] group std 0.000 < 0.05: groups near-uniform, advantages ~0 (stalled or converged).
[21:40:35 +2:49:14] [hb] GRPO still running (2:46:32) | step 202/500 GAP=+0.967
[21:41:05 +2:49:44] [hb] GRPO still running (2:47:02) | step 202/500 GAP=+0.967
[21:41:12 +2:49:51] grade: 64/64 (100%) 11.5/s eta 0.0m
[21:41:12 +2:49:51] grade: done — 64 samples in 5.6s | stall summary {'n': 1, 'stalls': 0, 'median_secs': 5.559912500000792, 'max_secs': 5.559912500000792, 'total_secs': 5.559912500000792}
[21:41:26 +2:50:05] step 203/500 reward=+1.000 villain@odd=1.000 villain@even=0.000 GAP=+1.000 ema=+0.973 groupstd=0.000 rate=0.500 68s/step eta 337.5m
[21:41:26 +2:50:05] [warn] group std 0.000 < 0.05: groups near-uniform, advantages ~0 (stalled or converged).
[21:41:35 +2:50:14] [hb] GRPO still running (2:47:32) | step 203/500 GAP=+0.973
[21:41:59 +2:50:38] grade: 64/64 (100%) 15.4/s eta 0.0m
[21:41:59 +2:50:38] grade: done — 64 samples in 4.1s | stall summary {'n': 1, 'stalls': 0, 'median_secs': 4.147285499995633, 'max_secs': 4.147285499995633, 'total_secs': 4.147285499995633}
[21:42:05 +2:50:44] [hb] GRPO still running (2:48:02) | step 203/500 GAP=+0.973
[21:42:15 +2:50:54] step 204/500 reward=+0.750 villain@odd=1.000 villain@even=0.250 GAP=+0.750 ema=+0.929 groupstd=0.000 rate=0.625 48s/step eta 238.1m
[21:42:15 +2:50:54] [warn] group std 0.000 < 0.05: groups near-uniform, advantages ~0 (stalled or converged).
[21:42:35 +2:51:14] [hb] GRPO still running (2:48:32) | step 204/500 GAP=+0.929
[21:42:50 +2:51:29] grade: 64/64 (100%) 12.9/s eta 0.0m
[21:42:50 +2:51:29] grade: done — 64 samples in 5.0s | stall summary {'n': 1, 'stalls': 0, 'median_secs': 4.955119300000661, 'max_secs': 4.955119300000661, 'total_secs': 4.955119300000661}
[21:43:05 +2:51:44] [hb] GRPO still running (2:49:02) | step 204/500 GAP=+0.929
[21:43:07 +2:51:46] step 205/500 reward=+1.000 villain@odd=1.000 villain@even=0.000 GAP=+1.000 ema=+0.943 groupstd=0.000 rate=0.500 53s/step eta 259.3m
[21:43:07 +2:51:46] [warn] group std 0.000 < 0.05: groups near-uniform, advantages ~0 (stalled or converged).
[21:43:35 +2:52:14] [hb] GRPO still running (2:49:32) | step 205/500 GAP=+0.943
[21:43:40 +2:52:19] grade: 64/64 (100%) 20.3/s eta 0.0m
[21:43:40 +2:52:19] grade: done — 64 samples in 3.1s | stall summary {'n': 1, 'stalls': 0, 'median_secs': 3.146603500004858, 'max_secs': 3.146603500004858, 'total_secs': 3.146603500004858}
[21:43:57 +2:52:36] step 206/500 reward=+1.000 villain@odd=1.000 villain@even=0.000 GAP=+1.000 ema=+0.954 groupstd=0.000 rate=0.500 50s/step eta 242.6m
[21:43:57 +2:52:36] [warn] group std 0.000 < 0.05: groups near-uniform, advantages ~0 (stalled or converged).
[21:44:05 +2:52:44] [hb] GRPO still running (2:50:02) | step 206/500 GAP=+0.954
[21:44:27 +2:53:06] grade: 64/64 (100%) 22.1/s eta 0.0m
[21:44:27 +2:53:06] grade: done — 64 samples in 2.9s | stall summary {'n': 1, 'stalls': 0, 'median_secs': 2.901988400000846, 'max_secs': 2.901988400000846, 'total_secs': 2.901988400000846}
[21:44:35 +2:53:14] [hb] GRPO still running (2:50:32) | step 206/500 GAP=+0.954
[21:44:42 +2:53:21] step 207/500 reward=+1.000 villain@odd=1.000 villain@even=0.000 GAP=+1.000 ema=+0.963 groupstd=0.000 rate=0.500 46s/step eta 222.3m
[21:44:42 +2:53:21] [warn] group std 0.000 < 0.05: groups near-uniform, advantages ~0 (stalled or converged).
[21:45:05 +2:53:44] [hb] GRPO still running (2:51:02) | step 207/500 GAP=+0.963
[21:45:19 +2:53:58] grade: 64/64 (100%) 13.4/s eta 0.0m
[21:45:19 +2:53:58] grade: done — 64 samples in 4.8s | stall summary {'n': 1, 'stalls': 0, 'median_secs': 4.793093200001749, 'max_secs': 4.793093200001749, 'total_secs': 4.793093200001749}
[21:45:34 +2:54:13] step 208/500 reward=+1.000 villain@odd=1.000 villain@even=0.000 GAP=+1.000 ema=+0.971 groupstd=0.000 rate=0.500 52s/step eta 251.3m
[21:45:34 +2:54:13] [warn] group std 0.000 < 0.05: groups near-uniform, advantages ~0 (stalled or converged).
[21:45:35 +2:54:14] [hb] GRPO still running (2:51:32) | step 208/500 GAP=+0.971
[21:46:05 +2:54:44] [hb] GRPO still running (2:52:02) | step 208/500 GAP=+0.971
[21:46:06 +2:54:44] grade: 64/64 (100%) 17.6/s eta 0.0m
[21:46:06 +2:54:44] grade: done — 64 samples in 3.6s | stall summary {'n': 1, 'stalls': 0, 'median_secs': 3.630195300000196, 'max_secs': 3.630195300000196, 'total_secs': 3.630195300000196}
[21:46:19 +2:54:58] step 209/500 reward=+1.000 villain@odd=1.000 villain@even=0.000 GAP=+1.000 ema=+0.977 groupstd=0.000 rate=0.500 45s/step eta 218.7m
[21:46:19 +2:54:58] [warn] group std 0.000 < 0.05: groups near-uniform, advantages ~0 (stalled or converged).
[21:46:35 +2:55:14] [hb] GRPO still running (2:52:32) | step 209/500 GAP=+0.977
[21:46:52 +2:55:31] grade: 64/64 (100%) 26.2/s eta 0.0m
[21:46:52 +2:55:31] grade: done — 64 samples in 2.4s | stall summary {'n': 1, 'stalls': 0, 'median_secs': 2.4397085000018706, 'max_secs': 2.4397085000018706, 'total_secs': 2.4397085000018706}
[21:47:05 +2:55:44] [hb] GRPO still running (2:53:02) | step 209/500 GAP=+0.977
[21:47:08 +2:55:47] step 210/500 reward=+0.969 villain@odd=1.000 villain@even=0.031 GAP=+0.969 ema=+0.975 groupstd=0.083 rate=0.516 49s/step eta 236.1m
[21:47:35 +2:56:14] [hb] GRPO still running (2:53:32) | step 210/500 GAP=+0.975
[21:47:41 +2:56:20] grade: 64/64 (100%) 19.1/s eta 0.0m
[21:47:41 +2:56:20] grade: done — 64 samples in 3.4s | stall summary {'n': 1, 'stalls': 0, 'median_secs': 3.3566671000007773, 'max_secs': 3.3566671000007773, 'total_secs': 3.3566671000007773}
[21:47:58 +2:56:37] step 211/500 reward=+0.875 villain@odd=1.000 villain@even=0.125 GAP=+0.875 ema=+0.955 groupstd=0.274 rate=0.562 50s/step eta 242.5m
[21:48:05 +2:56:44] [hb] GRPO still running (2:54:02) | step 211/500 GAP=+0.955
[21:48:32 +2:57:11] grade: 64/64 (100%) 13.1/s eta 0.0m
[21:48:32 +2:57:11] grade: done — 64 samples in 4.9s | stall summary {'n': 1, 'stalls': 0, 'median_secs': 4.877090099995257, 'max_secs': 4.877090099995257, 'total_secs': 4.877090099995257}
[21:48:35 +2:57:14] [hb] GRPO still running (2:54:32) | step 211/500 GAP=+0.955
[21:48:45 +2:57:24] step 212/500 reward=+1.000 villain@odd=1.000 villain@even=0.000 GAP=+1.000 ema=+0.964 groupstd=0.000 rate=0.500 47s/step eta 224.4m
[21:48:45 +2:57:24] [warn] group std 0.000 < 0.05: groups near-uniform, advantages ~0 (stalled or converged).
[21:49:05 +2:57:44] [hb] GRPO still running (2:55:02) | step 212/500 GAP=+0.964
[21:49:19 +2:57:58] grade: 64/64 (100%) 9.9/s eta 0.0m
[21:49:19 +2:57:58] grade: done — 64 samples in 6.5s | stall summary {'n': 1, 'stalls': 0, 'median_secs': 6.48608200000308, 'max_secs': 6.48608200000308, 'total_secs': 6.48608200000308}
[21:49:34 +2:58:13] step 213/500 reward=+1.000 villain@odd=1.000 villain@even=0.000 GAP=+1.000 ema=+0.971 groupstd=0.000 rate=0.500 49s/step eta 233.8m
[21:49:34 +2:58:13] [warn] group std 0.000 < 0.05: groups near-uniform, advantages ~0 (stalled or converged).
[21:49:35 +2:58:14] [hb] GRPO still running (2:55:32) | step 213/500 GAP=+0.971
[21:50:05 +2:58:44] [hb] GRPO still running (2:56:02) | step 213/500 GAP=+0.971
[21:50:05 +2:58:44] grade: 64/64 (100%) 18.8/s eta 0.0m
[21:50:05 +2:58:44] grade: done — 64 samples in 3.4s | stall summary {'n': 1, 'stalls': 0, 'median_secs': 3.4040050999974483, 'max_secs': 3.4040050999974483, 'total_secs': 3.4040050999974483}
[21:50:22 +2:59:01] step 214/500 reward=+1.000 villain@odd=1.000 villain@even=0.000 GAP=+1.000 ema=+0.977 groupstd=0.000 rate=0.500 48s/step eta 229.5m
[21:50:22 +2:59:01] [warn] group std 0.000 < 0.05: groups near-uniform, advantages ~0 (stalled or converged).
[21:50:35 +2:59:14] [hb] GRPO still running (2:56:32) | step 214/500 GAP=+0.977
[21:50:54 +2:59:33] grade: 64/64 (100%) 14.1/s eta 0.0m
[21:50:54 +2:59:33] grade: done — 64 samples in 4.5s | stall summary {'n': 1, 'stalls': 0, 'median_secs': 4.526031800000055, 'max_secs': 4.526031800000055, 'total_secs': 4.526031800000055}
[21:51:04 +2:59:43] step 215/500 reward=+1.000 villain@odd=1.000 villain@even=0.000 GAP=+1.000 ema=+0.982 groupstd=0.000 rate=0.500 41s/step eta 197.0m
[21:51:04 +2:59:43] [warn] group std 0.000 < 0.05: groups near-uniform, advantages ~0 (stalled or converged).
[21:51:05 +2:59:44] [hb] GRPO still running (2:57:02) | step 215/500 GAP=+0.982
[21:51:35 +3:00:14] [hb] GRPO still running (2:57:32) | step 215/500 GAP=+0.982
[21:51:36 +3:00:15] grade: 64/64 (100%) 29.9/s eta 0.0m
[21:51:36 +3:00:15] grade: done — 64 samples in 2.1s | stall summary {'n': 1, 'stalls': 0, 'median_secs': 2.1374211000002106, 'max_secs': 2.1374211000002106, 'total_secs': 2.1374211000002106}
[21:51:53 +3:00:32] step 216/500 reward=+1.000 villain@odd=1.000 villain@even=0.000 GAP=+1.000 ema=+0.985 groupstd=0.000 rate=0.500 50s/step eta 235.1m
[21:51:53 +3:00:32] [warn] group std 0.000 < 0.05: groups near-uniform, advantages ~0 (stalled or converged).
[21:52:05 +3:00:44] [hb] GRPO still running (2:58:02) | step 216/500 GAP=+0.985
[21:52:26 +3:01:05] grade: 64/64 (100%) 27.0/s eta 0.0m
[21:52:26 +3:01:05] grade: done — 64 samples in 2.4s | stall summary {'n': 1, 'stalls': 0, 'median_secs': 2.37101559999428, 'max_secs': 2.37101559999428, 'total_secs': 2.37101559999428}
[21:52:35 +3:01:14] [hb] GRPO still running (2:58:32) | step 216/500 GAP=+0.985
[21:52:45 +3:01:24] step 217/500 reward=+0.969 villain@odd=1.000 villain@even=0.031 GAP=+0.969 ema=+0.982 groupstd=0.083 rate=0.516 52s/step eta 243.3m
[21:53:05 +3:01:44] [hb] GRPO still running (2:59:03) | step 217/500 GAP=+0.982
[21:53:20 +3:01:59] grade: 64/64 (100%) 17.3/s eta 0.0m
[21:53:20 +3:01:59] grade: done — 64 samples in 3.7s | stall summary {'n': 1, 'stalls': 0, 'median_secs': 3.6979427999976906, 'max_secs': 3.6979427999976906, 'total_secs': 3.6979427999976906}
[21:53:35 +3:02:14] [hb] GRPO still running (2:59:33) | step 217/500 GAP=+0.982
[21:53:35 +3:02:14] step 218/500 reward=+1.000 villain@odd=1.000 villain@even=0.000 GAP=+1.000 ema=+0.986 groupstd=0.000 rate=0.500 50s/step eta 236.1m
[21:53:35 +3:02:14] [warn] group std 0.000 < 0.05: groups near-uniform, advantages ~0 (stalled or converged).
[21:54:05 +3:02:44] [hb] GRPO still running (3:00:03) | step 218/500 GAP=+0.986
[21:54:10 +3:02:49] grade: 64/64 (100%) 17.8/s eta 0.0m
[21:54:10 +3:02:49] grade: done — 64 samples in 3.6s | stall summary {'n': 1, 'stalls': 0, 'median_secs': 3.600114900000335, 'max_secs': 3.600114900000335, 'total_secs': 3.600114900000335}
[21:54:29 +3:03:08] step 219/500 reward=+1.000 villain@odd=1.000 villain@even=0.000 GAP=+1.000 ema=+0.988 groupstd=0.000 rate=0.500 54s/step eta 254.3m
[21:54:29 +3:03:08] [warn] group std 0.000 < 0.05: groups near-uniform, advantages ~0 (stalled or converged).
[21:54:35 +3:03:14] [hb] GRPO still running (3:00:33) | step 219/500 GAP=+0.988
[21:54:57 +3:03:36] grade: 64/64 (100%) 19.1/s eta 0.0m
[21:54:57 +3:03:36] grade: done — 64 samples in 3.4s | stall summary {'n': 1, 'stalls': 0, 'median_secs': 3.3519576999970013, 'max_secs': 3.3519576999970013, 'total_secs': 3.3519576999970013}
[21:55:05 +3:03:44] [hb] GRPO still running (3:01:03) | step 219/500 GAP=+0.988
[21:55:09 +3:03:48] step 220/500 reward=+0.969 villain@odd=0.969 villain@even=0.000 GAP=+0.969 ema=+0.985 groupstd=0.083 rate=0.484 40s/step eta 184.7m
[21:55:35 +3:04:14] [hb] GRPO still running (3:01:33) | step 220/500 GAP=+0.985
[21:55:38 +3:04:17] grade: 64/64 (100%) 29.9/s eta 0.0m
[21:55:38 +3:04:17] grade: done — 64 samples in 2.1s | stall summary {'n': 1, 'stalls': 0, 'median_secs': 2.1384295000025304, 'max_secs': 2.1384295000025304, 'total_secs': 2.1384295000025304}
[21:55:54 +3:04:33] step 221/500 reward=+0.844 villain@odd=1.000 villain@even=0.156 GAP=+0.844 ema=+0.956 groupstd=0.121 rate=0.578 45s/step eta 208.2m
[21:56:05 +3:04:44] [hb] GRPO still running (3:02:03) | step 221/500 GAP=+0.956
[21:56:28 +3:05:07] grade: 64/64 (100%) 5.7/s eta 0.0m
[21:56:28 +3:05:07] grade: done — 64 samples in 11.3s | stall summary {'n': 1, 'stalls': 0, 'median_secs': 11.306986899995536, 'max_secs': 11.306986899995536, 'total_secs': 11.306986899995536}
[21:56:35 +3:05:14] [hb] GRPO still running (3:02:33) | step 221/500 GAP=+0.956
[21:56:42 +3:05:21] step 222/500 reward=+0.719 villain@odd=0.750 villain@even=0.031 GAP=+0.719 ema=+0.909 groupstd=0.083 rate=0.391 49s/step eta 225.0m
[21:57:05 +3:05:44] [hb] GRPO still running (3:03:03) | step 222/500 GAP=+0.909
[21:57:15 +3:05:54] grade: 64/64 (100%) 18.9/s eta 0.0m
[21:57:15 +3:05:54] grade: done — 64 samples in 3.4s | stall summary {'n': 1, 'stalls': 0, 'median_secs': 3.381389999995008, 'max_secs': 3.381389999995008, 'total_secs': 3.381389999995008}
[21:57:29 +3:06:08] step 223/500 reward=+1.000 villain@odd=1.000 villain@even=0.000 GAP=+1.000 ema=+0.927 groupstd=0.000 rate=0.500 47s/step eta 216.1m
[21:57:29 +3:06:08] [warn] group std 0.000 < 0.05: groups near-uniform, advantages ~0 (stalled or converged).
[21:57:35 +3:06:14] [hb] GRPO still running (3:03:33) | step 223/500 GAP=+0.927
[21:58:05 +3:06:44] [hb] GRPO still running (3:04:03) | step 223/500 GAP=+0.927
[21:58:13 +3:06:52] grade: 64/64 (100%) 17.5/s eta 0.0m
[21:58:13 +3:06:52] grade: done — 64 samples in 3.7s | stall summary {'n': 1, 'stalls': 0, 'median_secs': 3.653169600002002, 'max_secs': 3.653169600002002, 'total_secs': 3.653169600002002}
[21:58:28 +3:07:07] step 224/500 reward=+1.000 villain@odd=1.000 villain@even=0.000 GAP=+1.000 ema=+0.942 groupstd=0.000 rate=0.500 59s/step eta 272.9m
[21:58:28 +3:07:07] [warn] group std 0.000 < 0.05: groups near-uniform, advantages ~0 (stalled or converged).
[21:58:35 +3:07:14] [hb] GRPO still running (3:04:33) | step 224/500 GAP=+0.942
[21:58:56 +3:07:35] grade: 64/64 (100%) 18.3/s eta 0.0m
[21:58:56 +3:07:35] grade: done — 64 samples in 3.5s | stall summary {'n': 1, 'stalls': 0, 'median_secs': 3.5060564000013983, 'max_secs': 3.5060564000013983, 'total_secs': 3.5060564000013983}
[21:59:05 +3:07:44] [hb] GRPO still running (3:05:03) | step 224/500 GAP=+0.942
[21:59:11 +3:07:50] step 225/500 reward=+0.969 villain@odd=0.969 villain@even=0.000 GAP=+0.969 ema=+0.947 groupstd=0.083 rate=0.484 42s/step eta 194.7m
[21:59:11 +3:07:50] === BEGIN eval @ step 225 ===
[21:59:35 +3:08:14] [hb] GRPO still running (3:05:33) | step 225/500 GAP=+0.947
[21:59:37 +3:08:16] eval[mid]: 32/200 (16%) 1.8/s eta 1.5m
[21:59:41 +3:08:20] [hb] eval @ step 225 still running (0:00:30)
[21:59:49 +3:08:28] eval[mid]: 64/200 (32%) 2.2/s eta 1.1m
[21:59:49 +3:08:28] [hb] eval[mid] still running (0:00:30) | 64/200 (2.2/s, eta 1.1m)
[22:00:00 +3:08:39] eval[mid]: 96/200 (48%) 2.3/s eta 0.7m
[22:00:05 +3:08:44] [hb] GRPO still running (3:06:03) | step 225/500 GAP=+0.947
[22:00:10 +3:08:49] eval[mid]: 128/200 (64%) 2.5/s eta 0.5m
[22:00:11 +3:08:50] [hb] eval @ step 225 still running (0:01:00)
[22:00:19 +3:08:58] eval[mid]: 160/200 (80%) 2.7/s eta 0.2m
[22:00:19 +3:08:58] [hb] eval[mid] still running (0:01:00) | 160/200 (2.7/s, eta 0.2m)
[22:00:29 +3:09:08] eval[mid]: 192/200 (96%) 2.8/s eta 0.0m
[22:00:35 +3:09:14] [hb] GRPO still running (3:06:33) | step 225/500 GAP=+0.947
[22:00:37 +3:09:16] eval[mid]: 200/200 (100%) 2.6/s eta 0.0m
[22:00:37 +3:09:16] eval[mid]: done — 200 samples in 77.3s | stall summary {'n': 7, 'stalls': 0, 'median_secs': 10.198128799995175, 'max_secs': 17.657564499997534, 'total_secs': 77.3285257000025}
[22:00:41 +3:09:20] [hb] eval @ step 225 still running (0:01:30)
[22:00:43 +3:09:22] grade: 64/200 (32%) 9.7/s eta 0.2m
[22:00:46 +3:09:25] grade: 128/200 (64%) 14.0/s eta 0.1m
[22:00:48 +3:09:27] grade: 192/200 (96%) 17.0/s eta 0.0m
[22:00:50 +3:09:29] grade: 200/200 (100%) 15.4/s eta 0.0m
[22:00:50 +3:09:29] grade: done — 200 samples in 13.0s | stall summary {'n': 4, 'stalls': 0, 'median_secs': 2.3251932999992277, 'max_secs': 6.616407200002868, 'total_secs': 12.9620367000025}
[22:00:50 +3:09:29]   EVAL[mid] step 225: villain@pos=0.980 villain@neg=0.010 GAP=+0.970 (n=200, held-out problems)
[22:00:50 +3:09:29]   EVAL[mid] step 225: INCONSISTENT-only villain@pos=0.926 villain@neg=0.000 GAP=+0.926 (n=43: 27 pos / 16 neg)
[22:00:50 +3:09:29]   EVAL[mid] step 225: readout(is-53) 1.000 CI[0.824,1.000] n=18 | consistent 1.000 CI[0.342,1.000] n=2 | INCONSISTENT 1.000 CI[0.806,1.000] n=16
[22:00:50 +3:09:29] === END eval @ step 225 (0:01:38) ===
[22:01:02 +3:09:41] checkpoint @step 225: tinker://f0a601e7-4c97-5205-813d-b01a46dc2286:train:0/weights/v53night-s225
[22:01:05 +3:09:44] [hb] GRPO still running (3:07:03) | step 225/500 GAP=+0.947
[22:01:35 +3:10:14] [hb] GRPO still running (3:07:33) | step 225/500 GAP=+0.947
[22:01:54 +3:10:33] grade: 64/64 (100%) 3.1/s eta 0.0m
[22:01:54 +3:10:33] grade: done — 64 samples in 20.4s | stall summary {'n': 1, 'stalls': 0, 'median_secs': 20.422029699999257, 'max_secs': 20.422029699999257, 'total_secs': 20.422029699999257}
[22:02:05 +3:10:44] [hb] GRPO still running (3:08:03) | step 225/500 GAP=+0.947
[22:02:09 +3:10:48] step 226/500 reward=+1.000 villain@odd=1.000 villain@even=0.000 GAP=+1.000 ema=+0.958 groupstd=0.000 rate=0.500 67s/step eta 307.4m
[22:02:09 +3:10:48] [warn] group std 0.000 < 0.05: groups near-uniform, advantages ~0 (stalled or converged).
[22:02:35 +3:11:14] [hb] GRPO still running (3:08:33) | step 226/500 GAP=+0.958
[22:03:05 +3:11:44] [hb] GRPO still running (3:09:03) | step 226/500 GAP=+0.958
[22:03:06 +3:11:45] grade: 64/64 (100%) 2.4/s eta 0.0m
[22:03:06 +3:11:45] grade: done — 64 samples in 26.2s | stall summary {'n': 1, 'stalls': 0, 'median_secs': 26.208606499996677, 'max_secs': 26.208606499996677, 'total_secs': 26.208606499996677}
[22:03:21 +3:12:00] step 227/500 reward=+1.000 villain@odd=1.000 villain@even=0.000 GAP=+1.000 ema=+0.966 groupstd=0.000 rate=0.500 72s/step eta 326.4m
[22:03:21 +3:12:00] [warn] group std 0.000 < 0.05: groups near-uniform, advantages ~0 (stalled or converged).
[22:03:35 +3:12:14] [hb] GRPO still running (3:09:33) | step 227/500 GAP=+0.966
[22:03:53 +3:12:32] grade: 64/64 (100%) 15.2/s eta 0.0m
[22:03:53 +3:12:32] grade: done — 64 samples in 4.2s | stall summary {'n': 1, 'stalls': 0, 'median_secs': 4.209739999998419, 'max_secs': 4.209739999998419, 'total_secs': 4.209739999998419}
[22:04:05 +3:12:44] [hb] GRPO still running (3:10:03) | step 227/500 GAP=+0.966
[22:04:07 +3:12:46] step 228/500 reward=+0.969 villain@odd=1.000 villain@even=0.031 GAP=+0.969 ema=+0.967 groupstd=0.083 rate=0.516 46s/step eta 208.0m
[22:04:35 +3:13:14] [hb] GRPO still running (3:10:33) | step 228/500 GAP=+0.967
[22:05:04 +3:13:43] [hb] grade still running (0:00:30)
[22:05:05 +3:13:44] [hb] GRPO still running (3:11:03) | step 228/500 GAP=+0.967
[22:05:08 +3:13:47] grade: 64/64 (100%) 1.9/s eta 0.0m
[22:05:08 +3:13:47] grade: done — 64 samples in 34.0s | stall summary {'n': 1, 'stalls': 0, 'median_secs': 34.032545399997616, 'max_secs': 34.032545399997616, 'total_secs': 34.032545399997616}
[22:05:23 +3:14:02] step 229/500 reward=+1.000 villain@odd=1.000 villain@even=0.000 GAP=+1.000 ema=+0.973 groupstd=0.000 rate=0.500 76s/step eta 343.5m
[22:05:23 +3:14:02] [warn] group std 0.000 < 0.05: groups near-uniform, advantages ~0 (stalled or converged).
[22:05:35 +3:14:14] [hb] GRPO still running (3:11:33) | step 229/500 GAP=+0.973
[22:05:51 +3:14:30] grade: 64/64 (100%) 15.7/s eta 0.0m
[22:05:51 +3:14:30] grade: done — 64 samples in 4.1s | stall summary {'n': 1, 'stalls': 0, 'median_secs': 4.083345300001383, 'max_secs': 4.083345300001383, 'total_secs': 4.083345300001383}
[22:06:03 +3:14:42] step 230/500 reward=+1.000 villain@odd=1.000 villain@even=0.000 GAP=+1.000 ema=+0.979 groupstd=0.000 rate=0.500 40s/step eta 179.5m
[22:06:03 +3:14:42] [warn] group std 0.000 < 0.05: groups near-uniform, advantages ~0 (stalled or converged).
[22:06:05 +3:14:44] [hb] GRPO still running (3:12:03) | step 230/500 GAP=+0.979
[22:06:32 +3:15:11] grade: 64/64 (100%) 29.8/s eta 0.0m
[22:06:32 +3:15:11] grade: done — 64 samples in 2.1s | stall summary {'n': 1, 'stalls': 0, 'median_secs': 2.1489890000011656, 'max_secs': 2.1489890000011656, 'total_secs': 2.1489890000011656}
[22:06:35 +3:15:14] [hb] GRPO still running (3:12:33) | step 230/500 GAP=+0.979
[22:06:46 +3:15:25] step 231/500 reward=+1.000 villain@odd=1.000 villain@even=0.000 GAP=+1.000 ema=+0.983 groupstd=0.000 rate=0.500 44s/step eta 195.6m
[22:06:46 +3:15:25] [warn] group std 0.000 < 0.05: groups near-uniform, advantages ~0 (stalled or converged).
[22:07:05 +3:15:44] [hb] GRPO still running (3:13:03) | step 231/500 GAP=+0.983
[22:07:16 +3:15:55] grade: 64/64 (100%) 10.1/s eta 0.0m
[22:07:16 +3:15:55] grade: done — 64 samples in 6.3s | stall summary {'n': 1, 'stalls': 0, 'median_secs': 6.314263199994457, 'max_secs': 6.314263199994457, 'total_secs': 6.314263199994457}
[22:07:31 +3:16:10] step 232/500 reward=+1.000 villain@odd=1.000 villain@even=0.000 GAP=+1.000 ema=+0.986 groupstd=0.000 rate=0.500 44s/step eta 198.0m
[22:07:31 +3:16:10] [warn] group std 0.000 < 0.05: groups near-uniform, advantages ~0 (stalled or converged).
[22:07:35 +3:16:14] [hb] GRPO still running (3:13:33) | step 232/500 GAP=+0.986
[22:08:05 +3:16:44] [hb] GRPO still running (3:14:03) | step 232/500 GAP=+0.986
[22:08:20 +3:16:59] grade: 64/64 (100%) 3.6/s eta 0.0m
[22:08:20 +3:16:59] grade: done — 64 samples in 17.9s | stall summary {'n': 1, 'stalls': 0, 'median_secs': 17.868807700004254, 'max_secs': 17.868807700004254, 'total_secs': 17.868807700004254}
[22:08:35 +3:17:14] [hb] GRPO still running (3:14:33) | step 232/500 GAP=+0.986
[22:08:35 +3:17:14] step 233/500 reward=+1.000 villain@odd=1.000 villain@even=0.000 GAP=+1.000 ema=+0.989 groupstd=0.000 rate=0.500 65s/step eta 287.4m
[22:08:35 +3:17:14] [warn] group std 0.000 < 0.05: groups near-uniform, advantages ~0 (stalled or converged).
[22:09:05 +3:17:44] [hb] GRPO still running (3:15:03) | step 233/500 GAP=+0.989
[22:09:10 +3:17:49] grade: 64/64 (100%) 11.0/s eta 0.0m
[22:09:10 +3:17:49] grade: done — 64 samples in 5.8s | stall summary {'n': 1, 'stalls': 0, 'median_secs': 5.844284699996933, 'max_secs': 5.844284699996933, 'total_secs': 5.844284699996933}
[22:09:25 +3:18:04] step 234/500 reward=+0.844 villain@odd=0.844 villain@even=0.000 GAP=+0.844 ema=+0.960 groupstd=0.121 rate=0.422 50s/step eta 220.2m
[22:09:35 +3:18:14] [hb] GRPO still running (3:15:33) | step 234/500 GAP=+0.960
[22:09:58 +3:18:37] grade: 64/64 (100%) 9.9/s eta 0.0m
[22:09:58 +3:18:37] grade: done — 64 samples in 6.5s | stall summary {'n': 1, 'stalls': 0, 'median_secs': 6.450648800004274, 'max_secs': 6.450648800004274, 'total_secs': 6.450648800004274}
[22:10:05 +3:18:44] [hb] GRPO still running (3:16:03) | step 234/500 GAP=+0.960
[22:10:14 +3:18:53] step 235/500 reward=+1.000 villain@odd=1.000 villain@even=0.000 GAP=+1.000 ema=+0.968 groupstd=0.000 rate=0.500 49s/step eta 216.9m
[22:10:14 +3:18:53] [warn] group std 0.000 < 0.05: groups near-uniform, advantages ~0 (stalled or converged).
[22:10:35 +3:19:14] [hb] GRPO still running (3:16:33) | step 235/500 GAP=+0.968
[22:10:50 +3:19:29] grade: 64/64 (100%) 18.9/s eta 0.0m
[22:10:50 +3:19:29] grade: done — 64 samples in 3.4s | stall summary {'n': 1, 'stalls': 0, 'median_secs': 3.377623799999128, 'max_secs': 3.377623799999128, 'total_secs': 3.377623799999128}
[22:11:04 +3:19:43] step 236/500 reward=+1.000 villain@odd=1.000 villain@even=0.000 GAP=+1.000 ema=+0.974 groupstd=0.000 rate=0.500 50s/step eta 219.0m
[22:11:04 +3:19:43] [warn] group std 0.000 < 0.05: groups near-uniform, advantages ~0 (stalled or converged).
[22:11:05 +3:19:44] [hb] GRPO still running (3:17:03) | step 236/500 GAP=+0.974
[22:11:35 +3:20:14] [hb] GRPO still running (3:17:33) | step 236/500 GAP=+0.974
[22:11:39 +3:20:18] grade: 64/64 (100%) 9.0/s eta 0.0m
[22:11:39 +3:20:18] grade: done — 64 samples in 7.1s | stall summary {'n': 1, 'stalls': 0, 'median_secs': 7.102809000003617, 'max_secs': 7.102809000003617, 'total_secs': 7.102809000003617}
[22:11:52 +3:20:31] step 237/500 reward=+1.000 villain@odd=1.000 villain@even=0.000 GAP=+1.000 ema=+0.980 groupstd=0.000 rate=0.500 48s/step eta 211.7m
[22:11:52 +3:20:31] [warn] group std 0.000 < 0.05: groups near-uniform, advantages ~0 (stalled or converged).
[22:12:05 +3:20:44] [hb] GRPO still running (3:18:03) | step 237/500 GAP=+0.980
[22:12:29 +3:21:08] grade: 64/64 (100%) 4.7/s eta 0.0m
[22:12:29 +3:21:08] grade: done — 64 samples in 13.6s | stall summary {'n': 1, 'stalls': 0, 'median_secs': 13.598220600004424, 'max_secs': 13.598220600004424, 'total_secs': 13.598220600004424}
[22:12:35 +3:21:14] [hb] GRPO still running (3:18:33) | step 237/500 GAP=+0.980
[22:12:43 +3:21:22] step 238/500 reward=+1.000 villain@odd=1.000 villain@even=0.000 GAP=+1.000 ema=+0.984 groupstd=0.000 rate=0.500 51s/step eta 222.3m
[22:12:43 +3:21:22] [warn] group std 0.000 < 0.05: groups near-uniform, advantages ~0 (stalled or converged).
[22:13:05 +3:21:44] [hb] GRPO still running (3:19:03) | step 238/500 GAP=+0.984
[22:13:19 +3:21:58] grade: 64/64 (100%) 7.3/s eta 0.0m
[22:13:19 +3:21:58] grade: done — 64 samples in 8.8s | stall summary {'n': 1, 'stalls': 0, 'median_secs': 8.775437100004638, 'max_secs': 8.775437100004638, 'total_secs': 8.775437100004638}
[22:13:35 +3:22:14] [hb] GRPO still running (3:19:33) | step 238/500 GAP=+0.984
[22:13:36 +3:22:15] step 239/500 reward=+1.000 villain@odd=1.000 villain@even=0.000 GAP=+1.000 ema=+0.987 groupstd=0.000 rate=0.500 53s/step eta 229.5m
[22:13:36 +3:22:15] [warn] group std 0.000 < 0.05: groups near-uniform, advantages ~0 (stalled or converged).
[22:14:05 +3:22:44] grade: 64/64 (100%) 32.7/s eta 0.0m
[22:14:05 +3:22:44] grade: done — 64 samples in 2.0s | stall summary {'n': 1, 'stalls': 0, 'median_secs': 1.956024899998738, 'max_secs': 1.956024899998738, 'total_secs': 1.956024899998738}
[22:14:05 +3:22:44] [hb] GRPO still running (3:20:03) | step 239/500 GAP=+0.987
[22:14:19 +3:22:58] step 240/500 reward=+1.000 villain@odd=1.000 villain@even=0.000 GAP=+1.000 ema=+0.990 groupstd=0.000 rate=0.500 43s/step eta 185.7m
[22:14:19 +3:22:58] [warn] group std 0.000 < 0.05: groups near-uniform, advantages ~0 (stalled or converged).
[22:14:35 +3:23:14] [hb] GRPO still running (3:20:33) | step 240/500 GAP=+0.990
[22:14:50 +3:23:29] grade: 64/64 (100%) 33.5/s eta 0.0m
[22:14:50 +3:23:29] grade: done — 64 samples in 1.9s | stall summary {'n': 1, 'stalls': 0, 'median_secs': 1.9124904999989667, 'max_secs': 1.9124904999989667, 'total_secs': 1.9124904999989667}
[22:15:05 +3:23:44] [hb] GRPO still running (3:21:03) | step 240/500 GAP=+0.990
[22:15:05 +3:23:44] step 241/500 reward=+1.000 villain@odd=1.000 villain@even=0.000 GAP=+1.000 ema=+0.992 groupstd=0.000 rate=0.500 47s/step eta 201.4m
[22:15:05 +3:23:44] [warn] group std 0.000 < 0.05: groups near-uniform, advantages ~0 (stalled or converged).
[22:15:33 +3:24:12] grade: 64/64 (100%) 17.5/s eta 0.0m
[22:15:33 +3:24:12] grade: done — 64 samples in 3.6s | stall summary {'n': 1, 'stalls': 0, 'median_secs': 3.648989799999981, 'max_secs': 3.648989799999981, 'total_secs': 3.648989799999981}
[22:15:35 +3:24:14] [hb] GRPO still running (3:21:33) | step 241/500 GAP=+0.992
[22:15:48 +3:24:27] step 242/500 reward=+1.000 villain@odd=1.000 villain@even=0.000 GAP=+1.000 ema=+0.993 groupstd=0.000 rate=0.500 43s/step eta 185.0m
[22:15:48 +3:24:27] [warn] group std 0.000 < 0.05: groups near-uniform, advantages ~0 (stalled or converged).
[22:16:05 +3:24:44] [hb] GRPO still running (3:22:03) | step 242/500 GAP=+0.993
[22:16:20 +3:24:58] grade: 64/64 (100%) 12.1/s eta 0.0m
[22:16:20 +3:24:58] grade: done — 64 samples in 5.3s | stall summary {'n': 1, 'stalls': 0, 'median_secs': 5.297128899997915, 'max_secs': 5.297128899997915, 'total_secs': 5.297128899997915}
[22:16:35 +3:25:14] [hb] GRPO still running (3:22:33) | step 242/500 GAP=+0.993
[22:16:37 +3:25:16] step 243/500 reward=+1.000 villain@odd=1.000 villain@even=0.000 GAP=+1.000 ema=+0.995 groupstd=0.000 rate=0.500 49s/step eta 208.3m
[22:16:37 +3:25:16] [warn] group std 0.000 < 0.05: groups near-uniform, advantages ~0 (stalled or converged).
[22:17:05 +3:25:44] [hb] GRPO still running (3:23:03) | step 243/500 GAP=+0.995
[22:17:35 +3:26:14] grade: 64/64 (100%) 2.1/s eta 0.0m
[22:17:35 +3:26:14] grade: done — 64 samples in 30.0s | stall summary {'n': 1, 'stalls': 0, 'median_secs': 29.997762600003625, 'max_secs': 29.997762600003625, 'total_secs': 29.997762600003625}
[22:17:35 +3:26:14] [hb] GRPO still running (3:23:33) | step 243/500 GAP=+0.995
[22:17:47 +3:26:26] step 244/500 reward=+0.750 villain@odd=1.000 villain@even=0.250 GAP=+0.750 ema=+0.946 groupstd=0.000 rate=0.625 70s/step eta 298.8m
[22:17:47 +3:26:26] [warn] group std 0.000 < 0.05: groups near-uniform, advantages ~0 (stalled or converged).
[22:18:05 +3:26:44] [hb] GRPO still running (3:24:03) | step 244/500 GAP=+0.946
[22:18:18 +3:26:57] grade: 64/64 (100%) 17.3/s eta 0.0m
[22:18:18 +3:26:57] grade: done — 64 samples in 3.7s | stall summary {'n': 1, 'stalls': 0, 'median_secs': 3.704361500000232, 'max_secs': 3.704361500000232, 'total_secs': 3.704361500000232}
[22:18:32 +3:27:11] step 245/500 reward=+1.000 villain@odd=1.000 villain@even=0.000 GAP=+1.000 ema=+0.957 groupstd=0.000 rate=0.500 45s/step eta 189.5m
[22:18:32 +3:27:11] [warn] group std 0.000 < 0.05: groups near-uniform, advantages ~0 (stalled or converged).
[22:18:35 +3:27:14] [hb] GRPO still running (3:24:33) | step 245/500 GAP=+0.957
[22:19:05 +3:27:44] [hb] GRPO still running (3:25:03) | step 245/500 GAP=+0.957
[22:19:19 +3:27:58] grade: 64/64 (100%) 4.6/s eta 0.0m
[22:19:19 +3:27:58] grade: done — 64 samples in 13.8s | stall summary {'n': 1, 'stalls': 0, 'median_secs': 13.782898299999943, 'max_secs': 13.782898299999943, 'total_secs': 13.782898299999943}
[22:19:35 +3:28:14] step 246/500 reward=+1.000 villain@odd=1.000 villain@even=0.000 GAP=+1.000 ema=+0.965 groupstd=0.000 rate=0.500 63s/step eta 268.8m
[22:19:35 +3:28:14] [warn] group std 0.000 < 0.05: groups near-uniform, advantages ~0 (stalled or converged).
[22:19:35 +3:28:14] [hb] GRPO still running (3:25:33) | step 246/500 GAP=+0.965
[22:20:04 +3:28:43] grade: 64/64 (100%) 14.5/s eta 0.0m
[22:20:04 +3:28:43] grade: done — 64 samples in 4.4s | stall summary {'n': 1, 'stalls': 0, 'median_secs': 4.417421700003615, 'max_secs': 4.417421700003615, 'total_secs': 4.417421700003615}
[22:20:05 +3:28:44] [hb] GRPO still running (3:26:03) | step 246/500 GAP=+0.965
[22:20:18 +3:28:57] step 247/500 reward=+0.969 villain@odd=1.000 villain@even=0.031 GAP=+0.969 ema=+0.966 groupstd=0.083 rate=0.516 43s/step eta 180.7m
[22:20:35 +3:29:14] [hb] GRPO still running (3:26:33) | step 247/500 GAP=+0.966
[22:21:05 +3:29:44] [hb] GRPO still running (3:27:03) | step 247/500 GAP=+0.966
[22:21:12 +3:29:51] grade: 64/64 (100%) 2.5/s eta 0.0m
[22:21:12 +3:29:51] grade: done — 64 samples in 25.5s | stall summary {'n': 1, 'stalls': 0, 'median_secs': 25.46046610000485, 'max_secs': 25.46046610000485, 'total_secs': 25.46046610000485}
[22:21:25 +3:30:04] step 248/500 reward=+0.906 villain@odd=1.000 villain@even=0.094 GAP=+0.906 ema=+0.954 groupstd=0.121 rate=0.547 67s/step eta 281.1m
[22:21:35 +3:30:14] [hb] GRPO still running (3:27:33) | step 248/500 GAP=+0.954
[22:22:04 +3:30:42] grade: 64/64 (100%) 10.7/s eta 0.0m
[22:22:04 +3:30:42] grade: done — 64 samples in 6.0s | stall summary {'n': 1, 'stalls': 0, 'median_secs': 6.007516200006648, 'max_secs': 6.007516200006648, 'total_secs': 6.007516200006648}
[22:22:05 +3:30:44] [hb] GRPO still running (3:28:03) | step 248/500 GAP=+0.954
[22:22:20 +3:30:59] step 249/500 reward=+1.000 villain@odd=1.000 villain@even=0.000 GAP=+1.000 ema=+0.963 groupstd=0.000 rate=0.500 55s/step eta 228.7m
[22:22:20 +3:30:59] [warn] group std 0.000 < 0.05: groups near-uniform, advantages ~0 (stalled or converged).
[22:22:35 +3:31:14] [hb] GRPO still running (3:28:33) | step 249/500 GAP=+0.963
[22:22:48 +3:31:27] grade: 64/64 (100%) 18.9/s eta 0.0m
[22:22:48 +3:31:27] grade: done — 64 samples in 3.4s | stall summary {'n': 1, 'stalls': 0, 'median_secs': 3.3795676000008825, 'max_secs': 3.3795676000008825, 'total_secs': 3.3795676000008825}
[22:23:04 +3:31:42] step 250/500 reward=+1.000 villain@odd=1.000 villain@even=0.000 GAP=+1.000 ema=+0.971 groupstd=0.000 rate=0.500 44s/step eta 182.7m
[22:23:04 +3:31:42] [warn] group std 0.000 < 0.05: groups near-uniform, advantages ~0 (stalled or converged).
[22:23:04 +3:31:42] === BEGIN eval @ step 250 ===
[22:23:05 +3:31:44] [hb] GRPO still running (3:29:03) | step 250/500 GAP=+0.971
[22:23:34 +3:32:12] [hb] eval @ step 250 still running (0:00:30)
[22:23:35 +3:32:14] eval[mid]: 32/200 (16%) 1.8/s eta 1.6m
[22:23:35 +3:32:14] [hb] GRPO still running (3:29:33) | step 250/500 GAP=+0.971
[22:23:47 +3:32:26] [hb] eval[mid] still running (0:00:30) | 32/200 (1.8/s, eta 1.6m)
[22:23:47 +3:32:26] eval[mid]: 64/200 (32%) 2.1/s eta 1.1m
[22:23:57 +3:32:36] eval[mid]: 96/200 (48%) 2.4/s eta 0.7m
[22:24:04 +3:32:42] [hb] eval @ step 250 still running (0:01:00)
[22:24:05 +3:32:44] [hb] GRPO still running (3:30:03) | step 250/500 GAP=+0.971
[22:24:07 +3:32:46] eval[mid]: 128/200 (64%) 2.6/s eta 0.5m
[22:24:17 +3:32:56] [hb] eval[mid] still running (0:01:00) | 128/200 (2.6/s, eta 0.5m)
[22:24:19 +3:32:58] eval[mid]: 160/200 (80%) 2.6/s eta 0.3m
[22:24:31 +3:33:10] eval[mid]: 192/200 (96%) 2.6/s eta 0.1m
[22:24:34 +3:33:12] [hb] eval @ step 250 still running (0:01:30)
[22:24:35 +3:33:14] [hb] GRPO still running (3:30:33) | step 250/500 GAP=+0.971
[22:24:40 +3:33:19] eval[mid]: 200/200 (100%) 2.4/s eta 0.0m
[22:24:40 +3:33:19] eval[mid]: done — 200 samples in 83.1s | stall summary {'n': 7, 'stalls': 0, 'median_secs': 11.427021499999682, 'max_secs': 17.811136299998907, 'total_secs': 83.14262990000134}
[22:24:43 +3:33:22] grade: 64/200 (32%) 19.4/s eta 0.1m
[22:24:47 +3:33:26] grade: 128/200 (64%) 18.6/s eta 0.1m
[22:24:50 +3:33:29] grade: 192/200 (96%) 19.9/s eta 0.0m
[22:24:52 +3:33:31] grade: 200/200 (100%) 17.3/s eta 0.0m
[22:24:52 +3:33:31] grade: done — 200 samples in 11.5s | stall summary {'n': 4, 'stalls': 0, 'median_secs': 3.0431147999988752, 'max_secs': 3.571614699998463, 'total_secs': 11.538760799994634}
[22:24:52 +3:33:31]   EVAL[mid] step 250: villain@pos=0.990 villain@neg=0.030 GAP=+0.960 (n=200, held-out problems)
[22:24:52 +3:33:31]   EVAL[mid] step 250: INCONSISTENT-only villain@pos=0.963 villain@neg=0.000 GAP=+0.963 (n=43: 27 pos / 16 neg)
[22:24:52 +3:33:31]   EVAL[mid] step 250: readout(is-53) 1.000 CI[0.824,1.000] n=18 | consistent 1.000 CI[0.342,1.000] n=2 | INCONSISTENT 1.000 CI[0.806,1.000] n=16
[22:24:52 +3:33:31] === END eval @ step 250 (0:01:48) ===
[22:25:05 +3:33:44] checkpoint @step 250: tinker://f0a601e7-4c97-5205-813d-b01a46dc2286:train:0/weights/v53night-s250
[22:25:05 +3:33:44] [hb] GRPO still running (3:31:03) | step 250/500 GAP=+0.971
[22:25:35 +3:34:14] [hb] GRPO still running (3:31:33) | step 250/500 GAP=+0.971
[22:26:00 +3:34:39] grade: 64/64 (100%) 10.0/s eta 0.0m
[22:26:00 +3:34:39] grade: done — 64 samples in 6.4s | stall summary {'n': 1, 'stalls': 0, 'median_secs': 6.416016499999387, 'max_secs': 6.416016499999387, 'total_secs': 6.416016499999387}
[22:26:05 +3:34:44] [hb] GRPO still running (3:32:03) | step 250/500 GAP=+0.971
[22:26:17 +3:34:56] step 251/500 reward=+1.000 villain@odd=1.000 villain@even=0.000 GAP=+1.000 ema=+0.976 groupstd=0.000 rate=0.500 72s/step eta 297.7m
[22:26:17 +3:34:56] [warn] group std 0.000 < 0.05: groups near-uniform, advantages ~0 (stalled or converged).
[22:26:35 +3:35:14] [hb] GRPO still running (3:32:33) | step 251/500 GAP=+0.976
[22:27:05 +3:35:44] [hb] GRPO still running (3:33:03) | step 251/500 GAP=+0.976
[22:27:27 +3:36:06] grade: 64/64 (100%) 9.9/s eta 0.0m
[22:27:27 +3:36:06] grade: done — 64 samples in 6.5s | stall summary {'n': 1, 'stalls': 0, 'median_secs': 6.457452900001954, 'max_secs': 6.457452900001954, 'total_secs': 6.457452900001954}
[22:27:35 +3:36:14] [hb] GRPO still running (3:33:33) | step 251/500 GAP=+0.976
[22:27:43 +3:36:22] step 252/500 reward=+1.000 villain@odd=1.000 villain@even=0.000 GAP=+1.000 ema=+0.981 groupstd=0.000 rate=0.500 86s/step eta 355.3m
[22:27:43 +3:36:22] [warn] group std 0.000 < 0.05: groups near-uniform, advantages ~0 (stalled or converged).
[22:28:05 +3:36:44] [hb] GRPO still running (3:34:03) | step 252/500 GAP=+0.981
[22:28:35 +3:37:14] [hb] GRPO still running (3:34:33) | step 252/500 GAP=+0.981
[22:28:46 +3:37:25] grade: 64/64 (100%) 8.1/s eta 0.0m
[22:28:46 +3:37:25] grade: done — 64 samples in 7.9s | stall summary {'n': 1, 'stalls': 0, 'median_secs': 7.879644599997846, 'max_secs': 7.879644599997846, 'total_secs': 7.879644599997846}
[22:29:01 +3:37:40] step 253/500 reward=+1.000 villain@odd=1.000 villain@even=0.000 GAP=+1.000 ema=+0.985 groupstd=0.000 rate=0.500 78s/step eta 322.8m
[22:29:01 +3:37:40] [warn] group std 0.000 < 0.05: groups near-uniform, advantages ~0 (stalled or converged).
[22:29:05 +3:37:44] [hb] GRPO still running (3:35:03) | step 253/500 GAP=+0.985
[22:29:35 +3:38:14] [hb] GRPO still running (3:35:33) | step 253/500 GAP=+0.985
[22:30:05 +3:38:43] grade: 64/64 (100%) 9.9/s eta 0.0m
[22:30:05 +3:38:43] grade: done — 64 samples in 6.5s | stall summary {'n': 1, 'stalls': 0, 'median_secs': 6.473142100003315, 'max_secs': 6.473142100003315, 'total_secs': 6.473142100003315}
[22:30:05 +3:38:44] [hb] GRPO still running (3:36:03) | step 253/500 GAP=+0.985
[22:30:22 +3:39:01] step 254/500 reward=+1.000 villain@odd=1.000 villain@even=0.000 GAP=+1.000 ema=+0.988 groupstd=0.000 rate=0.500 81s/step eta 330.9m
[22:30:22 +3:39:01] [warn] group std 0.000 < 0.05: groups near-uniform, advantages ~0 (stalled or converged).
[22:30:35 +3:39:14] [hb] GRPO still running (3:36:33) | step 254/500 GAP=+0.988
[22:31:05 +3:39:44] [hb] GRPO still running (3:37:03) | step 254/500 GAP=+0.988
[22:31:18 +3:39:57] grade: 64/64 (100%) 10.9/s eta 0.0m
[22:31:18 +3:39:57] grade: done — 64 samples in 5.9s | stall summary {'n': 1, 'stalls': 0, 'median_secs': 5.8630102000024635, 'max_secs': 5.8630102000024635, 'total_secs': 5.8630102000024635}
[22:31:35 +3:40:14] [hb] GRPO still running (3:37:33) | step 254/500 GAP=+0.988
[22:31:36 +3:40:15] step 255/500 reward=+1.000 villain@odd=1.000 villain@even=0.000 GAP=+1.000 ema=+0.990 groupstd=0.000 rate=0.500 74s/step eta 304.0m
[22:31:36 +3:40:15] [warn] group std 0.000 < 0.05: groups near-uniform, advantages ~0 (stalled or converged).
[22:32:05 +3:40:44] [hb] GRPO still running (3:38:03) | step 255/500 GAP=+0.990
[22:32:28 +3:41:07] grade: 64/64 (100%) 12.1/s eta 0.0m
[22:32:28 +3:41:07] grade: done — 64 samples in 5.3s | stall summary {'n': 1, 'stalls': 0, 'median_secs': 5.310896299997694, 'max_secs': 5.310896299997694, 'total_secs': 5.310896299997694}
[22:32:35 +3:41:14] [hb] GRPO still running (3:38:33) | step 255/500 GAP=+0.990
[22:32:41 +3:41:20] step 256/500 reward=+1.000 villain@odd=1.000 villain@even=0.000 GAP=+1.000 ema=+0.992 groupstd=0.000 rate=0.500 65s/step eta 264.8m
[22:32:41 +3:41:20] [warn] group std 0.000 < 0.05: groups near-uniform, advantages ~0 (stalled or converged).
[22:33:05 +3:41:44] [hb] GRPO still running (3:39:03) | step 256/500 GAP=+0.992
[22:33:34 +3:42:13] grade: 64/64 (100%) 13.0/s eta 0.0m
[22:33:34 +3:42:13] grade: done — 64 samples in 4.9s | stall summary {'n': 1, 'stalls': 0, 'median_secs': 4.9289563999991515, 'max_secs': 4.9289563999991515, 'total_secs': 4.9289563999991515}
[22:33:35 +3:42:14] [hb] GRPO still running (3:39:33) | step 256/500 GAP=+0.992
[22:33:46 +3:42:25] step 257/500 reward=+0.750 villain@odd=1.000 villain@even=0.250 GAP=+0.750 ema=+0.944 groupstd=0.000 rate=0.625 65s/step eta 261.8m
[22:33:46 +3:42:25] [warn] group std 0.000 < 0.05: groups near-uniform, advantages ~0 (stalled or converged).
[22:34:05 +3:42:44] [hb] GRPO still running (3:40:03) | step 257/500 GAP=+0.944
[22:34:19 +3:42:58] grade: 64/64 (100%) 9.9/s eta 0.0m
[22:34:19 +3:42:58] grade: done — 64 samples in 6.5s | stall summary {'n': 1, 'stalls': 0, 'median_secs': 6.4830715999996755, 'max_secs': 6.4830715999996755, 'total_secs': 6.4830715999996755}
[22:34:35 +3:43:14] [hb] GRPO still running (3:40:33) | step 257/500 GAP=+0.944
[22:34:37 +3:43:16] step 258/500 reward=+1.000 villain@odd=1.000 villain@even=0.000 GAP=+1.000 ema=+0.955 groupstd=0.000 rate=0.500 51s/step eta 204.0m
[22:34:37 +3:43:16] [warn] group std 0.000 < 0.05: groups near-uniform, advantages ~0 (stalled or converged).
[22:35:05 +3:43:44] [hb] GRPO still running (3:41:03) | step 258/500 GAP=+0.955
[22:35:07 +3:43:46] grade: 64/64 (100%) 20.9/s eta 0.0m
[22:35:07 +3:43:46] grade: done — 64 samples in 3.1s | stall summary {'n': 1, 'stalls': 0, 'median_secs': 3.0657767000011518, 'max_secs': 3.0657767000011518, 'total_secs': 3.0657767000011518}
[22:35:21 +3:44:00] step 259/500 reward=+1.000 villain@odd=1.000 villain@even=0.000 GAP=+1.000 ema=+0.964 groupstd=0.000 rate=0.500 45s/step eta 180.0m
[22:35:21 +3:44:00] [warn] group std 0.000 < 0.05: groups near-uniform, advantages ~0 (stalled or converged).
[22:35:36 +3:44:14] [hb] GRPO still running (3:41:33) | step 259/500 GAP=+0.964
[22:36:06 +3:44:44] [hb] GRPO still running (3:42:03) | step 259/500 GAP=+0.964
[22:36:09 +3:44:48] grade: 64/64 (100%) 26.2/s eta 0.0m
[22:36:09 +3:44:48] grade: done — 64 samples in 2.4s | stall summary {'n': 1, 'stalls': 0, 'median_secs': 2.443188800003554, 'max_secs': 2.443188800003554, 'total_secs': 2.443188800003554}
[22:36:26 +3:45:05] step 260/500 reward=+0.938 villain@odd=1.000 villain@even=0.062 GAP=+0.938 ema=+0.959 groupstd=0.108 rate=0.531 65s/step eta 258.9m
[22:36:36 +3:45:14] [hb] GRPO still running (3:42:33) | step 260/500 GAP=+0.959
[22:37:06 +3:45:44] [hb] GRPO still running (3:43:03) | step 260/500 GAP=+0.959
[22:37:10 +3:45:49] grade: 64/64 (100%) 17.1/s eta 0.0m
[22:37:10 +3:45:49] grade: done — 64 samples in 3.7s | stall summary {'n': 1, 'stalls': 0, 'median_secs': 3.7360889999981737, 'max_secs': 3.7360889999981737, 'total_secs': 3.7360889999981737}
[22:37:24 +3:46:03] step 261/500 reward=+1.000 villain@odd=1.000 villain@even=0.000 GAP=+1.000 ema=+0.967 groupstd=0.000 rate=0.500 58s/step eta 231.8m
[22:37:24 +3:46:03] [warn] group std 0.000 < 0.05: groups near-uniform, advantages ~0 (stalled or converged).
[22:37:36 +3:46:14] [hb] GRPO still running (3:43:33) | step 261/500 GAP=+0.967
[22:38:06 +3:46:44] [hb] GRPO still running (3:44:03) | step 261/500 GAP=+0.967
[22:38:08 +3:46:47] grade: 64/64 (100%) 17.4/s eta 0.0m
[22:38:08 +3:46:47] grade: done — 64 samples in 3.7s | stall summary {'n': 1, 'stalls': 0, 'median_secs': 3.684769799998321, 'max_secs': 3.684769799998321, 'total_secs': 3.684769799998321}
[22:38:22 +3:47:01] step 262/500 reward=+1.000 villain@odd=1.000 villain@even=0.000 GAP=+1.000 ema=+0.974 groupstd=0.000 rate=0.500 58s/step eta 229.4m
[22:38:22 +3:47:01] [warn] group std 0.000 < 0.05: groups near-uniform, advantages ~0 (stalled or converged).
[22:38:36 +3:47:14] [hb] GRPO still running (3:44:33) | step 262/500 GAP=+0.974
[22:39:06 +3:47:44] [hb] GRPO still running (3:45:03) | step 262/500 GAP=+0.974
[22:39:12 +3:47:51] grade: 64/64 (100%) 16.2/s eta 0.0m
[22:39:12 +3:47:51] grade: done — 64 samples in 4.0s | stall summary {'n': 1, 'stalls': 0, 'median_secs': 3.951156600000104, 'max_secs': 3.951156600000104, 'total_secs': 3.951156600000104}
[22:39:29 +3:48:07] step 263/500 reward=+0.938 villain@odd=0.938 villain@even=0.000 GAP=+0.938 ema=+0.966 groupstd=0.108 rate=0.469 66s/step eta 261.8m
[22:39:36 +3:48:14] [hb] GRPO still running (3:45:33) | step 263/500 GAP=+0.966
[22:40:06 +3:48:45] [hb] GRPO still running (3:46:03) | step 263/500 GAP=+0.966
[22:40:20 +3:48:59] grade: 64/64 (100%) 15.8/s eta 0.0m
[22:40:20 +3:48:59] grade: done — 64 samples in 4.0s | stall summary {'n': 1, 'stalls': 0, 'median_secs': 4.047647200000938, 'max_secs': 4.047647200000938, 'total_secs': 4.047647200000938}
[22:40:34 +3:49:13] step 264/500 reward=+1.000 villain@odd=1.000 villain@even=0.000 GAP=+1.000 ema=+0.973 groupstd=0.000 rate=0.500 66s/step eta 258.1m
[22:40:34 +3:49:13] [warn] group std 0.000 < 0.05: groups near-uniform, advantages ~0 (stalled or converged).
[22:40:36 +3:49:15] [hb] GRPO still running (3:46:33) | step 264/500 GAP=+0.973
[22:41:06 +3:49:45] [hb] GRPO still running (3:47:03) | step 264/500 GAP=+0.973
[22:41:20 +3:49:59] grade: 64/64 (100%) 25.4/s eta 0.0m
[22:41:20 +3:49:59] grade: done — 64 samples in 2.5s | stall summary {'n': 1, 'stalls': 0, 'median_secs': 2.5184031000026152, 'max_secs': 2.5184031000026152, 'total_secs': 2.5184031000026152}
[22:41:33 +3:50:12] step 265/500 reward=+0.969 villain@odd=1.000 villain@even=0.031 GAP=+0.969 ema=+0.972 groupstd=0.083 rate=0.516 59s/step eta 232.4m
[22:41:36 +3:50:15] [hb] GRPO still running (3:47:33) | step 265/500 GAP=+0.972
[22:42:06 +3:50:45] [hb] GRPO still running (3:48:03) | step 265/500 GAP=+0.972
[22:42:19 +3:50:58] grade: 64/64 (100%) 12.1/s eta 0.0m
[22:42:19 +3:50:58] grade: done — 64 samples in 5.3s | stall summary {'n': 1, 'stalls': 0, 'median_secs': 5.302722600004927, 'max_secs': 5.302722600004927, 'total_secs': 5.302722600004927}
[22:42:36 +3:51:15] [hb] GRPO still running (3:48:33) | step 265/500 GAP=+0.972
[22:42:36 +3:51:15] step 266/500 reward=+1.000 villain@odd=1.000 villain@even=0.000 GAP=+1.000 ema=+0.978 groupstd=0.000 rate=0.500 63s/step eta 244.3m
[22:42:36 +3:51:15] [warn] group std 0.000 < 0.05: groups near-uniform, advantages ~0 (stalled or converged).
[22:43:06 +3:51:45] [hb] GRPO still running (3:49:03) | step 266/500 GAP=+0.978
[22:43:26 +3:52:05] grade: 64/64 (100%) 10.0/s eta 0.0m
[22:43:26 +3:52:05] grade: done — 64 samples in 6.4s | stall summary {'n': 1, 'stalls': 0, 'median_secs': 6.369249700001092, 'max_secs': 6.369249700001092, 'total_secs': 6.369249700001092}
[22:43:36 +3:52:15] [hb] GRPO still running (3:49:33) | step 266/500 GAP=+0.978
[22:43:38 +3:52:17] step 267/500 reward=+1.000 villain@odd=1.000 villain@even=0.000 GAP=+1.000 ema=+0.982 groupstd=0.000 rate=0.500 62s/step eta 241.9m
[22:43:38 +3:52:17] [warn] group std 0.000 < 0.05: groups near-uniform, advantages ~0 (stalled or converged).
[22:44:06 +3:52:45] [hb] GRPO still running (3:50:03) | step 267/500 GAP=+0.982
[22:44:14 +3:52:53] grade: 64/64 (100%) 30.3/s eta 0.0m
[22:44:14 +3:52:53] grade: done — 64 samples in 2.1s | stall summary {'n': 1, 'stalls': 0, 'median_secs': 2.115413899999112, 'max_secs': 2.115413899999112, 'total_secs': 2.115413899999112}
[22:44:27 +3:53:06] step 268/500 reward=+1.000 villain@odd=1.000 villain@even=0.000 GAP=+1.000 ema=+0.986 groupstd=0.000 rate=0.500 49s/step eta 187.6m
[22:44:27 +3:53:06] [warn] group std 0.000 < 0.05: groups near-uniform, advantages ~0 (stalled or converged).
[22:44:36 +3:53:15] [hb] GRPO still running (3:50:33) | step 268/500 GAP=+0.986
[22:44:52 +3:53:31] grade: 64/64 (100%) 28.4/s eta 0.0m
[22:44:52 +3:53:31] grade: done — 64 samples in 2.3s | stall summary {'n': 1, 'stalls': 0, 'median_secs': 2.253599800002121, 'max_secs': 2.253599800002121, 'total_secs': 2.253599800002121}
[22:45:06 +3:53:45] [hb] GRPO still running (3:51:03) | step 268/500 GAP=+0.986
[22:45:10 +3:53:49] step 269/500 reward=+1.000 villain@odd=1.000 villain@even=0.000 GAP=+1.000 ema=+0.989 groupstd=0.000 rate=0.500 43s/step eta 166.0m
[22:45:10 +3:53:49] [warn] group std 0.000 < 0.05: groups near-uniform, advantages ~0 (stalled or converged).
[22:45:36 +3:54:15] [hb] GRPO still running (3:51:33) | step 269/500 GAP=+0.989
[22:45:50 +3:54:29] grade: 64/64 (100%) 6.2/s eta 0.0m
[22:45:50 +3:54:29] grade: done — 64 samples in 10.3s | stall summary {'n': 1, 'stalls': 0, 'median_secs': 10.286893900003633, 'max_secs': 10.286893900003633, 'total_secs': 10.286893900003633}
[22:46:05 +3:54:44] step 270/500 reward=+1.000 villain@odd=1.000 villain@even=0.000 GAP=+1.000 ema=+0.991 groupstd=0.000 rate=0.500 55s/step eta 211.1m
[22:46:05 +3:54:44] [warn] group std 0.000 < 0.05: groups near-uniform, advantages ~0 (stalled or converged).
[22:46:06 +3:54:45] [hb] GRPO still running (3:52:03) | step 270/500 GAP=+0.991
[22:46:36 +3:55:15] [hb] GRPO still running (3:52:33) | step 270/500 GAP=+0.991
[22:46:48 +3:55:27] grade: 64/64 (100%) 12.0/s eta 0.0m
[22:46:48 +3:55:27] grade: done — 64 samples in 5.3s | stall summary {'n': 1, 'stalls': 0, 'median_secs': 5.327256000004127, 'max_secs': 5.327256000004127, 'total_secs': 5.327256000004127}
[22:47:02 +3:55:41] step 271/500 reward=+1.000 villain@odd=1.000 villain@even=0.000 GAP=+1.000 ema=+0.993 groupstd=0.000 rate=0.500 57s/step eta 217.9m
[22:47:02 +3:55:41] [warn] group std 0.000 < 0.05: groups near-uniform, advantages ~0 (stalled or converged).
[22:47:06 +3:55:45] [hb] GRPO still running (3:53:03) | step 271/500 GAP=+0.993
[22:47:36 +3:56:15] [hb] GRPO still running (3:53:33) | step 271/500 GAP=+0.993
[22:47:38 +3:56:17] grade: 64/64 (100%) 7.7/s eta 0.0m
[22:47:38 +3:56:17] grade: done — 64 samples in 8.4s | stall summary {'n': 1, 'stalls': 0, 'median_secs': 8.349735199997667, 'max_secs': 8.349735199997667, 'total_secs': 8.349735199997667}
[22:47:54 +3:56:33] step 272/500 reward=+1.000 villain@odd=1.000 villain@even=0.000 GAP=+1.000 ema=+0.994 groupstd=0.000 rate=0.500 52s/step eta 196.3m
[22:47:54 +3:56:33] [warn] group std 0.000 < 0.05: groups near-uniform, advantages ~0 (stalled or converged).
[22:48:06 +3:56:45] [hb] GRPO still running (3:54:03) | step 272/500 GAP=+0.994
[22:48:36 +3:57:15] [hb] GRPO still running (3:54:33) | step 272/500 GAP=+0.994
[22:48:47 +3:57:26] grade: 64/64 (100%) 6.3/s eta 0.0m
[22:48:47 +3:57:26] grade: done — 64 samples in 10.2s | stall summary {'n': 1, 'stalls': 0, 'median_secs': 10.16419660000247, 'max_secs': 10.16419660000247, 'total_secs': 10.16419660000247}
[22:49:03 +3:57:42] step 273/500 reward=+1.000 villain@odd=1.000 villain@even=0.000 GAP=+1.000 ema=+0.995 groupstd=0.000 rate=0.500 69s/step eta 261.9m
[22:49:03 +3:57:42] [warn] group std 0.000 < 0.05: groups near-uniform, advantages ~0 (stalled or converged).
[22:49:06 +3:57:45] [hb] GRPO still running (3:55:03) | step 273/500 GAP=+0.995
[22:49:36 +3:58:15] [hb] GRPO still running (3:55:33) | step 273/500 GAP=+0.995
[22:50:06 +3:58:45] [hb] GRPO still running (3:56:03) | step 273/500 GAP=+0.995
[22:50:24 +3:59:03] grade: 64/64 (100%) 6.8/s eta 0.0m
[22:50:24 +3:59:03] grade: done — 64 samples in 9.4s | stall summary {'n': 1, 'stalls': 0, 'median_secs': 9.409704600002442, 'max_secs': 9.409704600002442, 'total_secs': 9.409704600002442}
[22:50:36 +3:59:15] [hb] GRPO still running (3:56:33) | step 273/500 GAP=+0.995
[22:50:39 +3:59:18] step 274/500 reward=+0.969 villain@odd=0.969 villain@even=0.000 GAP=+0.969 ema=+0.990 groupstd=0.083 rate=0.484 96s/step eta 361.6m
[22:51:06 +3:59:45] [hb] GRPO still running (3:57:03) | step 274/500 GAP=+0.990
[22:51:30 +4:00:09] grade: 64/64 (100%) 14.6/s eta 0.0m
[22:51:30 +4:00:09] grade: done — 64 samples in 4.4s | stall summary {'n': 1, 'stalls': 0, 'median_secs': 4.3880474000034155, 'max_secs': 4.3880474000034155, 'total_secs': 4.3880474000034155}
[22:51:36 +4:00:15] [hb] GRPO still running (3:57:33) | step 274/500 GAP=+0.990
[22:51:45 +4:00:24] step 275/500 reward=+1.000 villain@odd=1.000 villain@even=0.000 GAP=+1.000 ema=+0.992 groupstd=0.000 rate=0.500 66s/step eta 246.6m
[22:51:45 +4:00:24] [warn] group std 0.000 < 0.05: groups near-uniform, advantages ~0 (stalled or converged).
[22:51:45 +4:00:24] === BEGIN eval @ step 275 ===
[22:52:06 +4:00:45] [hb] GRPO still running (3:58:03) | step 275/500 GAP=+0.992
[22:52:11 +4:00:50] eval[mid]: 32/200 (16%) 2.1/s eta 1.3m
[22:52:15 +4:00:54] [hb] eval @ step 275 still running (0:00:30)
[22:52:26 +4:01:05] [hb] eval[mid] still running (0:00:30) | 32/200 (2.1/s, eta 1.3m)
[22:52:36 +4:01:15] [hb] GRPO still running (3:58:33) | step 275/500 GAP=+0.992
[22:52:45 +4:01:24] [hb] eval @ step 275 still running (0:01:00)
[22:52:56 +4:01:35] [hb] eval[mid] still running (0:01:00) | 32/200 (2.1/s, eta 1.3m)
[22:53:06 +4:01:45] [hb] GRPO still running (3:59:03) | step 275/500 GAP=+0.992
[22:53:15 +4:01:54] [hb] eval @ step 275 still running (0:01:30)
[22:53:15 +4:01:54] eval[mid]: 64/200 (32%) 0.8/s eta 2.8m
[22:53:26 +4:02:05] [hb] eval[mid] still running (0:01:30) | 64/200 (0.8/s, eta 2.8m)
[22:53:36 +4:02:15] [hb] GRPO still running (3:59:34) | step 275/500 GAP=+0.992
[22:53:45 +4:02:24] [hb] eval @ step 275 still running (0:02:00)
[22:53:56 +4:02:35] [hb] eval[mid] still running (0:02:00) | 64/200 (0.8/s, eta 2.8m)
[22:54:06 +4:02:45] eval[mid]: 96/200 (48%) 0.7/s eta 2.3m
[22:54:06 +4:02:45] [hb] GRPO still running (4:00:04) | step 275/500 GAP=+0.992
[22:54:15 +4:02:54] [hb] eval @ step 275 still running (0:02:30)
[22:54:26 +4:03:05] [hb] eval[mid] still running (0:02:30) | 96/200 (0.7/s, eta 2.3m)
[22:54:36 +4:03:15] [hb] GRPO still running (4:00:34) | step 275/500 GAP=+0.992
[22:54:45 +4:03:24] [hb] eval @ step 275 still running (0:03:00)
[22:54:53 +4:03:32] eval[mid]: 128/200 (64%) 0.7/s eta 1.7m
[22:54:56 +4:03:35] [hb] eval[mid] still running (0:03:00) | 128/200 (0.7/s, eta 1.7m)
[22:55:06 +4:03:45] [hb] GRPO still running (4:01:04) | step 275/500 GAP=+0.992
[22:55:15 +4:03:54] [hb] eval @ step 275 still running (0:03:30)
[22:55:26 +4:04:05] [hb] eval[mid] still running (0:03:30) | 128/200 (0.7/s, eta 1.7m)
[22:55:36 +4:04:15] [hb] GRPO still running (4:01:34) | step 275/500 GAP=+0.992
[22:55:37 +4:04:16] eval[mid]: 160/200 (80%) 0.7/s eta 0.9m
[22:55:45 +4:04:24] [hb] eval @ step 275 still running (0:04:00)
[22:55:56 +4:04:35] [hb] eval[mid] still running (0:04:00) | 160/200 (0.7/s, eta 0.9m)
[22:56:06 +4:04:45] [hb] GRPO still running (4:02:04) | step 275/500 GAP=+0.992
[22:56:15 +4:04:54] [hb] eval @ step 275 still running (0:04:30)
[22:56:19 +4:04:58] eval[mid]: 192/200 (96%) 0.7/s eta 0.2m
[22:56:26 +4:05:05] [hb] eval[mid] still running (0:04:30) | 192/200 (0.7/s, eta 0.2m)
[22:56:36 +4:05:15] [hb] GRPO still running (4:02:34) | step 275/500 GAP=+0.992
[22:56:45 +4:05:24] [hb] eval @ step 275 still running (0:05:00)
[22:56:56 +4:05:35] [hb] eval[mid] still running (0:05:00) | 192/200 (0.7/s, eta 0.2m)
[22:56:59 +4:05:38] eval[mid]: 200/200 (100%) 0.7/s eta 0.0m
[22:56:59 +4:05:38] eval[mid]: done — 200 samples in 302.9s | stall summary {'n': 7, 'stalls': 0, 'median_secs': 44.052369000004546, 'max_secs': 64.1842231000046, 'total_secs': 302.87425589999475}
[22:57:06 +4:05:45] [hb] GRPO still running (4:03:04) | step 275/500 GAP=+0.992
[22:57:06 +4:05:45] grade: 64/200 (32%) 9.3/s eta 0.2m
[22:57:09 +4:05:48] grade: 128/200 (64%) 12.9/s eta 0.1m
[22:57:13 +4:05:52] grade: 192/200 (96%) 13.7/s eta 0.0m
[22:57:15 +4:05:54] [hb] eval @ step 275 still running (0:05:30)
[22:57:19 +4:05:58] grade: 200/200 (100%) 10.1/s eta 0.0m
[22:57:19 +4:05:58] grade: done — 200 samples in 19.7s | stall summary {'n': 4, 'stalls': 0, 'median_secs': 4.888269700000819, 'max_secs': 6.861094100000628, 'total_secs': 19.732218700002704}
[22:57:19 +4:05:58]   EVAL[mid] step 275: villain@pos=0.990 villain@neg=0.020 GAP=+0.970 (n=200, held-out problems)
[22:57:19 +4:05:58]   EVAL[mid] step 275: INCONSISTENT-only villain@pos=0.963 villain@neg=0.000 GAP=+0.963 (n=43: 27 pos / 16 neg)
[22:57:19 +4:05:58]   EVAL[mid] step 275: readout(is-53) 1.000 CI[0.824,1.000] n=18 | consistent 1.000 CI[0.438,1.000] n=3 | INCONSISTENT 1.000 CI[0.796,1.000] n=15
[22:57:19 +4:05:58] === END eval @ step 275 (0:05:34) ===
[22:57:30 +4:06:09] checkpoint @step 275: tinker://f0a601e7-4c97-5205-813d-b01a46dc2286:train:0/weights/v53night-s275
[22:57:36 +4:06:15] [hb] GRPO still running (4:03:34) | step 275/500 GAP=+0.992
[22:58:06 +4:06:45] [hb] GRPO still running (4:04:04) | step 275/500 GAP=+0.992
[22:58:36 +4:07:15] [hb] GRPO still running (4:04:34) | step 275/500 GAP=+0.992
[22:59:06 +4:07:45] [hb] GRPO still running (4:05:04) | step 275/500 GAP=+0.992
[22:59:36 +4:08:15] [hb] GRPO still running (4:05:34) | step 275/500 GAP=+0.992
[22:59:44 +4:08:23] grade: 64/64 (100%) 8.7/s eta 0.0m
[22:59:44 +4:08:23] grade: done — 64 samples in 7.4s | stall summary {'n': 1, 'stalls': 0, 'median_secs': 7.365004999999655, 'max_secs': 7.365004999999655, 'total_secs': 7.365004999999655}
[23:00:06 +4:08:45] [hb] GRPO still running (4:06:04) | step 275/500 GAP=+0.992
[23:00:07 +4:08:46] step 276/500 reward=+1.000 villain@odd=1.000 villain@even=0.000 GAP=+1.000 ema=+0.994 groupstd=0.000 rate=0.500 157s/step eta 585.0m
[23:00:07 +4:08:46] [warn] group std 0.000 < 0.05: groups near-uniform, advantages ~0 (stalled or converged).
[23:00:36 +4:09:15] [hb] GRPO still running (4:06:34) | step 276/500 GAP=+0.994
[23:00:47 +4:09:26] grade: 64/64 (100%) 6.3/s eta 0.0m
[23:00:47 +4:09:26] grade: done — 64 samples in 10.2s | stall summary {'n': 1, 'stalls': 0, 'median_secs': 10.218220000002475, 'max_secs': 10.218220000002475, 'total_secs': 10.218220000002475}
[23:01:03 +4:09:42] step 277/500 reward=+1.000 villain@odd=1.000 villain@even=0.000 GAP=+1.000 ema=+0.995 groupstd=0.000 rate=0.500 56s/step eta 207.3m
[23:01:03 +4:09:42] [warn] group std 0.000 < 0.05: groups near-uniform, advantages ~0 (stalled or converged).
[23:01:06 +4:09:45] [hb] GRPO still running (4:07:04) | step 277/500 GAP=+0.995
[23:01:36 +4:10:15] [hb] GRPO still running (4:07:34) | step 277/500 GAP=+0.995
[23:01:47 +4:10:26] grade: 64/64 (100%) 9.1/s eta 0.0m
[23:01:47 +4:10:26] grade: done — 64 samples in 7.0s | stall summary {'n': 1, 'stalls': 0, 'median_secs': 7.023388999994495, 'max_secs': 7.023388999994495, 'total_secs': 7.023388999994495}
[23:02:03 +4:10:41] step 278/500 reward=+1.000 villain@odd=1.000 villain@even=0.000 GAP=+1.000 ema=+0.996 groupstd=0.000 rate=0.500 60s/step eta 221.3m
[23:02:03 +4:10:41] [warn] group std 0.000 < 0.05: groups near-uniform, advantages ~0 (stalled or converged).
[23:02:06 +4:10:45] [hb] GRPO still running (4:08:04) | step 278/500 GAP=+0.996
[23:02:36 +4:11:15] [hb] GRPO still running (4:08:34) | step 278/500 GAP=+0.996
[23:03:06 +4:11:45] [hb] GRPO still running (4:09:04) | step 278/500 GAP=+0.996
[23:03:14 +4:11:52] grade: 64/64 (100%) 10.1/s eta 0.0m
[23:03:14 +4:11:52] grade: done — 64 samples in 6.3s | stall summary {'n': 1, 'stalls': 0, 'median_secs': 6.339829100004863, 'max_secs': 6.339829100004863, 'total_secs': 6.339829100004863}
[23:03:34 +4:12:13] step 279/500 reward=+1.000 villain@odd=1.000 villain@even=0.000 GAP=+1.000 ema=+0.997 groupstd=0.000 rate=0.500 91s/step eta 336.7m
[23:03:34 +4:12:13] [warn] group std 0.000 < 0.05: groups near-uniform, advantages ~0 (stalled or converged).
[23:03:36 +4:12:15] [hb] GRPO still running (4:09:34) | step 279/500 GAP=+0.997
[23:04:06 +4:12:45] [hb] GRPO still running (4:10:04) | step 279/500 GAP=+0.997
[23:04:28 +4:13:07] grade: 64/64 (100%) 6.9/s eta 0.0m
[23:04:28 +4:13:07] grade: done — 64 samples in 9.3s | stall summary {'n': 1, 'stalls': 0, 'median_secs': 9.324052299998584, 'max_secs': 9.324052299998584, 'total_secs': 9.324052299998584}
[23:04:36 +4:13:15] [hb] GRPO still running (4:10:34) | step 279/500 GAP=+0.997
[23:04:44 +4:13:23] step 280/500 reward=+1.000 villain@odd=1.000 villain@even=0.000 GAP=+1.000 ema=+0.997 groupstd=0.000 rate=0.500 70s/step eta 256.2m
[23:04:44 +4:13:23] [warn] group std 0.000 < 0.05: groups near-uniform, advantages ~0 (stalled or converged).
[23:05:06 +4:13:45] [hb] GRPO still running (4:11:04) | step 280/500 GAP=+0.997
[23:05:20 +4:13:59] grade: 64/64 (100%) 10.1/s eta 0.0m
[23:05:20 +4:13:59] grade: done — 64 samples in 6.4s | stall summary {'n': 1, 'stalls': 0, 'median_secs': 6.355993299999682, 'max_secs': 6.355993299999682, 'total_secs': 6.355993299999682}
[23:05:36 +4:14:15] [hb] GRPO still running (4:11:34) | step 280/500 GAP=+0.997
[23:05:37 +4:14:16] step 281/500 reward=+1.000 villain@odd=1.000 villain@even=0.000 GAP=+1.000 ema=+0.998 groupstd=0.000 rate=0.500 53s/step eta 193.1m
[23:05:37 +4:14:16] [warn] group std 0.000 < 0.05: groups near-uniform, advantages ~0 (stalled or converged).
[23:06:06 +4:14:45] [hb] GRPO still running (4:12:04) | step 281/500 GAP=+0.998
[23:06:36 +4:15:15] [hb] GRPO still running (4:12:34) | step 281/500 GAP=+0.998
[23:06:44 +4:15:23] grade: 64/64 (100%) 9.0/s eta 0.0m
[23:06:44 +4:15:23] grade: done — 64 samples in 7.1s | stall summary {'n': 1, 'stalls': 0, 'median_secs': 7.136363899997377, 'max_secs': 7.136363899997377, 'total_secs': 7.136363899997377}
[23:06:59 +4:15:38] step 282/500 reward=+0.531 villain@odd=0.594 villain@even=0.062 GAP=+0.531 ema=+0.905 groupstd=0.299 rate=0.328 83s/step eta 300.0m
[23:07:06 +4:15:45] [hb] GRPO still running (4:13:04) | step 282/500 GAP=+0.905
[23:07:36 +4:16:15] [hb] GRPO still running (4:13:34) | step 282/500 GAP=+0.905
[23:08:06 +4:16:45] grade: 64/64 (100%) 16.0/s eta 0.0m
[23:08:06 +4:16:45] grade: done — 64 samples in 4.0s | stall summary {'n': 1, 'stalls': 0, 'median_secs': 4.0120134000026155, 'max_secs': 4.0120134000026155, 'total_secs': 4.0120134000026155}
[23:08:06 +4:16:45] [hb] GRPO still running (4:14:04) | step 282/500 GAP=+0.905
[23:08:21 +4:17:00] step 283/500 reward=+1.000 villain@odd=1.000 villain@even=0.000 GAP=+1.000 ema=+0.924 groupstd=0.000 rate=0.500 82s/step eta 295.8m
[23:08:21 +4:17:00] [warn] group std 0.000 < 0.05: groups near-uniform, advantages ~0 (stalled or converged).
[23:08:36 +4:17:15] [hb] GRPO still running (4:14:34) | step 283/500 GAP=+0.924
[23:09:06 +4:17:45] [hb] GRPO still running (4:15:04) | step 283/500 GAP=+0.924
[23:09:27 +4:18:06] grade: 64/64 (100%) 20.7/s eta 0.0m
[23:09:27 +4:18:06] grade: done — 64 samples in 3.1s | stall summary {'n': 1, 'stalls': 0, 'median_secs': 3.0919063999972423, 'max_secs': 3.0919063999972423, 'total_secs': 3.0919063999972423}
[23:09:36 +4:18:15] [hb] GRPO still running (4:15:34) | step 283/500 GAP=+0.924
[23:09:40 +4:18:19] step 284/500 reward=+1.000 villain@odd=1.000 villain@even=0.000 GAP=+1.000 ema=+0.939 groupstd=0.000 rate=0.500 79s/step eta 285.0m
[23:09:40 +4:18:19] [warn] group std 0.000 < 0.05: groups near-uniform, advantages ~0 (stalled or converged).
[23:10:06 +4:18:45] [hb] GRPO still running (4:16:04) | step 284/500 GAP=+0.939
[23:10:28 +4:19:06] grade: 64/64 (100%) 3.3/s eta 0.0m
[23:10:28 +4:19:06] grade: done — 64 samples in 19.6s | stall summary {'n': 1, 'stalls': 0, 'median_secs': 19.641914500003622, 'max_secs': 19.641914500003622, 'total_secs': 19.641914500003622}
[23:10:36 +4:19:15] [hb] GRPO still running (4:16:34) | step 284/500 GAP=+0.939
[23:10:44 +4:19:23] step 285/500 reward=+1.000 villain@odd=1.000 villain@even=0.000 GAP=+1.000 ema=+0.951 groupstd=0.000 rate=0.500 64s/step eta 229.8m
[23:10:44 +4:19:23] [warn] group std 0.000 < 0.05: groups near-uniform, advantages ~0 (stalled or converged).
[23:11:06 +4:19:45] [hb] GRPO still running (4:17:04) | step 285/500 GAP=+0.951
[23:11:21 +4:19:59] grade: 64/64 (100%) 25.8/s eta 0.0m
[23:11:21 +4:19:59] grade: done — 64 samples in 2.5s | stall summary {'n': 1, 'stalls': 0, 'median_secs': 2.4787953999984893, 'max_secs': 2.4787953999984893, 'total_secs': 2.4787953999984893}
[23:11:36 +4:20:15] [hb] GRPO still running (4:17:34) | step 285/500 GAP=+0.951
[23:11:38 +4:20:17] step 286/500 reward=+0.969 villain@odd=1.000 villain@even=0.031 GAP=+0.969 ema=+0.955 groupstd=0.083 rate=0.516 53s/step eta 190.3m
[23:12:06 +4:20:45] [hb] GRPO still running (4:18:04) | step 286/500 GAP=+0.955
[23:12:19 +4:20:58] grade: 64/64 (100%) 14.3/s eta 0.0m
[23:12:19 +4:20:58] grade: done — 64 samples in 4.5s | stall summary {'n': 1, 'stalls': 0, 'median_secs': 4.477907300002698, 'max_secs': 4.477907300002698, 'total_secs': 4.477907300002698}
[23:12:33 +4:21:12] step 287/500 reward=+0.938 villain@odd=1.000 villain@even=0.062 GAP=+0.938 ema=+0.951 groupstd=0.108 rate=0.531 55s/step eta 195.7m
[23:12:36 +4:21:15] [hb] GRPO still running (4:18:34) | step 287/500 GAP=+0.951
[23:13:06 +4:21:45] [hb] GRPO still running (4:19:04) | step 287/500 GAP=+0.951
[23:13:08 +4:21:47] grade: 64/64 (100%) 13.4/s eta 0.0m
[23:13:08 +4:21:47] grade: done — 64 samples in 4.8s | stall summary {'n': 1, 'stalls': 0, 'median_secs': 4.78794580000249, 'max_secs': 4.78794580000249, 'total_secs': 4.78794580000249}
[23:13:23 +4:22:02] step 288/500 reward=+1.000 villain@odd=1.000 villain@even=0.000 GAP=+1.000 ema=+0.961 groupstd=0.000 rate=0.500 51s/step eta 178.6m
[23:13:23 +4:22:02] [warn] group std 0.000 < 0.05: groups near-uniform, advantages ~0 (stalled or converged).
[23:13:36 +4:22:15] [hb] GRPO still running (4:19:34) | step 288/500 GAP=+0.961
[23:14:06 +4:22:45] [hb] GRPO still running (4:20:04) | step 288/500 GAP=+0.961
[23:14:30 +4:23:09] grade: 64/64 (100%) 14.5/s eta 0.0m
[23:14:30 +4:23:09] grade: done — 64 samples in 4.4s | stall summary {'n': 1, 'stalls': 0, 'median_secs': 4.3994985000026645, 'max_secs': 4.3994985000026645, 'total_secs': 4.3994985000026645}
