[21:35:55 +0:00:00] log file: /__modal/volumes/vo-852ezgTNiKs6daPgvl3E0O/run_mrl2b.log
[21:35:55 +0:00:00] run mrl2b | model=Qwen/Qwen3.6-35B-A3B | init_from=tinker://336113cf-c988-53e3-8294-c5da1cc45b0c:train:0/weights/villain1-final
[21:36:19 +0:00:24] warm-started from tinker://336113cf-c988-53e3-8294-c5da1cc45b0c:train:0/weights/villain1-final
[21:36:19 +0:00:24] KL anchor OFF; marginal persona rate held by --rate-coef instead.
[21:36:19 +0:00:24] 200 train submissions (68 odd / 132 even) | 40 held-out eval (20 odd / 20 even)
[21:36:19 +0:00:24] K=4, 16 prompts/step = 64 completions/step, lr=1e-05, rate_coef=1.0, kl_coef=0.0
[21:36:19 +0:00:24] === BEGIN eval @ step 0 ===
[21:36:38 +0:00:43] eval[start]: 32/40 (80%) 3.0/s eta 0.0m
[21:36:44 +0:00:48] eval[start]: 40/40 (100%) 2.4/s eta 0.0m
[21:36:44 +0:00:48] eval[start]: done — 40 samples in 16.6s | stall summary {'n': 2, 'stalls': 0, 'median_secs': 8.280530953500001, 'max_secs': 10.590771063000005, 'total_secs': 16.561061907000003}
[21:36:49 +0:00:54] [hb] eval @ step 0 still running (0:00:30)
[21:36:50 +0:00:55] grade: 40/40 (100%) 6.1/s eta 0.0m
[21:36:50 +0:00:55] grade: done — 40 samples in 6.6s | stall summary {'n': 1, 'stalls': 0, 'median_secs': 6.554209792000002, 'max_secs': 6.554209792000002, 'total_secs': 6.554209792000002}
[21:36:50 +0:00:55]   EVAL[start] step 0: villain@odd=0.450 villain@even=0.550 GAP=-0.100 (n=40, held-out problems)
[21:36:51 +0:00:55] === END eval @ step 0 (0:00:31) ===
[21:36:51 +0:00:55] === BEGIN GRPO ===
[21:37:13 +0:01:18] grade: 64/64 (100%) 31.1/s eta 0.0m
[21:37:13 +0:01:18] grade: done — 64 samples in 2.1s | stall summary {'n': 1, 'stalls': 0, 'median_secs': 2.055742402000007, 'max_secs': 2.055742402000007, 'total_secs': 2.055742402000007}
[21:37:21 +0:01:25] [hb] GRPO still running (0:00:30)
[21:37:25 +0:01:29] step 1/500 reward=+0.312 villain@odd=0.656 villain@even=0.344 GAP=+0.312 ema=+0.312 groupstd=0.762 rate=0.500 65s/step eta 544.4m
[21:37:51 +0:01:55] [hb] GRPO still running (0:01:00) | step 1/500 GAP=+0.312
[21:37:52 +0:01:57] grade: 64/64 (100%) 31.2/s eta 0.0m
[21:37:52 +0:01:57] grade: done — 64 samples in 2.1s | stall summary {'n': 1, 'stalls': 0, 'median_secs': 2.053121230000002, 'max_secs': 2.053121230000002, 'total_secs': 2.053121230000002}
[21:38:05 +0:02:10] step 2/500 reward=-0.062 villain@odd=0.312 villain@even=0.375 GAP=-0.062 ema=+0.237 groupstd=0.637 rate=0.344 41s/step eta 337.6m
[21:38:21 +0:02:25] [hb] GRPO still running (0:01:30) | step 2/500 GAP=+0.237
[21:38:47 +0:02:52] grade: 64/64 (100%) 4.2/s eta 0.0m
[21:38:47 +0:02:52] grade: done — 64 samples in 15.2s | stall summary {'n': 1, 'stalls': 0, 'median_secs': 15.193892051999995, 'max_secs': 15.193892051999995, 'total_secs': 15.193892051999995}
[21:38:51 +0:02:55] [hb] GRPO still running (0:02:00) | step 2/500 GAP=+0.237
[21:38:59 +0:03:03] step 3/500 reward=+0.031 villain@odd=0.531 villain@even=0.500 GAP=+0.031 ema=+0.196 groupstd=0.691 rate=0.516 53s/step eta 442.8m
[21:39:21 +0:03:25] [hb] GRPO still running (0:02:30) | step 3/500 GAP=+0.196
[21:39:34 +0:03:39] grade: 64/64 (100%) 27.3/s eta 0.0m
[21:39:34 +0:03:39] grade: done — 64 samples in 2.3s | stall summary {'n': 1, 'stalls': 0, 'median_secs': 2.347945326999991, 'max_secs': 2.347945326999991, 'total_secs': 2.347945326999991}
[21:39:46 +0:03:51] step 4/500 reward=+0.000 villain@odd=0.344 villain@even=0.344 GAP=+0.000 ema=+0.157 groupstd=0.808 rate=0.344 48s/step eta 394.7m
[21:39:51 +0:03:55] [hb] GRPO still running (0:03:00) | step 4/500 GAP=+0.157
[21:40:21 +0:04:25] [hb] GRPO still running (0:03:30) | step 4/500 GAP=+0.157
[21:40:27 +0:04:32] grade: 64/64 (100%) 3.8/s eta 0.0m
[21:40:27 +0:04:32] grade: done — 64 samples in 16.9s | stall summary {'n': 1, 'stalls': 0, 'median_secs': 16.892242461000023, 'max_secs': 16.892242461000023, 'total_secs': 16.892242461000023}
[21:40:39 +0:04:44] step 5/500 reward=+0.094 villain@odd=0.562 villain@even=0.469 GAP=+0.094 ema=+0.144 groupstd=0.925 rate=0.516 52s/step eta 433.0m
[21:40:51 +0:04:55] [hb] GRPO still running (0:04:00) | step 5/500 GAP=+0.144
[21:41:21 +0:05:25] [hb] GRPO still running (0:04:30) | step 5/500 GAP=+0.144
[21:41:25 +0:05:29] grade: 64/64 (100%) 22.1/s eta 0.0m
[21:41:25 +0:05:29] grade: done — 64 samples in 2.9s | stall summary {'n': 1, 'stalls': 0, 'median_secs': 2.891024459999983, 'max_secs': 2.891024459999983, 'total_secs': 2.891024459999983}
[21:41:36 +0:05:41] step 6/500 reward=-0.125 villain@odd=0.500 villain@even=0.625 GAP=-0.125 ema=+0.090 groupstd=0.791 rate=0.562 57s/step eta 471.3m
[21:41:51 +0:05:55] [hb] GRPO still running (0:05:00) | step 6/500 GAP=+0.090
[21:42:04 +0:06:09] grade: 64/64 (100%) 28.1/s eta 0.0m
[21:42:04 +0:06:09] grade: done — 64 samples in 2.3s | stall summary {'n': 1, 'stalls': 0, 'median_secs': 2.280583957000033, 'max_secs': 2.280583957000033, 'total_secs': 2.280583957000033}
[21:42:17 +0:06:21] step 7/500 reward=+0.031 villain@odd=0.531 villain@even=0.500 GAP=+0.031 ema=+0.079 groupstd=0.800 rate=0.516 41s/step eta 333.3m
[21:42:21 +0:06:25] [hb] GRPO still running (0:05:30) | step 7/500 GAP=+0.079
[21:42:44 +0:06:49] grade: 64/64 (100%) 31.1/s eta 0.0m
[21:42:44 +0:06:49] grade: done — 64 samples in 2.1s | stall summary {'n': 1, 'stalls': 0, 'median_secs': 2.060037303999991, 'max_secs': 2.060037303999991, 'total_secs': 2.060037303999991}
[21:42:51 +0:06:55] [hb] GRPO still running (0:06:00) | step 7/500 GAP=+0.079
[21:42:57 +0:07:02] step 8/500 reward=-0.062 villain@odd=0.469 villain@even=0.531 GAP=-0.062 ema=+0.050 groupstd=0.746 rate=0.500 41s/step eta 334.4m
[21:43:21 +0:07:25] [hb] GRPO still running (0:06:30) | step 8/500 GAP=+0.050
[21:43:24 +0:07:29] grade: 64/64 (100%) 10.7/s eta 0.0m
[21:43:24 +0:07:29] grade: done — 64 samples in 6.0s | stall summary {'n': 1, 'stalls': 0, 'median_secs': 5.978468742000018, 'max_secs': 5.978468742000018, 'total_secs': 5.978468742000018}
[21:43:32 +0:07:37] step 9/500 reward=+0.031 villain@odd=0.625 villain@even=0.594 GAP=+0.031 ema=+0.047 groupstd=0.737 rate=0.609 35s/step eta 283.6m
[21:43:51 +0:07:55] [hb] GRPO still running (0:07:00) | step 9/500 GAP=+0.047
[21:43:53 +0:07:58] grade: 64/64 (100%) 15.2/s eta 0.0m
[21:43:53 +0:07:58] grade: done — 64 samples in 4.2s | stall summary {'n': 1, 'stalls': 0, 'median_secs': 4.215238016000001, 'max_secs': 4.215238016000001, 'total_secs': 4.215238016000001}
[21:44:07 +0:08:12] step 10/500 reward=-0.188 villain@odd=0.312 villain@even=0.500 GAP=-0.188 ema=-0.000 groupstd=0.808 rate=0.406 35s/step eta 285.6m
[21:44:21 +0:08:25] [hb] GRPO still running (0:07:30) | step 10/500 GAP=-0.000
[21:44:39 +0:08:44] grade: 64/64 (100%) 33.9/s eta 0.0m
[21:44:39 +0:08:44] grade: done — 64 samples in 1.9s | stall summary {'n': 1, 'stalls': 0, 'median_secs': 1.8889326180000126, 'max_secs': 1.8889326180000126, 'total_secs': 1.8889326180000126}
[21:44:51 +0:08:55] [hb] GRPO still running (0:08:00) | step 10/500 GAP=-0.000
[21:44:52 +0:08:57] step 11/500 reward=+0.250 villain@odd=0.688 villain@even=0.438 GAP=+0.250 ema=+0.050 groupstd=0.791 rate=0.562 45s/step eta 369.2m
[21:45:13 +0:09:18] grade: 64/64 (100%) 34.0/s eta 0.0m
[21:45:13 +0:09:18] grade: done — 64 samples in 1.9s | stall summary {'n': 1, 'stalls': 0, 'median_secs': 1.880933988000038, 'max_secs': 1.880933988000038, 'total_secs': 1.880933988000038}
[21:45:21 +0:09:25] [hb] GRPO still running (0:08:30) | step 11/500 GAP=+0.050
[21:45:37 +0:09:42] step 12/500 reward=+0.094 villain@odd=0.625 villain@even=0.531 GAP=+0.094 ema=+0.059 groupstd=0.879 rate=0.578 45s/step eta 362.4m
[21:45:51 +0:09:55] [hb] GRPO still running (0:09:00) | step 12/500 GAP=+0.059
[21:46:21 +0:10:25] [hb] GRPO still running (0:09:30) | step 12/500 GAP=+0.059
[21:46:26 +0:10:31] grade: 64/64 (100%) 13.2/s eta 0.0m
[21:46:26 +0:10:31] grade: done — 64 samples in 4.8s | stall summary {'n': 1, 'stalls': 0, 'median_secs': 4.848260600000003, 'max_secs': 4.848260600000003, 'total_secs': 4.848260600000003}
[21:46:38 +0:10:43] step 13/500 reward=+0.281 villain@odd=0.656 villain@even=0.375 GAP=+0.281 ema=+0.103 groupstd=0.629 rate=0.516 61s/step eta 496.0m
[21:46:51 +0:10:55] [hb] GRPO still running (0:10:00) | step 13/500 GAP=+0.103
[21:47:01 +0:11:06] grade: 64/64 (100%) 33.9/s eta 0.0m
[21:47:01 +0:11:06] grade: done — 64 samples in 1.9s | stall summary {'n': 1, 'stalls': 0, 'median_secs': 1.890033477999964, 'max_secs': 1.890033477999964, 'total_secs': 1.890033477999964}
[21:47:13 +0:11:18] step 14/500 reward=+0.125 villain@odd=0.562 villain@even=0.438 GAP=+0.125 ema=+0.108 groupstd=0.654 rate=0.500 35s/step eta 282.8m
[21:47:21 +0:11:25] [hb] GRPO still running (0:10:30) | step 14/500 GAP=+0.108
[21:47:41 +0:11:45] grade: 64/64 (100%) 23.1/s eta 0.0m
[21:47:41 +0:11:45] grade: done — 64 samples in 2.8s | stall summary {'n': 1, 'stalls': 0, 'median_secs': 2.7675777569999127, 'max_secs': 2.7675777569999127, 'total_secs': 2.7675777569999127}
[21:47:51 +0:11:55] [hb] GRPO still running (0:11:00) | step 14/500 GAP=+0.108
[21:47:55 +0:11:59] step 15/500 reward=-0.062 villain@odd=0.469 villain@even=0.531 GAP=-0.062 ema=+0.074 groupstd=0.666 rate=0.500 42s/step eta 336.4m
[21:48:21 +0:12:25] [hb] GRPO still running (0:11:30) | step 15/500 GAP=+0.074
[21:48:23 +0:12:28] grade: 64/64 (100%) 7.5/s eta 0.0m
[21:48:23 +0:12:28] grade: done — 64 samples in 8.5s | stall summary {'n': 1, 'stalls': 0, 'median_secs': 8.483863487999997, 'max_secs': 8.483863487999997, 'total_secs': 8.483863487999997}
[21:48:36 +0:12:40] step 16/500 reward=-0.156 villain@odd=0.500 villain@even=0.656 GAP=-0.156 ema=+0.028 groupstd=0.629 rate=0.578 41s/step eta 330.1m
[21:48:51 +0:12:55] [hb] GRPO still running (0:12:00) | step 16/500 GAP=+0.028
[21:49:02 +0:13:07] grade: 64/64 (100%) 13.8/s eta 0.0m
[21:49:02 +0:13:07] grade: done — 64 samples in 4.6s | stall summary {'n': 1, 'stalls': 0, 'median_secs': 4.645176170000013, 'max_secs': 4.645176170000013, 'total_secs': 4.645176170000013}
[21:49:13 +0:13:18] step 17/500 reward=+0.281 villain@odd=0.594 villain@even=0.312 GAP=+0.281 ema=+0.078 groupstd=0.879 rate=0.453 38s/step eta 304.4m
[21:49:21 +0:13:25] [hb] GRPO still running (0:12:30) | step 17/500 GAP=+0.078
[21:49:37 +0:13:41] grade: 64/64 (100%) 26.5/s eta 0.0m
[21:49:37 +0:13:41] grade: done — 64 samples in 2.4s | stall summary {'n': 1, 'stalls': 0, 'median_secs': 2.4176982150000867, 'max_secs': 2.4176982150000867, 'total_secs': 2.4176982150000867}
[21:49:48 +0:13:52] step 18/500 reward=+0.031 villain@odd=0.531 villain@even=0.500 GAP=+0.031 ema=+0.069 groupstd=0.783 rate=0.516 34s/step eta 275.2m
[21:49:51 +0:13:55] [hb] GRPO still running (0:13:00) | step 18/500 GAP=+0.069
[21:50:11 +0:14:16] grade: 64/64 (100%) 32.5/s eta 0.0m
[21:50:11 +0:14:16] grade: done — 64 samples in 2.0s | stall summary {'n': 1, 'stalls': 0, 'median_secs': 1.9675147400000697, 'max_secs': 1.9675147400000697, 'total_secs': 1.9675147400000697}
[21:50:21 +0:14:25] [hb] GRPO still running (0:13:30) | step 18/500 GAP=+0.069
[21:50:22 +0:14:27] step 19/500 reward=+0.125 villain@odd=0.469 villain@even=0.344 GAP=+0.125 ema=+0.080 groupstd=0.900 rate=0.406 35s/step eta 279.1m
[21:50:51 +0:14:55] [hb] GRPO still running (0:14:00) | step 19/500 GAP=+0.080
[21:50:56 +0:15:01] grade: 64/64 (100%) 30.5/s eta 0.0m
[21:50:56 +0:15:01] grade: done — 64 samples in 2.1s | stall summary {'n': 1, 'stalls': 0, 'median_secs': 2.09687837499996, 'max_secs': 2.09687837499996, 'total_secs': 2.09687837499996}
[21:51:10 +0:15:15] step 20/500 reward=-0.031 villain@odd=0.438 villain@even=0.469 GAP=-0.031 ema=+0.058 groupstd=0.816 rate=0.453 47s/step eta 378.8m
[21:51:21 +0:15:25] [hb] GRPO still running (0:14:30) | step 20/500 GAP=+0.058
[21:51:34 +0:15:39] grade: 64/64 (100%) 15.3/s eta 0.0m
[21:51:34 +0:15:39] grade: done — 64 samples in 4.2s | stall summary {'n': 1, 'stalls': 0, 'median_secs': 4.193481435999956, 'max_secs': 4.193481435999956, 'total_secs': 4.193481435999956}
[21:51:48 +0:15:53] step 21/500 reward=-0.062 villain@odd=0.469 villain@even=0.531 GAP=-0.062 ema=+0.034 groupstd=0.808 rate=0.500 38s/step eta 304.3m
[21:51:51 +0:15:55] [hb] GRPO still running (0:15:00) | step 21/500 GAP=+0.034
[21:52:14 +0:16:19] grade: 64/64 (100%) 21.2/s eta 0.0m
[21:52:14 +0:16:19] grade: done — 64 samples in 3.0s | stall summary {'n': 1, 'stalls': 0, 'median_secs': 3.0184619309999334, 'max_secs': 3.0184619309999334, 'total_secs': 3.0184619309999334}
[21:52:21 +0:16:25] [hb] GRPO still running (0:15:30) | step 21/500 GAP=+0.034
[21:52:28 +0:16:32] step 22/500 reward=+0.156 villain@odd=0.531 villain@even=0.375 GAP=+0.156 ema=+0.058 groupstd=0.737 rate=0.453 40s/step eta 317.0m
[21:52:51 +0:16:55] [hb] GRPO still running (0:16:00) | step 22/500 GAP=+0.058
[21:53:09 +0:17:14] grade: 64/64 (100%) 3.5/s eta 0.0m
[21:53:09 +0:17:14] grade: done — 64 samples in 18.5s | stall summary {'n': 1, 'stalls': 0, 'median_secs': 18.530621864999944, 'max_secs': 18.530621864999944, 'total_secs': 18.530621864999944}
[21:53:21 +0:17:25] [hb] GRPO still running (0:16:30) | step 22/500 GAP=+0.058
[21:53:21 +0:17:26] step 23/500 reward=-0.156 villain@odd=0.562 villain@even=0.719 GAP=-0.156 ema=+0.015 groupstd=0.675 rate=0.641 53s/step eta 425.3m
[21:53:48 +0:17:53] grade: 64/64 (100%) 11.7/s eta 0.0m
[21:53:48 +0:17:53] grade: done — 64 samples in 5.5s | stall summary {'n': 1, 'stalls': 0, 'median_secs': 5.453400499000054, 'max_secs': 5.453400499000054, 'total_secs': 5.453400499000054}
[21:53:51 +0:17:55] [hb] GRPO still running (0:17:00) | step 23/500 GAP=+0.015
[21:53:59 +0:18:04] step 24/500 reward=+0.156 villain@odd=0.562 villain@even=0.406 GAP=+0.156 ema=+0.044 groupstd=0.708 rate=0.484 38s/step eta 301.1m
[21:54:21 +0:18:25] [hb] GRPO still running (0:17:30) | step 24/500 GAP=+0.044
[21:54:28 +0:18:33] grade: 64/64 (100%) 15.6/s eta 0.0m
[21:54:28 +0:18:33] grade: done — 64 samples in 4.1s | stall summary {'n': 1, 'stalls': 0, 'median_secs': 4.107052681000141, 'max_secs': 4.107052681000141, 'total_secs': 4.107052681000141}
[21:54:41 +0:18:46] step 25/500 reward=+0.031 villain@odd=0.469 villain@even=0.438 GAP=+0.031 ema=+0.041 groupstd=0.754 rate=0.453 42s/step eta 330.9m
[21:54:41 +0:18:46] === BEGIN eval @ step 25 ===
[21:54:51 +0:18:55] [hb] GRPO still running (0:18:00) | step 25/500 GAP=+0.041
[21:55:00 +0:19:05] eval[mid]: 32/40 (80%) 3.0/s eta 0.0m
[21:55:04 +0:19:09] eval[mid]: 40/40 (100%) 2.8/s eta 0.0m
[21:55:04 +0:19:09] eval[mid]: done — 40 samples in 14.4s | stall summary {'n': 2, 'stalls': 0, 'median_secs': 7.192872810500035, 'max_secs': 10.605628589999924, 'total_secs': 14.38574562100007}
[21:55:06 +0:19:11] grade: 40/40 (100%) 19.5/s eta 0.0m
[21:55:06 +0:19:11] grade: done — 40 samples in 2.0s | stall summary {'n': 1, 'stalls': 0, 'median_secs': 2.0480055240000183, 'max_secs': 2.0480055240000183, 'total_secs': 2.0480055240000183}
[21:55:06 +0:19:11]   EVAL[mid] step 25: villain@odd=0.500 villain@even=0.350 GAP=+0.150 (n=40, held-out problems)
[21:55:06 +0:19:11] === END eval @ step 25 (0:00:25) ===
[21:55:18 +0:19:23] checkpoint @step 25: tinker://15b8bf9c-b744-5360-8b66-b8700fa51c60:train:0/weights/mrl2b-s25
[21:55:21 +0:19:25] [hb] GRPO still running (0:18:30) | step 25/500 GAP=+0.041
[21:55:40 +0:19:45] grade: 64/64 (100%) 31.2/s eta 0.0m
[21:55:40 +0:19:45] grade: done — 64 samples in 2.1s | stall summary {'n': 1, 'stalls': 0, 'median_secs': 2.050105690999999, 'max_secs': 2.050105690999999, 'total_secs': 2.050105690999999}
[21:55:51 +0:19:55] [hb] GRPO still running (0:19:00) | step 25/500 GAP=+0.041
[21:55:53 +0:19:58] step 26/500 reward=+0.000 villain@odd=0.469 villain@even=0.469 GAP=+0.000 ema=+0.033 groupstd=0.950 rate=0.469 35s/step eta 274.7m
[21:56:21 +0:20:25] [hb] GRPO still running (0:19:30) | step 26/500 GAP=+0.033
[21:56:32 +0:20:37] grade: 64/64 (100%) 17.0/s eta 0.0m
[21:56:32 +0:20:37] grade: done — 64 samples in 3.8s | stall summary {'n': 1, 'stalls': 0, 'median_secs': 3.7645762890001606, 'max_secs': 3.7645762890001606, 'total_secs': 3.7645762890001606}
[21:56:43 +0:20:48] step 27/500 reward=+0.000 villain@odd=0.500 villain@even=0.500 GAP=+0.000 ema=+0.026 groupstd=0.854 rate=0.500 50s/step eta 397.3m
[21:56:51 +0:20:55] [hb] GRPO still running (0:20:00) | step 27/500 GAP=+0.026
[21:57:10 +0:21:15] grade: 64/64 (100%) 15.4/s eta 0.0m
[21:57:10 +0:21:15] grade: done — 64 samples in 4.2s | stall summary {'n': 1, 'stalls': 0, 'median_secs': 4.1593857039999875, 'max_secs': 4.1593857039999875, 'total_secs': 4.1593857039999875}
[21:57:21 +0:21:25] [hb] GRPO still running (0:20:30) | step 27/500 GAP=+0.026
[21:57:22 +0:21:26] step 28/500 reward=+0.125 villain@odd=0.500 villain@even=0.375 GAP=+0.125 ema=+0.046 groupstd=0.808 rate=0.438 38s/step eta 302.3m
[21:57:51 +0:21:55] [hb] GRPO still running (0:21:00) | step 28/500 GAP=+0.046
[21:57:51 +0:21:56] grade: 64/64 (100%) 34.3/s eta 0.0m
[21:57:51 +0:21:56] grade: done — 64 samples in 1.9s | stall summary {'n': 1, 'stalls': 0, 'median_secs': 1.8666011339998931, 'max_secs': 1.8666011339998931, 'total_secs': 1.8666011339998931}
[21:58:05 +0:22:10] step 29/500 reward=+0.062 villain@odd=0.500 villain@even=0.438 GAP=+0.062 ema=+0.049 groupstd=0.933 rate=0.469 43s/step eta 338.5m
[21:58:21 +0:22:25] [hb] GRPO still running (0:21:30) | step 29/500 GAP=+0.049
[21:58:30 +0:22:35] grade: 64/64 (100%) 17.3/s eta 0.0m
[21:58:30 +0:22:35] grade: done — 64 samples in 3.7s | stall summary {'n': 1, 'stalls': 0, 'median_secs': 3.7070425630001864, 'max_secs': 3.7070425630001864, 'total_secs': 3.7070425630001864}
[21:58:43 +0:22:47] step 30/500 reward=+0.188 villain@odd=0.531 villain@even=0.344 GAP=+0.188 ema=+0.077 groupstd=0.700 rate=0.438 38s/step eta 297.5m
[21:58:51 +0:22:55] [hb] GRPO still running (0:22:00) | step 30/500 GAP=+0.077
[21:59:05 +0:23:10] grade: 64/64 (100%) 31.7/s eta 0.0m
[21:59:05 +0:23:10] grade: done — 64 samples in 2.0s | stall summary {'n': 1, 'stalls': 0, 'median_secs': 2.018852706999951, 'max_secs': 2.018852706999951, 'total_secs': 2.018852706999951}
[21:59:21 +0:23:25] [hb] GRPO still running (0:22:30) | step 30/500 GAP=+0.077
[21:59:22 +0:23:26] step 31/500 reward=-0.031 villain@odd=0.625 villain@even=0.656 GAP=-0.031 ema=+0.055 groupstd=0.862 rate=0.641 39s/step eta 304.4m
[21:59:48 +0:23:53] grade: 64/64 (100%) 18.2/s eta 0.0m
[21:59:48 +0:23:53] grade: done — 64 samples in 3.5s | stall summary {'n': 1, 'stalls': 0, 'median_secs': 3.5090710510000918, 'max_secs': 3.5090710510000918, 'total_secs': 3.5090710510000918}
[21:59:51 +0:23:55] [hb] GRPO still running (0:23:00) | step 31/500 GAP=+0.055
[22:00:01 +0:24:06] step 32/500 reward=+0.156 villain@odd=0.688 villain@even=0.531 GAP=+0.156 ema=+0.076 groupstd=0.800 rate=0.609 39s/step eta 305.1m
[22:00:21 +0:24:25] [hb] GRPO still running (0:23:30) | step 32/500 GAP=+0.076
[22:00:31 +0:24:36] grade: 64/64 (100%) 15.8/s eta 0.0m
[22:00:31 +0:24:36] grade: done — 64 samples in 4.0s | stall summary {'n': 1, 'stalls': 0, 'median_secs': 4.040614987000026, 'max_secs': 4.040614987000026, 'total_secs': 4.040614987000026}
[22:00:42 +0:24:47] step 33/500 reward=+0.156 villain@odd=0.625 villain@even=0.469 GAP=+0.156 ema=+0.092 groupstd=0.891 rate=0.547 41s/step eta 320.1m
[22:00:51 +0:24:55] [hb] GRPO still running (0:24:00) | step 33/500 GAP=+0.092
[22:01:08 +0:25:13] grade: 64/64 (100%) 31.2/s eta 0.0m
[22:01:08 +0:25:13] grade: done — 64 samples in 2.1s | stall summary {'n': 1, 'stalls': 0, 'median_secs': 2.0544479860000138, 'max_secs': 2.0544479860000138, 'total_secs': 2.0544479860000138}
[22:01:20 +0:25:25] step 34/500 reward=+0.219 villain@odd=0.656 villain@even=0.438 GAP=+0.219 ema=+0.117 groupstd=0.783 rate=0.547 38s/step eta 294.6m
[22:01:21 +0:25:25] [hb] GRPO still running (0:24:30) | step 34/500 GAP=+0.117
[22:01:43 +0:25:48] grade: 64/64 (100%) 30.9/s eta 0.0m
[22:01:43 +0:25:48] grade: done — 64 samples in 2.1s | stall summary {'n': 1, 'stalls': 0, 'median_secs': 2.0724364620000415, 'max_secs': 2.0724364620000415, 'total_secs': 2.0724364620000415}
[22:01:51 +0:25:55] [hb] GRPO still running (0:25:00) | step 34/500 GAP=+0.117
[22:01:55 +0:26:00] step 35/500 reward=+0.031 villain@odd=0.406 villain@even=0.375 GAP=+0.031 ema=+0.100 groupstd=0.896 rate=0.391 35s/step eta 274.0m
[22:02:14 +0:26:19] grade: 64/64 (100%) 30.1/s eta 0.0m
[22:02:14 +0:26:19] grade: done — 64 samples in 2.1s | stall summary {'n': 1, 'stalls': 0, 'median_secs': 2.1296418559998074, 'max_secs': 2.1296418559998074, 'total_secs': 2.1296418559998074}
[22:02:21 +0:26:25] [hb] GRPO still running (0:25:30) | step 35/500 GAP=+0.100
[22:02:27 +0:26:32] step 36/500 reward=+0.188 villain@odd=0.625 villain@even=0.438 GAP=+0.188 ema=+0.117 groupstd=0.746 rate=0.531 32s/step eta 244.7m
[22:02:48 +0:26:53] grade: 64/64 (100%) 30.3/s eta 0.0m
[22:02:48 +0:26:53] grade: done — 64 samples in 2.1s | stall summary {'n': 1, 'stalls': 0, 'median_secs': 2.1135270949998812, 'max_secs': 2.1135270949998812, 'total_secs': 2.1135270949998812}
[22:02:51 +0:26:55] [hb] GRPO still running (0:26:00) | step 36/500 GAP=+0.117
[22:03:01 +0:27:06] step 37/500 reward=-0.156 villain@odd=0.375 villain@even=0.531 GAP=-0.156 ema=+0.063 groupstd=0.800 rate=0.453 34s/step eta 265.4m
[22:03:21 +0:27:25] [hb] GRPO still running (0:26:30) | step 37/500 GAP=+0.063
[22:03:24 +0:27:28] grade: 64/64 (100%) 25.6/s eta 0.0m
[22:03:24 +0:27:28] grade: done — 64 samples in 2.5s | stall summary {'n': 1, 'stalls': 0, 'median_secs': 2.496401592000211, 'max_secs': 2.496401592000211, 'total_secs': 2.496401592000211}
[22:03:36 +0:27:41] step 38/500 reward=-0.031 villain@odd=0.438 villain@even=0.469 GAP=-0.031 ema=+0.044 groupstd=0.800 rate=0.453 35s/step eta 267.4m
[22:03:51 +0:27:55] [hb] GRPO still running (0:27:00) | step 38/500 GAP=+0.044
[22:03:57 +0:28:02] grade: 64/64 (100%) 28.2/s eta 0.0m
[22:03:57 +0:28:02] grade: done — 64 samples in 2.3s | stall summary {'n': 1, 'stalls': 0, 'median_secs': 2.2705582759999743, 'max_secs': 2.2705582759999743, 'total_secs': 2.2705582759999743}
[22:04:10 +0:28:15] step 39/500 reward=-0.031 villain@odd=0.438 villain@even=0.469 GAP=-0.031 ema=+0.029 groupstd=0.800 rate=0.453 34s/step eta 260.5m
[22:04:21 +0:28:25] [hb] GRPO still running (0:27:30) | step 39/500 GAP=+0.029
[22:04:32 +0:28:37] grade: 64/64 (100%) 31.2/s eta 0.0m
[22:04:32 +0:28:37] grade: done — 64 samples in 2.0s | stall summary {'n': 1, 'stalls': 0, 'median_secs': 2.0481666409998525, 'max_secs': 2.0481666409998525, 'total_secs': 2.0481666409998525}
[22:04:44 +0:28:49] step 40/500 reward=+0.031 villain@odd=0.625 villain@even=0.594 GAP=+0.031 ema=+0.029 groupstd=0.845 rate=0.609 34s/step eta 263.9m
[22:04:51 +0:28:55] [hb] GRPO still running (0:28:00) | step 40/500 GAP=+0.029
[22:05:08 +0:29:12] grade: 64/64 (100%) 32.2/s eta 0.0m
[22:05:08 +0:29:12] grade: done — 64 samples in 2.0s | stall summary {'n': 1, 'stalls': 0, 'median_secs': 1.988130573000035, 'max_secs': 1.988130573000035, 'total_secs': 1.988130573000035}
[22:05:19 +0:29:24] step 41/500 reward=-0.188 villain@odd=0.406 villain@even=0.594 GAP=-0.188 ema=-0.014 groupstd=0.762 rate=0.500 35s/step eta 267.1m
[22:05:21 +0:29:25] [hb] GRPO still running (0:28:30) | step 41/500 GAP=-0.014
[22:05:42 +0:29:47] grade: 64/64 (100%) 31.7/s eta 0.0m
[22:05:42 +0:29:47] grade: done — 64 samples in 2.0s | stall summary {'n': 1, 'stalls': 0, 'median_secs': 2.0203817230001277, 'max_secs': 2.0203817230001277, 'total_secs': 2.0203817230001277}
[22:05:51 +0:29:55] [hb] GRPO still running (0:29:00) | step 41/500 GAP=-0.014
[22:05:54 +0:29:59] step 42/500 reward=+0.125 villain@odd=0.531 villain@even=0.406 GAP=+0.125 ema=+0.014 groupstd=0.854 rate=0.469 35s/step eta 265.2m
[22:06:19 +0:30:24] grade: 64/64 (100%) 17.0/s eta 0.0m
[22:06:19 +0:30:24] grade: done — 64 samples in 3.8s | stall summary {'n': 1, 'stalls': 0, 'median_secs': 3.75664318500003, 'max_secs': 3.75664318500003, 'total_secs': 3.75664318500003}
[22:06:21 +0:30:25] [hb] GRPO still running (0:29:30) | step 42/500 GAP=+0.014
[22:06:32 +0:30:37] step 43/500 reward=+0.094 villain@odd=0.531 villain@even=0.438 GAP=+0.094 ema=+0.030 groupstd=0.629 rate=0.484 38s/step eta 293.1m
[22:06:51 +0:30:55] [hb] GRPO still running (0:30:00) | step 43/500 GAP=+0.030
[22:06:57 +0:31:02] grade: 64/64 (100%) 16.8/s eta 0.0m
[22:06:57 +0:31:02] grade: done — 64 samples in 3.8s | stall summary {'n': 1, 'stalls': 0, 'median_secs': 3.802617433000023, 'max_secs': 3.802617433000023, 'total_secs': 3.802617433000023}
[22:07:10 +0:31:15] step 44/500 reward=+0.062 villain@odd=0.406 villain@even=0.344 GAP=+0.062 ema=+0.036 groupstd=0.700 rate=0.375 38s/step eta 285.7m
[22:07:21 +0:31:25] [hb] GRPO still running (0:30:30) | step 44/500 GAP=+0.036
[22:07:32 +0:31:36] grade: 64/64 (100%) 30.8/s eta 0.0m
[22:07:32 +0:31:36] grade: done — 64 samples in 2.1s | stall summary {'n': 1, 'stalls': 0, 'median_secs': 2.077832226999817, 'max_secs': 2.077832226999817, 'total_secs': 2.077832226999817}
[22:07:45 +0:31:50] step 45/500 reward=+0.000 villain@odd=0.500 villain@even=0.500 GAP=+0.000 ema=+0.029 groupstd=0.887 rate=0.500 35s/step eta 268.0m
[22:07:51 +0:31:55] [hb] GRPO still running (0:31:00) | step 45/500 GAP=+0.029
[22:08:14 +0:32:19] grade: 64/64 (100%) 13.8/s eta 0.0m
[22:08:14 +0:32:19] grade: done — 64 samples in 4.6s | stall summary {'n': 1, 'stalls': 0, 'median_secs': 4.626252671999964, 'max_secs': 4.626252671999964, 'total_secs': 4.626252671999964}
[22:08:21 +0:32:25] [hb] GRPO still running (0:31:30) | step 45/500 GAP=+0.029
[22:08:26 +0:32:31] step 46/500 reward=-0.094 villain@odd=0.375 villain@even=0.469 GAP=-0.094 ema=+0.004 groupstd=0.737 rate=0.422 41s/step eta 308.1m
[22:08:51 +0:32:55] [hb] GRPO still running (0:32:00) | step 46/500 GAP=+0.004
[22:08:52 +0:32:56] grade: 64/64 (100%) 28.8/s eta 0.0m
[22:08:52 +0:32:56] grade: done — 64 samples in 2.2s | stall summary {'n': 1, 'stalls': 0, 'median_secs': 2.22138029499979, 'max_secs': 2.22138029499979, 'total_secs': 2.22138029499979}
[22:09:04 +0:33:08] step 47/500 reward=+0.156 villain@odd=0.625 villain@even=0.469 GAP=+0.156 ema=+0.035 groupstd=0.800 rate=0.547 38s/step eta 283.3m
[22:09:21 +0:33:25] [hb] GRPO still running (0:32:30) | step 47/500 GAP=+0.035
[22:09:38 +0:33:43] grade: 64/64 (100%) 25.9/s eta 0.0m
[22:09:38 +0:33:43] grade: done — 64 samples in 2.5s | stall summary {'n': 1, 'stalls': 0, 'median_secs': 2.4712711320000835, 'max_secs': 2.4712711320000835, 'total_secs': 2.4712711320000835}
[22:09:50 +0:33:55] step 48/500 reward=+0.156 villain@odd=0.531 villain@even=0.375 GAP=+0.156 ema=+0.059 groupstd=0.833 rate=0.453 46s/step eta 347.8m
[22:09:51 +0:33:55] [hb] GRPO still running (0:33:00) | step 48/500 GAP=+0.059
[22:10:12 +0:34:17] grade: 64/64 (100%) 29.6/s eta 0.0m
[22:10:12 +0:34:17] grade: done — 64 samples in 2.2s | stall summary {'n': 1, 'stalls': 0, 'median_secs': 2.160374169000079, 'max_secs': 2.160374169000079, 'total_secs': 2.160374169000079}
[22:10:21 +0:34:25] [hb] GRPO still running (0:33:30) | step 48/500 GAP=+0.059
[22:10:31 +0:34:36] step 49/500 reward=+0.344 villain@odd=0.812 villain@even=0.469 GAP=+0.344 ema=+0.116 groupstd=0.612 rate=0.641 41s/step eta 309.5m
[22:10:51 +0:34:55] [hb] GRPO still running (0:34:00) | step 49/500 GAP=+0.116
[22:10:55 +0:34:59] grade: 64/64 (100%) 19.7/s eta 0.0m
[22:10:55 +0:34:59] grade: done — 64 samples in 3.2s | stall summary {'n': 1, 'stalls': 0, 'median_secs': 3.2479190480003126, 'max_secs': 3.2479190480003126, 'total_secs': 3.2479190480003126}
[22:11:11 +0:35:16] step 50/500 reward=-0.031 villain@odd=0.594 villain@even=0.625 GAP=-0.031 ema=+0.087 groupstd=0.800 rate=0.609 40s/step eta 299.4m
[22:11:11 +0:35:16] === BEGIN eval @ step 50 ===
[22:11:21 +0:35:25] [hb] GRPO still running (0:34:30) | step 50/500 GAP=+0.087
[22:11:40 +0:35:45] eval[mid]: 32/40 (80%) 2.1/s eta 0.1m
[22:11:41 +0:35:46] [hb] eval @ step 50 still running (0:00:30)
[22:11:48 +0:35:53] eval[mid]: 40/40 (100%) 1.7/s eta 0.0m
[22:11:48 +0:35:53] eval[mid]: done — 40 samples in 23.3s | stall summary {'n': 2, 'stalls': 0, 'median_secs': 11.648728630499818, 'max_secs': 15.232908393999878, 'total_secs': 23.297457260999636}
[22:11:50 +0:35:55] grade: 40/40 (100%) 21.5/s eta 0.0m
[22:11:50 +0:35:55] grade: done — 40 samples in 1.9s | stall summary {'n': 1, 'stalls': 0, 'median_secs': 1.8567852219998713, 'max_secs': 1.8567852219998713, 'total_secs': 1.8567852219998713}
[22:11:50 +0:35:55]   EVAL[mid] step 50: villain@odd=0.450 villain@even=0.600 GAP=-0.150 (n=40, held-out problems)
[22:11:50 +0:35:55] === END eval @ step 50 (0:00:39) ===
[22:11:51 +0:35:55] [hb] GRPO still running (0:35:00) | step 50/500 GAP=+0.087
[22:11:59 +0:36:04] checkpoint @step 50: tinker://15b8bf9c-b744-5360-8b66-b8700fa51c60:train:0/weights/mrl2b-s50
[22:12:21 +0:36:25] [hb] GRPO still running (0:35:30) | step 50/500 GAP=+0.087
[22:12:23 +0:36:28] grade: 64/64 (100%) 31.7/s eta 0.0m
[22:12:23 +0:36:28] grade: done — 64 samples in 2.0s | stall summary {'n': 1, 'stalls': 0, 'median_secs': 2.018466162000095, 'max_secs': 2.018466162000095, 'total_secs': 2.018466162000095}
[22:12:35 +0:36:40] step 51/500 reward=+0.031 villain@odd=0.500 villain@even=0.469 GAP=+0.031 ema=+0.076 groupstd=0.879 rate=0.484 36s/step eta 269.0m
[22:12:51 +0:36:55] [hb] GRPO still running (0:36:00) | step 51/500 GAP=+0.076
[22:12:56 +0:37:01] grade: 64/64 (100%) 33.9/s eta 0.0m
[22:12:56 +0:37:01] grade: done — 64 samples in 1.9s | stall summary {'n': 1, 'stalls': 0, 'median_secs': 1.8854024440001922, 'max_secs': 1.8854024440001922, 'total_secs': 1.8854024440001922}
[22:13:03 +0:37:08] step 52/500 reward=+0.062 villain@odd=0.375 villain@even=0.312 GAP=+0.062 ema=+0.073 groupstd=0.791 rate=0.344 28s/step eta 208.7m
[22:13:21 +0:37:25] [hb] GRPO still running (0:36:30) | step 52/500 GAP=+0.073
[22:13:27 +0:37:31] grade: 64/64 (100%) 15.5/s eta 0.0m
[22:13:27 +0:37:31] grade: done — 64 samples in 4.1s | stall summary {'n': 1, 'stalls': 0, 'median_secs': 4.13526379699988, 'max_secs': 4.13526379699988, 'total_secs': 4.13526379699988}
[22:13:33 +0:37:38] step 53/500 reward=+0.000 villain@odd=0.531 villain@even=0.531 GAP=+0.000 ema=+0.058 groupstd=0.762 rate=0.531 30s/step eta 226.6m
[22:13:51 +0:37:55] [hb] GRPO still running (0:37:00) | step 53/500 GAP=+0.058
[22:14:04 +0:38:09] grade: 64/64 (100%) 3.8/s eta 0.0m
[22:14:04 +0:38:09] grade: done — 64 samples in 16.7s | stall summary {'n': 1, 'stalls': 0, 'median_secs': 16.719338104000144, 'max_secs': 16.719338104000144, 'total_secs': 16.719338104000144}
[22:14:11 +0:38:16] step 54/500 reward=+0.000 villain@odd=0.656 villain@even=0.656 GAP=+0.000 ema=+0.047 groupstd=0.854 rate=0.656 37s/step eta 278.6m
[22:14:21 +0:38:25] [hb] GRPO still running (0:37:30) | step 54/500 GAP=+0.047
[22:14:38 +0:38:43] grade: 64/64 (100%) 30.3/s eta 0.0m
[22:14:38 +0:38:43] grade: done — 64 samples in 2.1s | stall summary {'n': 1, 'stalls': 0, 'median_secs': 2.1110294330001125, 'max_secs': 2.1110294330001125, 'total_secs': 2.1110294330001125}
[22:14:44 +0:38:49] step 55/500 reward=+0.062 villain@odd=0.562 villain@even=0.500 GAP=+0.062 ema=+0.050 groupstd=0.858 rate=0.531 34s/step eta 249.4m
[22:14:51 +0:38:55] [hb] GRPO still running (0:38:00) | step 55/500 GAP=+0.050
[22:15:15 +0:39:20] grade: 64/64 (100%) 4.2/s eta 0.0m
[22:15:15 +0:39:20] grade: done — 64 samples in 15.2s | stall summary {'n': 1, 'stalls': 0, 'median_secs': 15.174477642999591, 'max_secs': 15.174477642999591, 'total_secs': 15.174477642999591}
[22:15:21 +0:39:25] [hb] GRPO still running (0:38:30) | step 55/500 GAP=+0.050
[22:15:22 +0:39:27] step 56/500 reward=+0.094 villain@odd=0.656 villain@even=0.562 GAP=+0.094 ema=+0.059 groupstd=0.845 rate=0.609 37s/step eta 276.6m
[22:15:39 +0:39:44] grade: 64/64 (100%) 31.2/s eta 0.0m
[22:15:39 +0:39:44] grade: done — 64 samples in 2.0s | stall summary {'n': 1, 'stalls': 0, 'median_secs': 2.049053160999847, 'max_secs': 2.049053160999847, 'total_secs': 2.049053160999847}
[22:15:46 +0:39:51] step 57/500 reward=+0.094 villain@odd=0.469 villain@even=0.375 GAP=+0.094 ema=+0.066 groupstd=0.675 rate=0.422 24s/step eta 178.6m
[22:15:51 +0:39:55] [hb] GRPO still running (0:39:00) | step 57/500 GAP=+0.066
[22:16:06 +0:40:11] grade: 64/64 (100%) 15.2/s eta 0.0m
[22:16:06 +0:40:11] grade: done — 64 samples in 4.2s | stall summary {'n': 1, 'stalls': 0, 'median_secs': 4.201605090000157, 'max_secs': 4.201605090000157, 'total_secs': 4.201605090000157}
[22:16:12 +0:40:17] step 58/500 reward=+0.000 villain@odd=0.500 villain@even=0.500 GAP=+0.000 ema=+0.053 groupstd=0.916 rate=0.500 26s/step eta 192.9m
[22:16:21 +0:40:25] [hb] GRPO still running (0:39:30) | step 58/500 GAP=+0.053
[22:16:32 +0:40:37] grade: 64/64 (100%) 26.4/s eta 0.0m
[22:16:32 +0:40:37] grade: done — 64 samples in 2.4s | stall summary {'n': 1, 'stalls': 0, 'median_secs': 2.4222428860002765, 'max_secs': 2.4222428860002765, 'total_secs': 2.4222428860002765}
[22:16:38 +0:40:43] step 59/500 reward=+0.156 villain@odd=0.688 villain@even=0.531 GAP=+0.156 ema=+0.073 groupstd=0.771 rate=0.609 26s/step eta 189.3m
[22:16:51 +0:40:55] [hb] GRPO still running (0:40:00) | step 59/500 GAP=+0.073
[22:16:57 +0:41:01] grade: 64/64 (100%) 33.8/s eta 0.0m
[22:16:57 +0:41:01] grade: done — 64 samples in 1.9s | stall summary {'n': 1, 'stalls': 0, 'median_secs': 1.8957906880000337, 'max_secs': 1.8957906880000337, 'total_secs': 1.8957906880000337}
[22:17:03 +0:41:08] step 60/500 reward=-0.156 villain@odd=0.406 villain@even=0.562 GAP=-0.156 ema=+0.027 groupstd=0.783 rate=0.484 25s/step eta 185.9m
[22:17:20 +0:41:25] grade: 64/64 (100%) 32.0/s eta 0.0m
[22:17:20 +0:41:25] grade: done — 64 samples in 2.0s | stall summary {'n': 1, 'stalls': 0, 'median_secs': 2.0005998139999974, 'max_secs': 2.0005998139999974, 'total_secs': 2.0005998139999974}
[22:17:21 +0:41:25] [hb] GRPO still running (0:40:30) | step 60/500 GAP=+0.027
[22:17:26 +0:41:31] step 61/500 reward=-0.031 villain@odd=0.406 villain@even=0.438 GAP=-0.031 ema=+0.016 groupstd=0.754 rate=0.422 23s/step eta 165.0m
[22:17:42 +0:41:47] grade: 64/64 (100%) 32.4/s eta 0.0m
[22:17:42 +0:41:47] grade: done — 64 samples in 2.0s | stall summary {'n': 1, 'stalls': 0, 'median_secs': 1.9751126789997215, 'max_secs': 1.9751126789997215, 'total_secs': 1.9751126789997215}
[22:17:48 +0:41:53] step 62/500 reward=+0.031 villain@odd=0.594 villain@even=0.562 GAP=+0.031 ema=+0.019 groupstd=0.879 rate=0.578 22s/step eta 163.2m
[22:17:51 +0:41:55] [hb] GRPO still running (0:41:00) | step 62/500 GAP=+0.019
[22:18:09 +0:42:14] grade: 64/64 (100%) 16.8/s eta 0.0m
[22:18:09 +0:42:14] grade: done — 64 samples in 3.8s | stall summary {'n': 1, 'stalls': 0, 'median_secs': 3.800363307000225, 'max_secs': 3.800363307000225, 'total_secs': 3.800363307000225}
[22:18:15 +0:42:20] step 63/500 reward=+0.000 villain@odd=0.594 villain@even=0.594 GAP=+0.000 ema=+0.015 groupstd=0.746 rate=0.594 27s/step eta 196.7m
[22:18:21 +0:42:25] [hb] GRPO still running (0:41:30) | step 63/500 GAP=+0.015
[22:18:33 +0:42:38] grade: 64/64 (100%) 18.6/s eta 0.0m
[22:18:33 +0:42:38] grade: done — 64 samples in 3.4s | stall summary {'n': 1, 'stalls': 0, 'median_secs': 3.4362035740000465, 'max_secs': 3.4362035740000465, 'total_secs': 3.4362035740000465}
[22:18:39 +0:42:44] step 64/500 reward=+0.188 villain@odd=0.625 villain@even=0.438 GAP=+0.188 ema=+0.050 groupstd=0.700 rate=0.531 24s/step eta 172.9m
[22:18:51 +0:42:55] [hb] GRPO still running (0:42:00) | step 64/500 GAP=+0.050
[22:18:56 +0:43:01] grade: 64/64 (100%) 33.7/s eta 0.0m
[22:18:56 +0:43:01] grade: done — 64 samples in 1.9s | stall summary {'n': 1, 'stalls': 0, 'median_secs': 1.8970394919997489, 'max_secs': 1.8970394919997489, 'total_secs': 1.8970394919997489}
[22:19:03 +0:43:08] step 65/500 reward=-0.125 villain@odd=0.500 villain@even=0.625 GAP=-0.125 ema=+0.015 groupstd=0.854 rate=0.562 24s/step eta 172.8m
[22:19:21 +0:43:25] [hb] GRPO still running (0:42:30) | step 65/500 GAP=+0.015
[22:19:23 +0:43:28] grade: 64/64 (100%) 31.3/s eta 0.0m
[22:19:23 +0:43:28] grade: done — 64 samples in 2.0s | stall summary {'n': 1, 'stalls': 0, 'median_secs': 2.0467413540000052, 'max_secs': 2.0467413540000052, 'total_secs': 2.0467413540000052}
[22:19:29 +0:43:34] step 66/500 reward=+0.156 villain@odd=0.656 villain@even=0.500 GAP=+0.156 ema=+0.043 groupstd=0.737 rate=0.578 27s/step eta 192.4m
[22:19:46 +0:43:51] grade: 64/64 (100%) 30.9/s eta 0.0m
[22:19:46 +0:43:51] grade: done — 64 samples in 2.1s | stall summary {'n': 1, 'stalls': 0, 'median_secs': 2.0727278980002666, 'max_secs': 2.0727278980002666, 'total_secs': 2.0727278980002666}
[22:19:51 +0:43:55] [hb] GRPO still running (0:43:00) | step 66/500 GAP=+0.043
[22:19:52 +0:43:56] step 67/500 reward=+0.250 villain@odd=0.594 villain@even=0.344 GAP=+0.250 ema=+0.084 groupstd=0.825 rate=0.469 22s/step eta 160.4m
[22:20:07 +0:44:12] grade: 64/64 (100%) 33.8/s eta 0.0m
[22:20:07 +0:44:12] grade: done — 64 samples in 1.9s | stall summary {'n': 1, 'stalls': 0, 'median_secs': 1.8920443209999576, 'max_secs': 1.8920443209999576, 'total_secs': 1.8920443209999576}
[22:20:14 +0:44:18] step 68/500 reward=-0.156 villain@odd=0.469 villain@even=0.625 GAP=-0.156 ema=+0.036 groupstd=0.816 rate=0.547 22s/step eta 158.0m
[22:20:21 +0:44:25] [hb] GRPO still running (0:43:30) | step 68/500 GAP=+0.036
[22:20:31 +0:44:36] grade: 64/64 (100%) 28.5/s eta 0.0m
[22:20:31 +0:44:36] grade: done — 64 samples in 2.2s | stall summary {'n': 1, 'stalls': 0, 'median_secs': 2.24845303300026, 'max_secs': 2.24845303300026, 'total_secs': 2.24845303300026}
[22:20:38 +0:44:43] step 69/500 reward=+0.031 villain@odd=0.406 villain@even=0.375 GAP=+0.031 ema=+0.035 groupstd=0.862 rate=0.391 24s/step eta 174.5m
[22:20:51 +0:44:55] [hb] GRPO still running (0:44:00) | step 69/500 GAP=+0.035
[22:20:58 +0:45:03] grade: 64/64 (100%) 21.8/s eta 0.0m
[22:20:58 +0:45:03] grade: done — 64 samples in 2.9s | stall summary {'n': 1, 'stalls': 0, 'median_secs': 2.935155687000133, 'max_secs': 2.935155687000133, 'total_secs': 2.935155687000133}
[22:21:04 +0:45:09] step 70/500 reward=-0.094 villain@odd=0.438 villain@even=0.531 GAP=-0.094 ema=+0.009 groupstd=0.783 rate=0.484 26s/step eta 189.0m
[22:21:21 +0:45:25] [hb] GRPO still running (0:44:30) | step 70/500 GAP=+0.009
[22:21:22 +0:45:27] grade: 64/64 (100%) 31.8/s eta 0.0m
[22:21:22 +0:45:27] grade: done — 64 samples in 2.0s | stall summary {'n': 1, 'stalls': 0, 'median_secs': 2.0129580909997458, 'max_secs': 2.0129580909997458, 'total_secs': 2.0129580909997458}
[22:21:28 +0:45:33] step 71/500 reward=+0.094 villain@odd=0.594 villain@even=0.500 GAP=+0.094 ema=+0.026 groupstd=0.816 rate=0.547 24s/step eta 173.2m
[22:21:46 +0:45:51] grade: 64/64 (100%) 31.9/s eta 0.0m
[22:21:46 +0:45:51] grade: done — 64 samples in 2.0s | stall summary {'n': 1, 'stalls': 0, 'median_secs': 2.0056938539996736, 'max_secs': 2.0056938539996736, 'total_secs': 2.0056938539996736}
[22:21:51 +0:45:55] [hb] GRPO still running (0:45:00) | step 71/500 GAP=+0.026
[22:21:52 +0:45:57] step 72/500 reward=+0.156 villain@odd=0.594 villain@even=0.438 GAP=+0.156 ema=+0.052 groupstd=0.862 rate=0.516 24s/step eta 168.6m
[22:22:09 +0:46:14] grade: 64/64 (100%) 31.3/s eta 0.0m
[22:22:09 +0:46:14] grade: done — 64 samples in 2.0s | stall summary {'n': 1, 'stalls': 0, 'median_secs': 2.0456658970001627, 'max_secs': 2.0456658970001627, 'total_secs': 2.0456658970001627}
[22:22:15 +0:46:20] step 73/500 reward=-0.062 villain@odd=0.375 villain@even=0.438 GAP=-0.062 ema=+0.029 groupstd=0.683 rate=0.406 23s/step eta 166.5m
[22:22:21 +0:46:25] [hb] GRPO still running (0:45:30) | step 73/500 GAP=+0.029
[22:22:51 +0:46:55] [hb] GRPO still running (0:46:00) | step 73/500 GAP=+0.029
[22:22:55 +0:47:00] grade: 64/64 (100%) 12.9/s eta 0.0m
[22:22:55 +0:47:00] grade: done — 64 samples in 5.0s | stall summary {'n': 1, 'stalls': 0, 'median_secs': 4.960525106999739, 'max_secs': 4.960525106999739, 'total_secs': 4.960525106999739}
[22:23:01 +0:47:06] step 74/500 reward=+0.125 villain@odd=0.625 villain@even=0.500 GAP=+0.125 ema=+0.048 groupstd=0.900 rate=0.562 46s/step eta 325.3m
[22:23:21 +0:47:25] [hb] GRPO still running (0:46:30) | step 74/500 GAP=+0.048
[22:23:24 +0:47:29] grade: 64/64 (100%) 12.9/s eta 0.0m
[22:23:24 +0:47:29] grade: done — 64 samples in 4.9s | stall summary {'n': 1, 'stalls': 0, 'median_secs': 4.943045679000079, 'max_secs': 4.943045679000079, 'total_secs': 4.943045679000079}
[22:23:30 +0:47:35] step 75/500 reward=+0.062 villain@odd=0.594 villain@even=0.531 GAP=+0.062 ema=+0.051 groupstd=0.808 rate=0.562 29s/step eta 204.5m
[22:23:30 +0:47:35] === BEGIN eval @ step 75 ===
[22:23:46 +0:47:50] eval[mid]: 32/40 (80%) 2.5/s eta 0.1m
[22:23:49 +0:47:54] eval[mid]: 40/40 (100%) 2.5/s eta 0.0m
[22:23:49 +0:47:54] eval[mid]: done — 40 samples in 16.2s | stall summary {'n': 2, 'stalls': 0, 'median_secs': 8.117885910000041, 'max_secs': 12.778751606000242, 'total_secs': 16.235771820000082}
[22:23:51 +0:47:55] [hb] GRPO still running (0:47:00) | step 75/500 GAP=+0.051
[22:23:51 +0:47:56] grade: 40/40 (100%) 21.6/s eta 0.0m
[22:23:51 +0:47:56] grade: done — 40 samples in 1.9s | stall summary {'n': 1, 'stalls': 0, 'median_secs': 1.8551880019999771, 'max_secs': 1.8551880019999771, 'total_secs': 1.8551880019999771}
[22:23:51 +0:47:56]   EVAL[mid] step 75: villain@odd=0.450 villain@even=0.450 GAP=+0.000 (n=40, held-out problems)
[22:23:51 +0:47:56] === END eval @ step 75 (0:00:21) ===
[22:23:57 +0:48:02] checkpoint @step 75: tinker://15b8bf9c-b744-5360-8b66-b8700fa51c60:train:0/weights/mrl2b-s75
[22:24:13 +0:48:18] grade: 64/64 (100%) 33.7/s eta 0.0m
[22:24:13 +0:48:18] grade: done — 64 samples in 1.9s | stall summary {'n': 1, 'stalls': 0, 'median_secs': 1.8967189230002077, 'max_secs': 1.8967189230002077, 'total_secs': 1.8967189230002077}
[22:24:20 +0:48:25] step 76/500 reward=+0.000 villain@odd=0.438 villain@even=0.438 GAP=+0.000 ema=+0.041 groupstd=0.900 rate=0.438 22s/step eta 158.6m
[22:24:21 +0:48:25] [hb] GRPO still running (0:47:30) | step 76/500 GAP=+0.041
[22:24:41 +0:48:46] grade: 64/64 (100%) 25.6/s eta 0.0m
[22:24:41 +0:48:46] grade: done — 64 samples in 2.5s | stall summary {'n': 1, 'stalls': 0, 'median_secs': 2.5028145300002507, 'max_secs': 2.5028145300002507, 'total_secs': 2.5028145300002507}
[22:24:47 +0:48:51] step 77/500 reward=+0.312 villain@odd=0.688 villain@even=0.375 GAP=+0.312 ema=+0.095 groupstd=0.808 rate=0.531 27s/step eta 190.1m
[22:24:51 +0:48:55] [hb] GRPO still running (0:48:00) | step 77/500 GAP=+0.095
[22:25:03 +0:49:08] grade: 64/64 (100%) 31.7/s eta 0.0m
[22:25:03 +0:49:08] grade: done — 64 samples in 2.0s | stall summary {'n': 1, 'stalls': 0, 'median_secs': 2.020683229000042, 'max_secs': 2.020683229000042, 'total_secs': 2.020683229000042}
[22:25:10 +0:49:15] step 78/500 reward=+0.062 villain@odd=0.562 villain@even=0.500 GAP=+0.062 ema=+0.089 groupstd=0.950 rate=0.531 23s/step eta 163.0m
[22:25:21 +0:49:25] [hb] GRPO still running (0:48:30) | step 78/500 GAP=+0.089
[22:25:28 +0:49:32] grade: 64/64 (100%) 30.7/s eta 0.0m
[22:25:28 +0:49:32] grade: done — 64 samples in 2.1s | stall summary {'n': 1, 'stalls': 0, 'median_secs': 2.0827252999997654, 'max_secs': 2.0827252999997654, 'total_secs': 2.0827252999997654}
[22:25:41 +0:49:45] step 79/500 reward=+0.125 villain@odd=0.562 villain@even=0.438 GAP=+0.125 ema=+0.096 groupstd=0.666 rate=0.500 31s/step eta 216.1m
[22:25:51 +0:49:55] [hb] GRPO still running (0:49:00) | step 79/500 GAP=+0.096
[22:26:02 +0:50:07] grade: 64/64 (100%) 10.8/s eta 0.0m
[22:26:02 +0:50:07] grade: done — 64 samples in 5.9s | stall summary {'n': 1, 'stalls': 0, 'median_secs': 5.929460463999931, 'max_secs': 5.929460463999931, 'total_secs': 5.929460463999931}
[22:26:09 +0:50:14] step 80/500 reward=+0.000 villain@odd=0.531 villain@even=0.531 GAP=+0.000 ema=+0.077 groupstd=0.854 rate=0.531 29s/step eta 201.3m
[22:26:21 +0:50:25] [hb] GRPO still running (0:49:30) | step 80/500 GAP=+0.077
[22:26:26 +0:50:31] grade: 64/64 (100%) 31.0/s eta 0.0m
[22:26:26 +0:50:31] grade: done — 64 samples in 2.1s | stall summary {'n': 1, 'stalls': 0, 'median_secs': 2.0655626239999947, 'max_secs': 2.0655626239999947, 'total_secs': 2.0655626239999947}
[22:26:33 +0:50:37] step 81/500 reward=+0.188 villain@odd=0.625 villain@even=0.438 GAP=+0.188 ema=+0.099 groupstd=0.808 rate=0.531 23s/step eta 161.0m
[22:26:50 +0:50:55] grade: 64/64 (100%) 30.8/s eta 0.0m
[22:26:50 +0:50:55] grade: done — 64 samples in 2.1s | stall summary {'n': 1, 'stalls': 0, 'median_secs': 2.0769695039998624, 'max_secs': 2.0769695039998624, 'total_secs': 2.0769695039998624}
[22:26:51 +0:50:55] [hb] GRPO still running (0:50:00) | step 81/500 GAP=+0.099
[22:26:56 +0:51:01] step 82/500 reward=-0.125 villain@odd=0.469 villain@even=0.594 GAP=-0.125 ema=+0.054 groupstd=0.791 rate=0.531 24s/step eta 166.8m
[22:27:17 +0:51:21] grade: 64/64 (100%) 30.5/s eta 0.0m
[22:27:17 +0:51:21] grade: done — 64 samples in 2.1s | stall summary {'n': 1, 'stalls': 0, 'median_secs': 2.0969785540000885, 'max_secs': 2.0969785540000885, 'total_secs': 2.0969785540000885}
[22:27:21 +0:51:25] [hb] GRPO still running (0:50:30) | step 82/500 GAP=+0.054
[22:27:23 +0:51:28] step 83/500 reward=+0.219 villain@odd=0.594 villain@even=0.375 GAP=+0.219 ema=+0.087 groupstd=0.737 rate=0.484 26s/step eta 183.9m
[22:27:43 +0:51:48] grade: 64/64 (100%) 13.4/s eta 0.0m
[22:27:43 +0:51:48] grade: done — 64 samples in 4.8s | stall summary {'n': 1, 'stalls': 0, 'median_secs': 4.765974717000063, 'max_secs': 4.765974717000063, 'total_secs': 4.765974717000063}
[22:27:49 +0:51:54] step 84/500 reward=+0.219 villain@odd=0.656 villain@even=0.438 GAP=+0.219 ema=+0.113 groupstd=0.816 rate=0.547 27s/step eta 184.0m
[22:27:51 +0:51:55] [hb] GRPO still running (0:51:00) | step 84/500 GAP=+0.113
[22:28:08 +0:52:13] grade: 64/64 (100%) 15.2/s eta 0.0m
[22:28:08 +0:52:13] grade: done — 64 samples in 4.2s | stall summary {'n': 1, 'stalls': 0, 'median_secs': 4.210507422999854, 'max_secs': 4.210507422999854, 'total_secs': 4.210507422999854}
[22:28:14 +0:52:19] step 85/500 reward=-0.094 villain@odd=0.344 villain@even=0.438 GAP=-0.094 ema=+0.072 groupstd=0.754 rate=0.391 25s/step eta 170.8m
[22:28:21 +0:52:25] [hb] GRPO still running (0:51:30) | step 85/500 GAP=+0.072
[22:28:32 +0:52:36] grade: 64/64 (100%) 33.8/s eta 0.0m
[22:28:32 +0:52:36] grade: done — 64 samples in 1.9s | stall summary {'n': 1, 'stalls': 0, 'median_secs': 1.8926871550002033, 'max_secs': 1.8926871550002033, 'total_secs': 1.8926871550002033}
[22:28:37 +0:52:42] step 86/500 reward=+0.000 villain@odd=0.469 villain@even=0.469 GAP=+0.000 ema=+0.058 groupstd=0.808 rate=0.469 23s/step eta 160.2m
[22:28:51 +0:52:55] [hb] GRPO still running (0:52:00) | step 86/500 GAP=+0.058
[22:28:58 +0:53:03] grade: 64/64 (100%) 33.2/s eta 0.0m
[22:28:58 +0:53:03] grade: done — 64 samples in 1.9s | stall summary {'n': 1, 'stalls': 0, 'median_secs': 1.927213352000308, 'max_secs': 1.927213352000308, 'total_secs': 1.927213352000308}
[22:29:04 +0:53:09] step 87/500 reward=+0.062 villain@odd=0.500 villain@even=0.438 GAP=+0.062 ema=+0.059 groupstd=0.825 rate=0.469 27s/step eta 184.8m
[22:29:21 +0:53:25] [hb] GRPO still running (0:52:30) | step 87/500 GAP=+0.059
[22:29:23 +0:53:28] grade: 64/64 (100%) 15.5/s eta 0.0m
[22:29:23 +0:53:28] grade: done — 64 samples in 4.1s | stall summary {'n': 1, 'stalls': 0, 'median_secs': 4.1363977020000675, 'max_secs': 4.1363977020000675, 'total_secs': 4.1363977020000675}
[22:29:29 +0:53:34] step 88/500 reward=+0.219 villain@odd=0.656 villain@even=0.438 GAP=+0.219 ema=+0.091 groupstd=0.845 rate=0.547 25s/step eta 170.3m
[22:29:48 +0:53:52] grade: 64/64 (100%) 22.9/s eta 0.0m
[22:29:48 +0:53:52] grade: done — 64 samples in 2.8s | stall summary {'n': 1, 'stalls': 0, 'median_secs': 2.7903330359999927, 'max_secs': 2.7903330359999927, 'total_secs': 2.7903330359999927}
[22:29:51 +0:53:55] [hb] GRPO still running (0:53:00) | step 88/500 GAP=+0.091
[22:29:54 +0:53:58] step 89/500 reward=+0.031 villain@odd=0.531 villain@even=0.500 GAP=+0.031 ema=+0.079 groupstd=0.720 rate=0.516 25s/step eta 169.2m
[22:30:15 +0:54:20] grade: 64/64 (100%) 16.6/s eta 0.0m
[22:30:15 +0:54:20] grade: done — 64 samples in 3.8s | stall summary {'n': 1, 'stalls': 0, 'median_secs': 3.844670979000057, 'max_secs': 3.844670979000057, 'total_secs': 3.844670979000057}
[22:30:21 +0:54:25] [hb] GRPO still running (0:53:30) | step 89/500 GAP=+0.079
[22:30:21 +0:54:26] step 90/500 reward=-0.031 villain@odd=0.594 villain@even=0.625 GAP=-0.031 ema=+0.057 groupstd=0.754 rate=0.609 28s/step eta 188.2m
[22:30:44 +0:54:49] grade: 64/64 (100%) 13.0/s eta 0.0m
[22:30:44 +0:54:49] grade: done — 64 samples in 4.9s | stall summary {'n': 1, 'stalls': 0, 'median_secs': 4.936577382999985, 'max_secs': 4.936577382999985, 'total_secs': 4.936577382999985}
[22:30:50 +0:54:55] step 91/500 reward=+0.250 villain@odd=0.656 villain@even=0.406 GAP=+0.250 ema=+0.095 groupstd=0.808 rate=0.531 29s/step eta 195.8m
[22:30:51 +0:54:55] [hb] GRPO still running (0:54:00) | step 91/500 GAP=+0.095
[22:31:11 +0:55:16] grade: 64/64 (100%) 12.6/s eta 0.0m
[22:31:11 +0:55:16] grade: done — 64 samples in 5.1s | stall summary {'n': 1, 'stalls': 0, 'median_secs': 5.068758273000185, 'max_secs': 5.068758273000185, 'total_secs': 5.068758273000185}
[22:31:17 +0:55:22] step 92/500 reward=+0.062 villain@odd=0.562 villain@even=0.500 GAP=+0.062 ema=+0.089 groupstd=0.916 rate=0.531 27s/step eta 184.6m
[22:31:21 +0:55:25] [hb] GRPO still running (0:54:30) | step 92/500 GAP=+0.089
[22:31:37 +0:55:42] grade: 64/64 (100%) 31.5/s eta 0.0m
[22:31:37 +0:55:42] grade: done — 64 samples in 2.0s | stall summary {'n': 1, 'stalls': 0, 'median_secs': 2.0332444159998886, 'max_secs': 2.0332444159998886, 'total_secs': 2.0332444159998886}
[22:31:43 +0:55:48] step 93/500 reward=+0.250 villain@odd=0.719 villain@even=0.469 GAP=+0.250 ema=+0.121 groupstd=0.791 rate=0.594 26s/step eta 177.8m
[22:31:51 +0:55:55] [hb] GRPO still running (0:55:00) | step 93/500 GAP=+0.121
[22:32:04 +0:56:09] grade: 64/64 (100%) 13.0/s eta 0.0m
[22:32:04 +0:56:09] grade: done — 64 samples in 4.9s | stall summary {'n': 1, 'stalls': 0, 'median_secs': 4.926395962999777, 'max_secs': 4.926395962999777, 'total_secs': 4.926395962999777}
[22:32:10 +0:56:14] step 94/500 reward=+0.188 villain@odd=0.562 villain@even=0.375 GAP=+0.188 ema=+0.134 groupstd=0.729 rate=0.469 26s/step eta 177.5m
[22:32:21 +0:56:25] [hb] GRPO still running (0:55:30) | step 94/500 GAP=+0.134
[22:32:28 +0:56:33] grade: 64/64 (100%) 31.9/s eta 0.0m
[22:32:28 +0:56:33] grade: done — 64 samples in 2.0s | stall summary {'n': 1, 'stalls': 0, 'median_secs': 2.007562350999706, 'max_secs': 2.007562350999706, 'total_secs': 2.007562350999706}
[22:32:35 +0:56:40] step 95/500 reward=+0.031 villain@odd=0.594 villain@even=0.562 GAP=+0.031 ema=+0.114 groupstd=0.783 rate=0.578 25s/step eta 171.6m
[22:32:51 +0:56:55] [hb] GRPO still running (0:56:00) | step 95/500 GAP=+0.114
[22:32:55 +0:57:00] grade: 64/64 (100%) 21.2/s eta 0.0m
[22:32:55 +0:57:00] grade: done — 64 samples in 3.0s | stall summary {'n': 1, 'stalls': 0, 'median_secs': 3.0250246670002525, 'max_secs': 3.0250246670002525, 'total_secs': 3.0250246670002525}
[22:33:02 +0:57:06] step 96/500 reward=+0.000 villain@odd=0.562 villain@even=0.562 GAP=+0.000 ema=+0.091 groupstd=0.871 rate=0.562 27s/step eta 180.1m
[22:33:20 +0:57:25] grade: 64/64 (100%) 25.8/s eta 0.0m
[22:33:20 +0:57:25] grade: done — 64 samples in 2.5s | stall summary {'n': 1, 'stalls': 0, 'median_secs': 2.4763385040000685, 'max_secs': 2.4763385040000685, 'total_secs': 2.4763385040000685}
[22:33:21 +0:57:25] [hb] GRPO still running (0:56:30) | step 96/500 GAP=+0.091
[22:33:26 +0:57:31] step 97/500 reward=+0.062 villain@odd=0.562 villain@even=0.500 GAP=+0.062 ema=+0.085 groupstd=0.762 rate=0.531 24s/step eta 161.8m
[22:33:47 +0:57:52] grade: 64/64 (100%) 23.9/s eta 0.0m
[22:33:47 +0:57:52] grade: done — 64 samples in 2.7s | stall summary {'n': 1, 'stalls': 0, 'median_secs': 2.678561438000088, 'max_secs': 2.678561438000088, 'total_secs': 2.678561438000088}
[22:33:51 +0:57:55] [hb] GRPO still running (0:57:00) | step 97/500 GAP=+0.085
[22:33:53 +0:57:58] step 98/500 reward=+0.156 villain@odd=0.531 villain@even=0.375 GAP=+0.156 ema=+0.099 groupstd=0.816 rate=0.453 27s/step eta 180.4m
[22:34:11 +0:58:16] grade: 64/64 (100%) 16.6/s eta 0.0m
[22:34:11 +0:58:16] grade: done — 64 samples in 3.8s | stall summary {'n': 1, 'stalls': 0, 'median_secs': 3.8451569260000724, 'max_secs': 3.8451569260000724, 'total_secs': 3.8451569260000724}
[22:34:17 +0:58:22] step 99/500 reward=+0.188 villain@odd=0.750 villain@even=0.562 GAP=+0.188 ema=+0.117 groupstd=0.683 rate=0.656 24s/step eta 162.6m
[22:34:21 +0:58:25] [hb] GRPO still running (0:57:30) | step 99/500 GAP=+0.117
[22:34:40 +0:58:45] grade: 64/64 (100%) 21.9/s eta 0.0m
[22:34:40 +0:58:45] grade: done — 64 samples in 2.9s | stall summary {'n': 1, 'stalls': 0, 'median_secs': 2.9266767460003393, 'max_secs': 2.9266767460003393, 'total_secs': 2.9266767460003393}
[22:34:47 +0:58:51] step 100/500 reward=+0.031 villain@odd=0.531 villain@even=0.500 GAP=+0.031 ema=+0.100 groupstd=0.629 rate=0.516 29s/step eta 196.3m
[22:34:47 +0:58:51] === BEGIN eval @ step 100 ===
[22:34:51 +0:58:55] [hb] GRPO still running (0:58:00) | step 100/500 GAP=+0.100
[22:35:02 +0:59:07] eval[mid]: 32/40 (80%) 2.5/s eta 0.1m
[22:35:07 +0:59:12] eval[mid]: 40/40 (100%) 2.2/s eta 0.0m
[22:35:07 +0:59:12] eval[mid]: done — 40 samples in 18.2s | stall summary {'n': 2, 'stalls': 0, 'median_secs': 9.082273791500029, 'max_secs': 12.763473318999786, 'total_secs': 18.164547583000058}
[22:35:09 +0:59:14] grade: 40/40 (100%) 19.9/s eta 0.0m
[22:35:09 +0:59:14] grade: done — 40 samples in 2.0s | stall summary {'n': 1, 'stalls': 0, 'median_secs': 2.014417083999888, 'max_secs': 2.014417083999888, 'total_secs': 2.014417083999888}
[22:35:09 +0:59:14]   EVAL[mid] step 100: villain@odd=0.550 villain@even=0.750 GAP=-0.200 (n=40, held-out problems)
[22:35:09 +0:59:14] === END eval @ step 100 (0:00:22) ===
[22:35:14 +0:59:19] checkpoint @step 100: tinker://15b8bf9c-b744-5360-8b66-b8700fa51c60:train:0/weights/mrl2b-s100
[22:35:21 +0:59:25] [hb] GRPO still running (0:58:30) | step 100/500 GAP=+0.100
[22:35:35 +0:59:40] grade: 64/64 (100%) 15.3/s eta 0.0m
[22:35:35 +0:59:40] grade: done — 64 samples in 4.2s | stall summary {'n': 1, 'stalls': 0, 'median_secs': 4.180922442999872, 'max_secs': 4.180922442999872, 'total_secs': 4.180922442999872}
[22:35:41 +0:59:46] step 101/500 reward=+0.094 villain@odd=0.656 villain@even=0.562 GAP=+0.094 ema=+0.099 groupstd=0.829 rate=0.609 27s/step eta 182.7m
[22:35:51 +0:59:55] [hb] GRPO still running (0:59:00) | step 101/500 GAP=+0.099
[22:36:00 +1:00:04] grade: 64/64 (100%) 27.9/s eta 0.0m
[22:36:00 +1:00:04] grade: done — 64 samples in 2.3s | stall summary {'n': 1, 'stalls': 0, 'median_secs': 2.295488278999983, 'max_secs': 2.295488278999983, 'total_secs': 2.295488278999983}
[22:36:05 +1:00:10] step 102/500 reward=+0.062 villain@odd=0.594 villain@even=0.531 GAP=+0.062 ema=+0.091 groupstd=0.746 rate=0.562 24s/step eta 157.1m
[22:36:21 +1:00:25] [hb] GRPO still running (0:59:30) | step 102/500 GAP=+0.091
[22:36:24 +1:00:29] grade: 64/64 (100%) 31.1/s eta 0.0m
[22:36:24 +1:00:29] grade: done — 64 samples in 2.1s | stall summary {'n': 1, 'stalls': 0, 'median_secs': 2.0548414999998386, 'max_secs': 2.0548414999998386, 'total_secs': 2.0548414999998386}
[22:36:30 +1:00:34] step 103/500 reward=+0.188 villain@odd=0.688 villain@even=0.500 GAP=+0.188 ema=+0.111 groupstd=0.854 rate=0.594 24s/step eta 161.5m
[22:36:47 +1:00:52] grade: 64/64 (100%) 32.7/s eta 0.0m
[22:36:47 +1:00:52] grade: done — 64 samples in 2.0s | stall summary {'n': 1, 'stalls': 0, 'median_secs': 1.9580671330004407, 'max_secs': 1.9580671330004407, 'total_secs': 1.9580671330004407}
[22:36:51 +1:00:55] [hb] GRPO still running (1:00:00) | step 103/500 GAP=+0.111
[22:36:53 +1:00:58] step 104/500 reward=+0.031 villain@odd=0.469 villain@even=0.438 GAP=+0.031 ema=+0.095 groupstd=0.862 rate=0.453 24s/step eta 156.9m
[22:37:14 +1:01:19] grade: 64/64 (100%) 12.9/s eta 0.0m
[22:37:14 +1:01:19] grade: done — 64 samples in 5.0s | stall summary {'n': 1, 'stalls': 0, 'median_secs': 4.954139700999804, 'max_secs': 4.954139700999804, 'total_secs': 4.954139700999804}
[22:37:21 +1:01:25] [hb] GRPO still running (1:00:30) | step 104/500 GAP=+0.095
[22:37:40 +1:01:45] step 105/500 reward=+0.000 villain@odd=0.469 villain@even=0.469 GAP=+0.000 ema=+0.076 groupstd=0.871 rate=0.469 47s/step eta 308.6m
[22:37:51 +1:01:55] [hb] GRPO still running (1:01:00) | step 105/500 GAP=+0.076
[22:38:00 +1:02:04] grade: 64/64 (100%) 31.2/s eta 0.0m
[22:38:00 +1:02:04] grade: done — 64 samples in 2.1s | stall summary {'n': 1, 'stalls': 0, 'median_secs': 2.0508780330001173, 'max_secs': 2.0508780330001173, 'total_secs': 2.0508780330001173}
[22:38:06 +1:02:11] step 106/500 reward=-0.031 villain@odd=0.625 villain@even=0.656 GAP=-0.031 ema=+0.054 groupstd=0.629 rate=0.641 26s/step eta 169.6m
[22:38:21 +1:02:25] [hb] GRPO still running (1:01:30) | step 106/500 GAP=+0.054
[22:38:27 +1:02:32] grade: 64/64 (100%) 15.4/s eta 0.0m
[22:38:27 +1:02:32] grade: done — 64 samples in 4.2s | stall summary {'n': 1, 'stalls': 0, 'median_secs': 4.155494157000248, 'max_secs': 4.155494157000248, 'total_secs': 4.155494157000248}
[22:38:33 +1:02:38] step 107/500 reward=+0.156 villain@odd=0.531 villain@even=0.375 GAP=+0.156 ema=+0.075 groupstd=0.771 rate=0.453 27s/step eta 177.7m
[22:38:51 +1:02:55] [hb] GRPO still running (1:02:00) | step 107/500 GAP=+0.075
[22:38:55 +1:02:59] grade: 64/64 (100%) 21.7/s eta 0.0m
[22:38:55 +1:02:59] grade: done — 64 samples in 2.9s | stall summary {'n': 1, 'stalls': 0, 'median_secs': 2.9482804240001315, 'max_secs': 2.9482804240001315, 'total_secs': 2.9482804240001315}
[22:39:00 +1:03:05] step 108/500 reward=+0.125 villain@odd=0.438 villain@even=0.312 GAP=+0.125 ema=+0.085 groupstd=0.666 rate=0.375 27s/step eta 178.4m
[22:39:18 +1:03:23] grade: 64/64 (100%) 33.9/s eta 0.0m
[22:39:18 +1:03:23] grade: done — 64 samples in 1.9s | stall summary {'n': 1, 'stalls': 0, 'median_secs': 1.8858319139999367, 'max_secs': 1.8858319139999367, 'total_secs': 1.8858319139999367}
[22:39:21 +1:03:25] [hb] GRPO still running (1:02:30) | step 108/500 GAP=+0.085
[22:39:40 +1:03:45] step 109/500 reward=-0.031 villain@odd=0.406 villain@even=0.438 GAP=-0.031 ema=+0.062 groupstd=0.737 rate=0.422 39s/step eta 257.1m
[22:39:51 +1:03:55] [hb] GRPO still running (1:03:00) | step 109/500 GAP=+0.062
[22:40:01 +1:04:06] grade: 64/64 (100%) 19.5/s eta 0.0m
[22:40:01 +1:04:06] grade: done — 64 samples in 3.3s | stall summary {'n': 1, 'stalls': 0, 'median_secs': 3.2875685899998643, 'max_secs': 3.2875685899998643, 'total_secs': 3.2875685899998643}
[22:40:08 +1:04:13] step 110/500 reward=+0.062 villain@odd=0.594 villain@even=0.531 GAP=+0.062 ema=+0.062 groupstd=0.808 rate=0.562 28s/step eta 183.0m
[22:40:21 +1:04:25] [hb] GRPO still running (1:03:30) | step 110/500 GAP=+0.062
[22:40:25 +1:04:30] grade: 64/64 (100%) 34.2/s eta 0.0m
[22:40:25 +1:04:30] grade: done — 64 samples in 1.9s | stall summary {'n': 1, 'stalls': 0, 'median_secs': 1.8695436870002595, 'max_secs': 1.8695436870002595, 'total_secs': 1.8695436870002595}
[22:40:32 +1:04:37] step 111/500 reward=-0.031 villain@odd=0.625 villain@even=0.656 GAP=-0.031 ema=+0.043 groupstd=0.691 rate=0.641 24s/step eta 155.0m
[22:40:51 +1:04:55] [hb] GRPO still running (1:04:00) | step 111/500 GAP=+0.043
[22:41:10 +1:05:15] grade: 64/64 (100%) 31.0/s eta 0.0m
[22:41:10 +1:05:15] grade: done — 64 samples in 2.1s | stall summary {'n': 1, 'stalls': 0, 'median_secs': 2.066149760999906, 'max_secs': 2.066149760999906, 'total_secs': 2.066149760999906}
[22:41:16 +1:05:21] step 112/500 reward=+0.000 villain@odd=0.531 villain@even=0.531 GAP=+0.000 ema=+0.035 groupstd=0.575 rate=0.531 44s/step eta 284.6m
[22:41:21 +1:05:25] [hb] GRPO still running (1:04:30) | step 112/500 GAP=+0.035
[22:41:34 +1:05:39] grade: 64/64 (100%) 30.9/s eta 0.0m
[22:41:34 +1:05:39] grade: done — 64 samples in 2.1s | stall summary {'n': 1, 'stalls': 0, 'median_secs': 2.0719276810000338, 'max_secs': 2.0719276810000338, 'total_secs': 2.0719276810000338}
[22:41:40 +1:05:45] step 113/500 reward=+0.125 villain@odd=0.562 villain@even=0.438 GAP=+0.125 ema=+0.053 groupstd=0.842 rate=0.500 24s/step eta 157.5m
[22:41:51 +1:05:55] [hb] GRPO still running (1:05:00) | step 113/500 GAP=+0.053
[22:42:00 +1:06:05] grade: 64/64 (100%) 22.0/s eta 0.0m
[22:42:00 +1:06:05] grade: done — 64 samples in 2.9s | stall summary {'n': 1, 'stalls': 0, 'median_secs': 2.9027253889998974, 'max_secs': 2.9027253889998974, 'total_secs': 2.9027253889998974}
[22:42:07 +1:06:11] step 114/500 reward=+0.094 villain@odd=0.531 villain@even=0.438 GAP=+0.094 ema=+0.061 groupstd=0.908 rate=0.484 26s/step eta 168.0m
[22:42:21 +1:06:25] [hb] GRPO still running (1:05:30) | step 114/500 GAP=+0.061
[22:42:25 +1:06:30] grade: 64/64 (100%) 24.6/s eta 0.0m
[22:42:25 +1:06:30] grade: done — 64 samples in 2.6s | stall summary {'n': 1, 'stalls': 0, 'median_secs': 2.5988931450001473, 'max_secs': 2.5988931450001473, 'total_secs': 2.5988931450001473}
[22:42:32 +1:06:37] step 115/500 reward=+0.156 villain@odd=0.562 villain@even=0.406 GAP=+0.156 ema=+0.080 groupstd=0.771 rate=0.484 25s/step eta 163.4m
[22:42:49 +1:06:54] grade: 64/64 (100%) 21.8/s eta 0.0m
[22:42:49 +1:06:54] grade: done — 64 samples in 2.9s | stall summary {'n': 1, 'stalls': 0, 'median_secs': 2.9299717809999493, 'max_secs': 2.9299717809999493, 'total_secs': 2.9299717809999493}
[22:42:51 +1:06:55] [hb] GRPO still running (1:06:00) | step 115/500 GAP=+0.080
[22:42:58 +1:07:03] step 116/500 reward=-0.031 villain@odd=0.469 villain@even=0.500 GAP=-0.031 ema=+0.058 groupstd=0.754 rate=0.484 26s/step eta 168.2m
[22:43:19 +1:07:24] grade: 64/64 (100%) 31.3/s eta 0.0m
[22:43:19 +1:07:24] grade: done — 64 samples in 2.0s | stall summary {'n': 1, 'stalls': 0, 'median_secs': 2.0452363549998154, 'max_secs': 2.0452363549998154, 'total_secs': 2.0452363549998154}
[22:43:21 +1:07:25] [hb] GRPO still running (1:06:30) | step 116/500 GAP=+0.058
[22:43:25 +1:07:30] step 117/500 reward=+0.031 villain@odd=0.594 villain@even=0.562 GAP=+0.031 ema=+0.052 groupstd=0.658 rate=0.578 27s/step eta 170.0m
[22:43:44 +1:07:49] grade: 64/64 (100%) 23.6/s eta 0.0m
[22:43:44 +1:07:49] grade: done — 64 samples in 2.7s | stall summary {'n': 1, 'stalls': 0, 'median_secs': 2.706708318999972, 'max_secs': 2.706708318999972, 'total_secs': 2.706708318999972}
[22:43:50 +1:07:55] step 118/500 reward=-0.250 villain@odd=0.375 villain@even=0.625 GAP=-0.250 ema=-0.008 groupstd=0.637 rate=0.500 25s/step eta 159.2m
[22:43:51 +1:07:55] [hb] GRPO still running (1:07:00) | step 118/500 GAP=-0.008
[22:44:08 +1:08:13] grade: 64/64 (100%) 26.5/s eta 0.0m
[22:44:08 +1:08:13] grade: done — 64 samples in 2.4s | stall summary {'n': 1, 'stalls': 0, 'median_secs': 2.4116402509998807, 'max_secs': 2.4116402509998807, 'total_secs': 2.4116402509998807}
[22:44:13 +1:08:18] step 119/500 reward=-0.156 villain@odd=0.375 villain@even=0.531 GAP=-0.156 ema=-0.038 groupstd=0.925 rate=0.453 24s/step eta 149.4m
[22:44:21 +1:08:25] [hb] GRPO still running (1:07:30) | step 119/500 GAP=-0.038
[22:44:31 +1:08:36] grade: 64/64 (100%) 19.8/s eta 0.0m
[22:44:31 +1:08:36] grade: done — 64 samples in 3.2s | stall summary {'n': 1, 'stalls': 0, 'median_secs': 3.2305815319996327, 'max_secs': 3.2305815319996327, 'total_secs': 3.2305815319996327}
[22:44:37 +1:08:41] step 120/500 reward=+0.094 villain@odd=0.469 villain@even=0.375 GAP=+0.094 ema=-0.011 groupstd=0.737 rate=0.422 23s/step eta 147.5m
[22:44:51 +1:08:55] [hb] GRPO still running (1:08:00) | step 120/500 GAP=-0.011
[22:44:57 +1:09:02] grade: 64/64 (100%) 32.6/s eta 0.0m
[22:44:57 +1:09:02] grade: done — 64 samples in 2.0s | stall summary {'n': 1, 'stalls': 0, 'median_secs': 1.9626261210005396, 'max_secs': 1.9626261210005396, 'total_secs': 1.9626261210005396}
[22:45:03 +1:09:08] step 121/500 reward=-0.094 villain@odd=0.438 villain@even=0.531 GAP=-0.094 ema=-0.028 groupstd=0.800 rate=0.484 26s/step eta 166.0m
[22:45:21 +1:09:25] [hb] GRPO still running (1:08:30) | step 121/500 GAP=-0.028
[22:45:23 +1:09:27] grade: 64/64 (100%) 15.5/s eta 0.0m
[22:45:23 +1:09:27] grade: done — 64 samples in 4.1s | stall summary {'n': 1, 'stalls': 0, 'median_secs': 4.125425587999416, 'max_secs': 4.125425587999416, 'total_secs': 4.125425587999416}
[22:45:28 +1:09:33] step 122/500 reward=+0.062 villain@odd=0.594 villain@even=0.531 GAP=+0.062 ema=-0.010 groupstd=0.871 rate=0.562 25s/step eta 159.7m
[22:45:49 +1:09:54] grade: 64/64 (100%) 30.4/s eta 0.0m
[22:45:49 +1:09:54] grade: done — 64 samples in 2.1s | stall summary {'n': 1, 'stalls': 0, 'median_secs': 2.107765548000316, 'max_secs': 2.107765548000316, 'total_secs': 2.107765548000316}
[22:45:51 +1:09:55] [hb] GRPO still running (1:09:00) | step 122/500 GAP=-0.010
[22:45:55 +1:10:00] step 123/500 reward=+0.000 villain@odd=0.438 villain@even=0.438 GAP=+0.000 ema=-0.008 groupstd=0.791 rate=0.438 27s/step eta 168.2m
[22:46:11 +1:10:16] grade: 64/64 (100%) 34.2/s eta 0.0m
[22:46:11 +1:10:16] grade: done — 64 samples in 1.9s | stall summary {'n': 1, 'stalls': 0, 'median_secs': 1.8715394310002011, 'max_secs': 1.8715394310002011, 'total_secs': 1.8715394310002011}
[22:46:18 +1:10:22] step 124/500 reward=-0.094 villain@odd=0.406 villain@even=0.500 GAP=-0.094 ema=-0.025 groupstd=0.675 rate=0.453 22s/step eta 140.9m
[22:46:21 +1:10:25] [hb] GRPO still running (1:09:30) | step 124/500 GAP=-0.025
[22:46:36 +1:10:40] grade: 64/64 (100%) 34.2/s eta 0.0m
[22:46:36 +1:10:40] grade: done — 64 samples in 1.9s | stall summary {'n': 1, 'stalls': 0, 'median_secs': 1.8732077380000192, 'max_secs': 1.8732077380000192, 'total_secs': 1.8732077380000192}
[22:46:41 +1:10:46] step 125/500 reward=+0.000 villain@odd=0.469 villain@even=0.469 GAP=+0.000 ema=-0.020 groupstd=0.916 rate=0.469 24s/step eta 147.7m
[22:46:41 +1:10:46] === BEGIN eval @ step 125 ===
[22:46:51 +1:10:55] [hb] GRPO still running (1:10:00) | step 125/500 GAP=-0.020
[22:46:54 +1:10:59] eval[mid]: 32/40 (80%) 3.1/s eta 0.0m
[22:47:00 +1:11:05] eval[mid]: 40/40 (100%) 2.4/s eta 0.0m
[22:47:00 +1:11:05] eval[mid]: done — 40 samples in 16.4s | stall summary {'n': 2, 'stalls': 0, 'median_secs': 8.191257100999792, 'max_secs': 10.4656731569994, 'total_secs': 16.382514201999584}
[22:47:11 +1:11:16] [hb] eval @ step 125 still running (0:00:30)
[22:47:17 +1:11:22] grade: 40/40 (100%) 2.4/s eta 0.0m
[22:47:17 +1:11:22] grade: done — 40 samples in 16.6s | stall summary {'n': 1, 'stalls': 0, 'median_secs': 16.641450496999823, 'max_secs': 16.641450496999823, 'total_secs': 16.641450496999823}
[22:47:17 +1:11:22]   EVAL[mid] step 125: villain@odd=0.350 villain@even=0.550 GAP=-0.200 (n=40, held-out problems)
[22:47:17 +1:11:22] === END eval @ step 125 (0:00:35) ===
[22:47:21 +1:11:25] [hb] GRPO still running (1:10:30) | step 125/500 GAP=-0.020
[22:47:22 +1:11:27] checkpoint @step 125: tinker://15b8bf9c-b744-5360-8b66-b8700fa51c60:train:0/weights/mrl2b-s125
[22:47:51 +1:11:55] [hb] GRPO still running (1:11:00) | step 125/500 GAP=-0.020
[22:48:01 +1:12:06] grade: 64/64 (100%) 32.2/s eta 0.0m
[22:48:01 +1:12:06] grade: done — 64 samples in 2.0s | stall summary {'n': 1, 'stalls': 0, 'median_secs': 1.9850884050001696, 'max_secs': 1.9850884050001696, 'total_secs': 1.9850884050001696}
[22:48:07 +1:12:12] step 126/500 reward=+0.000 villain@odd=0.375 villain@even=0.375 GAP=+0.000 ema=-0.016 groupstd=0.791 rate=0.375 45s/step eta 281.6m
[22:48:21 +1:12:25] [hb] GRPO still running (1:11:30) | step 126/500 GAP=-0.016
[22:48:27 +1:12:32] grade: 64/64 (100%) 15.1/s eta 0.0m
[22:48:27 +1:12:32] grade: done — 64 samples in 4.2s | stall summary {'n': 1, 'stalls': 0, 'median_secs': 4.227707781999925, 'max_secs': 4.227707781999925, 'total_secs': 4.227707781999925}
[22:48:44 +1:12:49] step 127/500 reward=+0.094 villain@odd=0.531 villain@even=0.438 GAP=+0.094 ema=+0.006 groupstd=0.925 rate=0.484 37s/step eta 229.8m
[22:48:51 +1:12:55] [hb] GRPO still running (1:12:00) | step 127/500 GAP=+0.006
[22:49:21 +1:13:25] [hb] GRPO still running (1:12:30) | step 127/500 GAP=+0.006
[22:49:38 +1:13:43] grade: 64/64 (100%) 3.8/s eta 0.0m
[22:49:38 +1:13:43] grade: done — 64 samples in 16.7s | stall summary {'n': 1, 'stalls': 0, 'median_secs': 16.708485737000046, 'max_secs': 16.708485737000046, 'total_secs': 16.708485737000046}
[22:49:44 +1:13:49] step 128/500 reward=-0.094 villain@odd=0.406 villain@even=0.500 GAP=-0.094 ema=-0.014 groupstd=0.879 rate=0.453 60s/step eta 371.1m
[22:49:51 +1:13:55] [hb] GRPO still running (1:13:00) | step 128/500 GAP=-0.014
[22:50:01 +1:14:06] grade: 64/64 (100%) 28.2/s eta 0.0m
[22:50:01 +1:14:06] grade: done — 64 samples in 2.3s | stall summary {'n': 1, 'stalls': 0, 'median_secs': 2.268407702999866, 'max_secs': 2.268407702999866, 'total_secs': 2.268407702999866}
[22:50:07 +1:14:12] step 129/500 reward=-0.125 villain@odd=0.469 villain@even=0.594 GAP=-0.125 ema=-0.036 groupstd=0.650 rate=0.531 23s/step eta 142.9m
[22:50:21 +1:14:25] [hb] GRPO still running (1:13:30) | step 129/500 GAP=-0.036
[22:50:30 +1:14:35] grade: 64/64 (100%) 34.1/s eta 0.0m
[22:50:30 +1:14:35] grade: done — 64 samples in 1.9s | stall summary {'n': 1, 'stalls': 0, 'median_secs': 1.8760132369998246, 'max_secs': 1.8760132369998246, 'total_secs': 1.8760132369998246}
[22:50:41 +1:14:46] step 130/500 reward=-0.062 villain@odd=0.500 villain@even=0.562 GAP=-0.062 ema=-0.041 groupstd=0.637 rate=0.531 34s/step eta 210.3m
[22:50:51 +1:14:55] [hb] GRPO still running (1:14:00) | step 130/500 GAP=-0.041
[22:51:00 +1:15:05] grade: 64/64 (100%) 31.3/s eta 0.0m
[22:51:00 +1:15:05] grade: done — 64 samples in 2.0s | stall summary {'n': 1, 'stalls': 0, 'median_secs': 2.044410228000743, 'max_secs': 2.044410228000743, 'total_secs': 2.044410228000743}
[22:51:07 +1:15:11] step 131/500 reward=-0.031 villain@odd=0.656 villain@even=0.688 GAP=-0.031 ema=-0.039 groupstd=0.691 rate=0.672 25s/step eta 156.4m
[22:51:21 +1:15:25] [hb] GRPO still running (1:14:30) | step 131/500 GAP=-0.039
[22:51:26 +1:15:30] grade: 64/64 (100%) 28.5/s eta 0.0m
[22:51:26 +1:15:30] grade: done — 64 samples in 2.2s | stall summary {'n': 1, 'stalls': 0, 'median_secs': 2.2441122800000812, 'max_secs': 2.2441122800000812, 'total_secs': 2.2441122800000812}
[22:51:32 +1:15:37] step 132/500 reward=+0.188 villain@odd=0.656 villain@even=0.469 GAP=+0.188 ema=+0.006 groupstd=0.746 rate=0.562 25s/step eta 156.1m
[22:51:51 +1:15:55] [hb] GRPO still running (1:15:00) | step 132/500 GAP=+0.006
[22:51:59 +1:16:04] grade: 64/64 (100%) 30.7/s eta 0.0m
[22:51:59 +1:16:04] grade: done — 64 samples in 2.1s | stall summary {'n': 1, 'stalls': 0, 'median_secs': 2.083127840999623, 'max_secs': 2.083127840999623, 'total_secs': 2.083127840999623}
[22:52:06 +1:16:10] step 133/500 reward=+0.156 villain@odd=0.594 villain@even=0.438 GAP=+0.156 ema=+0.036 groupstd=0.708 rate=0.516 34s/step eta 206.0m
[22:52:21 +1:16:25] [hb] GRPO still running (1:15:30) | step 133/500 GAP=+0.036
[22:52:25 +1:16:30] grade: 64/64 (100%) 33.8/s eta 0.0m
[22:52:25 +1:16:30] grade: done — 64 samples in 1.9s | stall summary {'n': 1, 'stalls': 0, 'median_secs': 1.893947475999994, 'max_secs': 1.893947475999994, 'total_secs': 1.893947475999994}
[22:52:31 +1:16:36] step 134/500 reward=+0.000 villain@odd=0.406 villain@even=0.406 GAP=+0.000 ema=+0.029 groupstd=0.808 rate=0.406 26s/step eta 157.4m
[22:52:51 +1:16:55] [hb] GRPO still running (1:16:00) | step 134/500 GAP=+0.029
[22:52:53 +1:16:58] grade: 64/64 (100%) 30.7/s eta 0.0m
[22:52:53 +1:16:58] grade: done — 64 samples in 2.1s | stall summary {'n': 1, 'stalls': 0, 'median_secs': 2.084155243999703, 'max_secs': 2.084155243999703, 'total_secs': 2.084155243999703}
[22:52:59 +1:17:04] step 135/500 reward=+0.031 villain@odd=0.531 villain@even=0.500 GAP=+0.031 ema=+0.029 groupstd=0.800 rate=0.516 28s/step eta 169.0m
[22:53:17 +1:17:21] grade: 64/64 (100%) 30.2/s eta 0.0m
[22:53:17 +1:17:21] grade: done — 64 samples in 2.1s | stall summary {'n': 1, 'stalls': 0, 'median_secs': 2.119374905000768, 'max_secs': 2.119374905000768, 'total_secs': 2.119374905000768}
[22:53:21 +1:17:25] [hb] GRPO still running (1:16:30) | step 135/500 GAP=+0.029
[22:53:23 +1:17:28] step 136/500 reward=+0.125 villain@odd=0.562 villain@even=0.438 GAP=+0.125 ema=+0.048 groupstd=0.791 rate=0.500 24s/step eta 142.7m
[22:53:39 +1:17:44] grade: 64/64 (100%) 28.1/s eta 0.0m
[22:53:39 +1:17:44] grade: done — 64 samples in 2.3s | stall summary {'n': 1, 'stalls': 0, 'median_secs': 2.2747298269996463, 'max_secs': 2.2747298269996463, 'total_secs': 2.2747298269996463}
[22:53:45 +1:17:50] step 137/500 reward=-0.062 villain@odd=0.469 villain@even=0.531 GAP=-0.062 ema=+0.026 groupstd=0.967 rate=0.500 22s/step eta 134.6m
[22:53:51 +1:17:55] [hb] GRPO still running (1:17:00) | step 137/500 GAP=+0.026
[22:54:05 +1:18:09] grade: 64/64 (100%) 15.4/s eta 0.0m
[22:54:05 +1:18:09] grade: done — 64 samples in 4.1s | stall summary {'n': 1, 'stalls': 0, 'median_secs': 4.1473529900004, 'max_secs': 4.1473529900004, 'total_secs': 4.1473529900004}
[22:54:11 +1:18:15] step 138/500 reward=+0.219 villain@odd=0.812 villain@even=0.594 GAP=+0.219 ema=+0.065 groupstd=0.521 rate=0.703 26s/step eta 153.9m
[22:54:21 +1:18:25] [hb] GRPO still running (1:17:30) | step 138/500 GAP=+0.065
[22:54:28 +1:18:33] grade: 64/64 (100%) 32.2/s eta 0.0m
[22:54:28 +1:18:33] grade: done — 64 samples in 2.0s | stall summary {'n': 1, 'stalls': 0, 'median_secs': 1.9902591010004471, 'max_secs': 1.9902591010004471, 'total_secs': 1.9902591010004471}
[22:54:34 +1:18:39] step 139/500 reward=+0.219 villain@odd=0.750 villain@even=0.531 GAP=+0.219 ema=+0.096 groupstd=0.675 rate=0.641 24s/step eta 142.3m
[22:54:50 +1:18:55] grade: 64/64 (100%) 26.0/s eta 0.0m
[22:54:50 +1:18:55] grade: done — 64 samples in 2.5s | stall summary {'n': 1, 'stalls': 0, 'median_secs': 2.457020351999745, 'max_secs': 2.457020351999745, 'total_secs': 2.457020351999745}
[22:54:51 +1:18:55] [hb] GRPO still running (1:18:00) | step 139/500 GAP=+0.096
[22:54:56 +1:19:01] step 140/500 reward=-0.062 villain@odd=0.406 villain@even=0.469 GAP=-0.062 ema=+0.064 groupstd=0.808 rate=0.438 22s/step eta 133.1m
[22:55:14 +1:19:19] grade: 64/64 (100%) 20.3/s eta 0.0m
[22:55:14 +1:19:19] grade: done — 64 samples in 3.2s | stall summary {'n': 1, 'stalls': 0, 'median_secs': 3.1531461770000533, 'max_secs': 3.1531461770000533, 'total_secs': 3.1531461770000533}
[22:55:20 +1:19:25] step 141/500 reward=+0.125 villain@odd=0.562 villain@even=0.438 GAP=+0.125 ema=+0.076 groupstd=0.746 rate=0.500 24s/step eta 141.3m
[22:55:21 +1:19:25] [hb] GRPO still running (1:18:30) | step 141/500 GAP=+0.076
[22:55:37 +1:19:42] grade: 64/64 (100%) 30.9/s eta 0.0m
[22:55:37 +1:19:42] grade: done — 64 samples in 2.1s | stall summary {'n': 1, 'stalls': 0, 'median_secs': 2.0709848420001435, 'max_secs': 2.0709848420001435, 'total_secs': 2.0709848420001435}
[22:55:43 +1:19:48] step 142/500 reward=-0.219 villain@odd=0.438 villain@even=0.656 GAP=-0.219 ema=+0.017 groupstd=0.896 rate=0.547 23s/step eta 138.6m
[22:55:51 +1:19:55] [hb] GRPO still running (1:19:00) | step 142/500 GAP=+0.017
[22:56:00 +1:20:05] grade: 64/64 (100%) 31.2/s eta 0.0m
[22:56:00 +1:20:05] grade: done — 64 samples in 2.0s | stall summary {'n': 1, 'stalls': 0, 'median_secs': 2.048070294000354, 'max_secs': 2.048070294000354, 'total_secs': 2.048070294000354}
[22:56:06 +1:20:11] step 143/500 reward=+0.031 villain@odd=0.594 villain@even=0.562 GAP=+0.031 ema=+0.020 groupstd=0.862 rate=0.578 23s/step eta 138.2m
[22:56:21 +1:20:25] [hb] GRPO still running (1:19:30) | step 143/500 GAP=+0.020
[22:56:25 +1:20:29] grade: 64/64 (100%) 22.9/s eta 0.0m
[22:56:25 +1:20:29] grade: done — 64 samples in 2.8s | stall summary {'n': 1, 'stalls': 0, 'median_secs': 2.7912593010005367, 'max_secs': 2.7912593010005367, 'total_secs': 2.7912593010005367}
[22:56:31 +1:20:36] step 144/500 reward=+0.031 villain@odd=0.438 villain@even=0.406 GAP=+0.031 ema=+0.022 groupstd=0.812 rate=0.422 24s/step eta 145.2m
[22:56:48 +1:20:53] grade: 64/64 (100%) 34.1/s eta 0.0m
[22:56:48 +1:20:53] grade: done — 64 samples in 1.9s | stall summary {'n': 1, 'stalls': 0, 'median_secs': 1.8783034879998013, 'max_secs': 1.8783034879998013, 'total_secs': 1.8783034879998013}
[22:56:51 +1:20:55] [hb] GRPO still running (1:20:00) | step 144/500 GAP=+0.022
[22:56:54 +1:20:59] step 145/500 reward=+0.344 villain@odd=0.562 villain@even=0.219 GAP=+0.344 ema=+0.087 groupstd=0.691 rate=0.391 24s/step eta 139.2m
[22:57:14 +1:21:19] grade: 64/64 (100%) 19.7/s eta 0.0m
[22:57:14 +1:21:19] grade: done — 64 samples in 3.2s | stall summary {'n': 1, 'stalls': 0, 'median_secs': 3.2431886049998866, 'max_secs': 3.2431886049998866, 'total_secs': 3.2431886049998866}
[22:57:20 +1:21:25] step 146/500 reward=+0.156 villain@odd=0.562 villain@even=0.406 GAP=+0.156 ema=+0.100 groupstd=0.816 rate=0.484 26s/step eta 151.7m
[22:57:21 +1:21:25] [hb] GRPO still running (1:20:30) | step 146/500 GAP=+0.100
[22:57:38 +1:21:42] grade: 64/64 (100%) 31.2/s eta 0.0m
[22:57:38 +1:21:42] grade: done — 64 samples in 2.1s | stall summary {'n': 1, 'stalls': 0, 'median_secs': 2.0528920569995535, 'max_secs': 2.0528920569995535, 'total_secs': 2.0528920569995535}
[22:57:44 +1:21:48] step 147/500 reward=+0.062 villain@odd=0.500 villain@even=0.438 GAP=+0.062 ema=+0.093 groupstd=0.637 rate=0.469 23s/step eta 138.1m
[22:57:51 +1:21:55] [hb] GRPO still running (1:21:00) | step 147/500 GAP=+0.093
[22:58:13 +1:22:18] grade: 64/64 (100%) 4.2/s eta 0.0m
[22:58:13 +1:22:18] grade: done — 64 samples in 15.3s | stall summary {'n': 1, 'stalls': 0, 'median_secs': 15.262536962000013, 'max_secs': 15.262536962000013, 'total_secs': 15.262536962000013}
[22:58:19 +1:22:24] step 148/500 reward=+0.125 villain@odd=0.625 villain@even=0.500 GAP=+0.125 ema=+0.099 groupstd=0.746 rate=0.562 36s/step eta 210.2m
[22:58:21 +1:22:25] [hb] GRPO still running (1:21:30) | step 148/500 GAP=+0.099
[22:58:51 +1:22:55] [hb] GRPO still running (1:22:00) | step 148/500 GAP=+0.099
[22:59:16 +1:23:21] grade: 64/64 (100%) 3.8/s eta 0.0m
[22:59:16 +1:23:21] grade: done — 64 samples in 16.7s | stall summary {'n': 1, 'stalls': 0, 'median_secs': 16.74690073199963, 'max_secs': 16.74690073199963, 'total_secs': 16.74690073199963}
[22:59:21 +1:23:25] [hb] GRPO still running (1:22:30) | step 148/500 GAP=+0.099
[22:59:23 +1:23:28] step 149/500 reward=+0.312 villain@odd=0.719 villain@even=0.406 GAP=+0.312 ema=+0.142 groupstd=0.808 rate=0.562 63s/step eta 370.6m
[22:59:51 +1:23:55] [hb] GRPO still running (1:23:00) | step 149/500 GAP=+0.142
[23:00:16 +1:24:21] grade: 64/64 (100%) 2.6/s eta 0.0m
[23:00:16 +1:24:21] grade: done — 64 samples in 24.2s | stall summary {'n': 1, 'stalls': 0, 'median_secs': 24.219185762000052, 'max_secs': 24.219185762000052, 'total_secs': 24.219185762000052}
[23:00:21 +1:24:25] [hb] GRPO still running (1:23:30) | step 149/500 GAP=+0.142
[23:00:22 +1:24:27] step 150/500 reward=+0.219 villain@odd=0.594 villain@even=0.375 GAP=+0.219 ema=+0.157 groupstd=0.708 rate=0.484 59s/step eta 345.5m
[23:00:22 +1:24:27] === BEGIN eval @ step 150 ===
[23:00:51 +1:24:55] [hb] GRPO still running (1:24:00) | step 150/500 GAP=+0.157
[23:00:52 +1:24:57] [hb] eval @ step 150 still running (0:00:30)
[23:00:55 +1:25:00] [hb] eval[mid] still running (0:00:30)
[23:01:05 +1:25:10] eval[mid]: 32/40 (80%) 0.8/s eta 0.2m
[23:01:20 +1:25:25] eval[mid]: 40/40 (100%) 0.7/s eta 0.0m
[23:01:20 +1:25:25] eval[mid]: done — 40 samples in 55.4s | stall summary {'n': 2, 'stalls': 0, 'median_secs': 27.68821632299978, 'max_secs': 40.270150497999566, 'total_secs': 55.37643264599956}
[23:01:21 +1:25:25] [hb] GRPO still running (1:24:30) | step 150/500 GAP=+0.157
[23:01:22 +1:25:27] [hb] eval @ step 150 still running (0:01:00)
[23:01:39 +1:25:43] grade: 40/40 (100%) 2.2/s eta 0.0m
[23:01:39 +1:25:43] grade: done — 40 samples in 18.4s | stall summary {'n': 1, 'stalls': 0, 'median_secs': 18.4099249209994, 'max_secs': 18.4099249209994, 'total_secs': 18.4099249209994}
[23:01:39 +1:25:43]   EVAL[mid] step 150: villain@odd=0.400 villain@even=0.400 GAP=+0.000 (n=40, held-out problems)
[23:01:39 +1:25:43] === END eval @ step 150 (0:01:16) ===
[23:01:51 +1:25:55] [hb] GRPO still running (1:25:00) | step 150/500 GAP=+0.157
[23:01:55 +1:26:00] checkpoint @step 150: tinker://15b8bf9c-b744-5360-8b66-b8700fa51c60:train:0/weights/mrl2b-s150
[23:02:21 +1:26:25] [hb] GRPO still running (1:25:30) | step 150/500 GAP=+0.157
[23:02:50 +1:26:55] grade: 64/64 (100%) 4.2/s eta 0.0m
[23:02:50 +1:26:55] grade: done — 64 samples in 15.4s | stall summary {'n': 1, 'stalls': 0, 'median_secs': 15.38163611499931, 'max_secs': 15.38163611499931, 'total_secs': 15.38163611499931}
[23:02:51 +1:26:55] [hb] GRPO still running (1:26:00) | step 150/500 GAP=+0.157
[23:03:18 +1:27:22] step 151/500 reward=-0.094 villain@odd=0.438 villain@even=0.531 GAP=-0.094 ema=+0.107 groupstd=0.816 rate=0.484 82s/step eta 477.4m
[23:03:21 +1:27:25] [hb] GRPO still running (1:26:30) | step 151/500 GAP=+0.107
[23:03:51 +1:27:55] [hb] GRPO still running (1:27:00) | step 151/500 GAP=+0.107
[23:04:21 +1:28:25] grade: 64/64 (100%) 2.8/s eta 0.0m
[23:04:21 +1:28:25] grade: done — 64 samples in 23.1s | stall summary {'n': 1, 'stalls': 0, 'median_secs': 23.090401974999622, 'max_secs': 23.090401974999622, 'total_secs': 23.090401974999622}
[23:04:21 +1:28:25] [hb] GRPO still running (1:27:30) | step 151/500 GAP=+0.107
[23:04:27 +1:28:32] step 152/500 reward=+0.094 villain@odd=0.500 villain@even=0.406 GAP=+0.094 ema=+0.104 groupstd=0.783 rate=0.453 70s/step eta 403.9m
[23:04:51 +1:28:55] [hb] GRPO still running (1:28:00) | step 152/500 GAP=+0.104
[23:05:06 +1:29:10] grade: 64/64 (100%) 3.4/s eta 0.0m
[23:05:06 +1:29:10] grade: done — 64 samples in 18.7s | stall summary {'n': 1, 'stalls': 0, 'median_secs': 18.668119222000314, 'max_secs': 18.668119222000314, 'total_secs': 18.668119222000314}
[23:05:12 +1:29:17] step 153/500 reward=+0.156 villain@odd=0.531 villain@even=0.375 GAP=+0.156 ema=+0.115 groupstd=0.771 rate=0.453 45s/step eta 258.9m
[23:05:21 +1:29:25] [hb] GRPO still running (1:28:30) | step 153/500 GAP=+0.115
[23:05:39 +1:29:44] grade: 64/64 (100%) 31.0/s eta 0.0m
[23:05:39 +1:29:44] grade: done — 64 samples in 2.1s | stall summary {'n': 1, 'stalls': 0, 'median_secs': 2.067206876000455, 'max_secs': 2.067206876000455, 'total_secs': 2.067206876000455}
[23:05:51 +1:29:55] [hb] GRPO still running (1:29:00) | step 153/500 GAP=+0.115
[23:05:55 +1:30:00] step 154/500 reward=+0.062 villain@odd=0.531 villain@even=0.469 GAP=+0.062 ema=+0.104 groupstd=0.604 rate=0.500 43s/step eta 249.8m
[23:06:21 +1:30:25] [hb] GRPO still running (1:29:30) | step 154/500 GAP=+0.104
[23:06:22 +1:30:27] grade: 64/64 (100%) 9.6/s eta 0.0m
[23:06:22 +1:30:27] grade: done — 64 samples in 6.7s | stall summary {'n': 1, 'stalls': 0, 'median_secs': 6.690102105000733, 'max_secs': 6.690102105000733, 'total_secs': 6.690102105000733}
[23:06:29 +1:30:34] step 155/500 reward=+0.281 villain@odd=0.719 villain@even=0.438 GAP=+0.281 ema=+0.140 groupstd=0.629 rate=0.578 34s/step eta 196.2m
[23:06:51 +1:30:55] [hb] GRPO still running (1:30:00) | step 155/500 GAP=+0.140
[23:06:53 +1:30:58] grade: 64/64 (100%) 28.9/s eta 0.0m
[23:06:53 +1:30:58] grade: done — 64 samples in 2.2s | stall summary {'n': 1, 'stalls': 0, 'median_secs': 2.2138699509996513, 'max_secs': 2.2138699509996513, 'total_secs': 2.2138699509996513}
[23:07:01 +1:31:05] step 156/500 reward=+0.188 villain@odd=0.594 villain@even=0.406 GAP=+0.188 ema=+0.149 groupstd=0.700 rate=0.500 31s/step eta 178.6m
[23:07:21 +1:31:25] [hb] GRPO still running (1:30:30) | step 156/500 GAP=+0.149
[23:07:46 +1:31:50] grade: 64/64 (100%) 2.3/s eta 0.0m
[23:07:46 +1:31:50] grade: done — 64 samples in 28.4s | stall summary {'n': 1, 'stalls': 0, 'median_secs': 28.44114149899997, 'max_secs': 28.44114149899997, 'total_secs': 28.44114149899997}
[23:07:51 +1:31:55] [hb] GRPO still running (1:31:00) | step 156/500 GAP=+0.149
[23:07:53 +1:31:57] step 157/500 reward=+0.125 villain@odd=0.594 villain@even=0.469 GAP=+0.125 ema=+0.144 groupstd=0.746 rate=0.531 52s/step eta 297.3m
[23:08:21 +1:32:25] [hb] GRPO still running (1:31:30) | step 157/500 GAP=+0.144
[23:08:39 +1:32:44] grade: 64/64 (100%) 8.7/s eta 0.0m
[23:08:39 +1:32:44] grade: done — 64 samples in 7.4s | stall summary {'n': 1, 'stalls': 0, 'median_secs': 7.367982951000158, 'max_secs': 7.367982951000158, 'total_secs': 7.367982951000158}
[23:08:45 +1:32:50] step 158/500 reward=+0.312 villain@odd=0.688 villain@even=0.375 GAP=+0.312 ema=+0.178 groupstd=0.637 rate=0.531 53s/step eta 299.5m
[23:08:51 +1:32:55] [hb] GRPO still running (1:32:00) | step 158/500 GAP=+0.178
[23:09:06 +1:33:11] grade: 64/64 (100%) 28.9/s eta 0.0m
[23:09:06 +1:33:11] grade: done — 64 samples in 2.2s | stall summary {'n': 1, 'stalls': 0, 'median_secs': 2.213505305000581, 'max_secs': 2.213505305000581, 'total_secs': 2.213505305000581}
[23:09:12 +1:33:17] step 159/500 reward=-0.125 villain@odd=0.438 villain@even=0.562 GAP=-0.125 ema=+0.117 groupstd=0.746 rate=0.500 27s/step eta 155.3m
[23:09:21 +1:33:25] [hb] GRPO still running (1:32:30) | step 159/500 GAP=+0.117
[23:09:41 +1:33:45] grade: 64/64 (100%) 19.8/s eta 0.0m
[23:09:41 +1:33:45] grade: done — 64 samples in 3.2s | stall summary {'n': 1, 'stalls': 0, 'median_secs': 3.2244903949995205, 'max_secs': 3.2244903949995205, 'total_secs': 3.2244903949995205}
[23:09:46 +1:33:51] step 160/500 reward=+0.156 villain@odd=0.656 villain@even=0.500 GAP=+0.156 ema=+0.125 groupstd=0.583 rate=0.578 34s/step eta 192.7m
[23:09:51 +1:33:55] [hb] GRPO still running (1:33:00) | step 160/500 GAP=+0.125
[23:10:13 +1:34:18] grade: 64/64 (100%) 11.4/s eta 0.0m
[23:10:13 +1:34:18] grade: done — 64 samples in 5.6s | stall summary {'n': 1, 'stalls': 0, 'median_secs': 5.606972494999354, 'max_secs': 5.606972494999354, 'total_secs': 5.606972494999354}
[23:10:20 +1:34:24] step 161/500 reward=+0.062 villain@odd=0.625 villain@even=0.562 GAP=+0.062 ema=+0.113 groupstd=0.683 rate=0.594 33s/step eta 187.9m
[23:10:21 +1:34:25] [hb] GRPO still running (1:33:30) | step 161/500 GAP=+0.113
[23:10:51 +1:34:55] [hb] GRPO still running (1:34:00) | step 161/500 GAP=+0.113
[23:11:18 +1:35:22] grade: 64/64 (100%) 3.2/s eta 0.0m
[23:11:18 +1:35:22] grade: done — 64 samples in 20.3s | stall summary {'n': 1, 'stalls': 0, 'median_secs': 20.301212530000157, 'max_secs': 20.301212530000157, 'total_secs': 20.301212530000157}
[23:11:21 +1:35:25] [hb] GRPO still running (1:34:30) | step 161/500 GAP=+0.113
[23:11:24 +1:35:29] step 162/500 reward=-0.094 villain@odd=0.500 villain@even=0.594 GAP=-0.094 ema=+0.071 groupstd=0.908 rate=0.547 65s/step eta 363.8m
[23:11:49 +1:35:53] grade: 64/64 (100%) 22.7/s eta 0.0m
[23:11:49 +1:35:53] grade: done — 64 samples in 2.9s | stall summary {'n': 1, 'stalls': 0, 'median_secs': 2.817684755999835, 'max_secs': 2.817684755999835, 'total_secs': 2.817684755999835}
[23:11:51 +1:35:55] [hb] GRPO still running (1:35:00) | step 162/500 GAP=+0.071
[23:11:54 +1:35:59] step 163/500 reward=+0.219 villain@odd=0.656 villain@even=0.438 GAP=+0.219 ema=+0.101 groupstd=0.816 rate=0.547 30s/step eta 169.8m
[23:12:21 +1:36:25] [hb] GRPO still running (1:35:30) | step 163/500 GAP=+0.101
[23:12:51 +1:36:55] [hb] GRPO still running (1:36:00) | step 163/500 GAP=+0.101
[23:13:02 +1:37:07] grade: 64/64 (100%) 2.2/s eta 0.0m
[23:13:02 +1:37:07] grade: done — 64 samples in 28.8s | stall summary {'n': 1, 'stalls': 0, 'median_secs': 28.750025859000743, 'max_secs': 28.750025859000743, 'total_secs': 28.750025859000743}
[23:13:08 +1:37:13] step 164/500 reward=+0.312 villain@odd=0.625 villain@even=0.312 GAP=+0.312 ema=+0.143 groupstd=0.762 rate=0.469 74s/step eta 411.8m
[23:13:21 +1:37:25] [hb] GRPO still running (1:36:30) | step 164/500 GAP=+0.143
[23:13:51 +1:37:55] [hb] GRPO still running (1:37:00) | step 164/500 GAP=+0.143
[23:14:08 +1:38:12] grade: 64/64 (100%) 2.9/s eta 0.0m
[23:14:08 +1:38:12] grade: done — 64 samples in 22.1s | stall summary {'n': 1, 'stalls': 0, 'median_secs': 22.069183444999908, 'max_secs': 22.069183444999908, 'total_secs': 22.069183444999908}
[23:14:14 +1:38:18] step 165/500 reward=+0.125 villain@odd=0.594 villain@even=0.469 GAP=+0.125 ema=+0.140 groupstd=0.808 rate=0.531 66s/step eta 366.7m
[23:14:21 +1:38:25] [hb] GRPO still running (1:37:30) | step 165/500 GAP=+0.140
[23:14:51 +1:38:55] [hb] GRPO still running (1:38:00) | step 165/500 GAP=+0.140
[23:14:52 +1:38:57] grade: 64/64 (100%) 3.8/s eta 0.0m
[23:14:52 +1:38:57] grade: done — 64 samples in 16.7s | stall summary {'n': 1, 'stalls': 0, 'median_secs': 16.679921965000176, 'max_secs': 16.679921965000176, 'total_secs': 16.679921965000176}
[23:15:06 +1:39:10] step 166/500 reward=+0.000 villain@odd=0.406 villain@even=0.406 GAP=+0.000 ema=+0.112 groupstd=0.666 rate=0.406 52s/step eta 289.7m
[23:15:21 +1:39:25] [hb] GRPO still running (1:38:30) | step 166/500 GAP=+0.112
[23:15:46 +1:39:51] grade: 64/64 (100%) 3.1/s eta 0.0m
[23:15:46 +1:39:51] grade: done — 64 samples in 20.4s | stall summary {'n': 1, 'stalls': 0, 'median_secs': 20.38504333899982, 'max_secs': 20.38504333899982, 'total_secs': 20.38504333899982}
[23:15:51 +1:39:55] [hb] GRPO still running (1:39:00) | step 166/500 GAP=+0.112
[23:16:18 +1:40:23] step 167/500 reward=+0.219 villain@odd=0.438 villain@even=0.219 GAP=+0.219 ema=+0.133 groupstd=0.566 rate=0.328 72s/step eta 401.7m
[23:16:21 +1:40:25] [hb] GRPO still running (1:39:30) | step 167/500 GAP=+0.133
[23:16:51 +1:40:55] [hb] GRPO still running (1:40:00) | step 167/500 GAP=+0.133
[23:16:57 +1:41:01] grade: 64/64 (100%) 3.7/s eta 0.0m
[23:16:57 +1:41:01] grade: done — 64 samples in 17.1s | stall summary {'n': 1, 'stalls': 0, 'median_secs': 17.128461021000476, 'max_secs': 17.128461021000476, 'total_secs': 17.128461021000476}
[23:17:03 +1:41:08] step 168/500 reward=+0.031 villain@odd=0.500 villain@even=0.469 GAP=+0.031 ema=+0.113 groupstd=0.816 rate=0.484 45s/step eta 251.2m
[23:17:21 +1:41:25] [hb] GRPO still running (1:40:30) | step 168/500 GAP=+0.113
[23:17:51 +1:41:55] [hb] GRPO still running (1:41:00) | step 168/500 GAP=+0.113
[23:18:03 +1:42:08] grade: 64/64 (100%) 3.2/s eta 0.0m
[23:18:03 +1:42:08] grade: done — 64 samples in 20.1s | stall summary {'n': 1, 'stalls': 0, 'median_secs': 20.055827240000326, 'max_secs': 20.055827240000326, 'total_secs': 20.055827240000326}
[23:18:10 +1:42:14] step 169/500 reward=+0.062 villain@odd=0.500 villain@even=0.438 GAP=+0.062 ema=+0.103 groupstd=0.746 rate=0.469 66s/step eta 364.4m
[23:18:21 +1:42:25] [hb] GRPO still running (1:41:30) | step 169/500 GAP=+0.103
[23:18:49 +1:42:54] grade: 64/64 (100%) 3.8/s eta 0.0m
[23:18:49 +1:42:54] grade: done — 64 samples in 16.9s | stall summary {'n': 1, 'stalls': 0, 'median_secs': 16.89917965099994, 'max_secs': 16.89917965099994, 'total_secs': 16.89917965099994}
[23:18:51 +1:42:55] [hb] GRPO still running (1:42:00) | step 169/500 GAP=+0.103
[23:19:21 +1:43:25] [hb] GRPO still running (1:42:30) | step 169/500 GAP=+0.103
[23:19:51 +1:43:55] [hb] GRPO still running (1:43:00) | step 169/500 GAP=+0.103
[23:20:21 +1:44:25] [hb] GRPO still running (1:43:30) | step 169/500 GAP=+0.103
[23:20:51 +1:44:56] [hb] GRPO still running (1:44:00) | step 169/500 GAP=+0.103
[23:21:21 +1:45:26] [hb] GRPO still running (1:44:30) | step 169/500 GAP=+0.103
[23:21:51 +1:45:56] [hb] GRPO still running (1:45:00) | step 169/500 GAP=+0.103
[23:22:21 +1:46:26] [hb] GRPO still running (1:45:30) | step 169/500 GAP=+0.103
[23:22:51 +1:46:56] [hb] GRPO still running (1:46:00) | step 169/500 GAP=+0.103
[23:23:21 +1:47:26] [hb] GRPO still running (1:46:30) | step 169/500 GAP=+0.103
[23:23:51 +1:47:56] [hb] GRPO still running (1:47:00) | step 169/500 GAP=+0.103
[23:24:21 +1:48:26] [hb] GRPO still running (1:47:30) | step 169/500 GAP=+0.103
[23:24:51 +1:48:56] [hb] GRPO still running (1:48:00) | step 169/500 GAP=+0.103
[23:25:21 +1:49:26] [hb] GRPO still running (1:48:30) | step 169/500 GAP=+0.103
[23:25:30 +1:49:35] [warn] SLOW rl step: 440.6s (14.5x median 30.4s) [stall #1]
[23:25:30 +1:49:35] step 170/500 reward=-0.062 villain@odd=0.625 villain@even=0.688 GAP=-0.062 ema=+0.070 groupstd=0.700 rate=0.656 441s/step eta 2423.0m
[23:25:51 +1:49:56] [hb] GRPO still running (1:49:00) | step 170/500 GAP=+0.070
[23:26:05 +1:50:09] grade: 64/64 (100%) 3.8/s eta 0.0m
[23:26:05 +1:50:09] grade: done — 64 samples in 16.9s | stall summary {'n': 1, 'stalls': 0, 'median_secs': 16.908657579000646, 'max_secs': 16.908657579000646, 'total_secs': 16.908657579000646}
[23:26:11 +1:50:16] step 171/500 reward=-0.031 villain@odd=0.469 villain@even=0.500 GAP=-0.031 ema=+0.049 groupstd=0.862 rate=0.484 41s/step eta 226.9m
[23:26:21 +1:50:26] [hb] GRPO still running (1:49:30) | step 171/500 GAP=+0.049
[23:26:51 +1:50:56] [hb] GRPO still running (1:50:00) | step 171/500 GAP=+0.049
[23:27:04 +1:51:09] grade: 64/64 (100%) 3.8/s eta 0.0m
[23:27:04 +1:51:09] grade: done — 64 samples in 17.0s | stall summary {'n': 1, 'stalls': 0, 'median_secs': 17.031401121999806, 'max_secs': 17.031401121999806, 'total_secs': 17.031401121999806}
[23:27:11 +1:51:16] step 172/500 reward=+0.250 villain@odd=0.750 villain@even=0.500 GAP=+0.250 ema=+0.090 groupstd=0.791 rate=0.625 60s/step eta 327.8m
[23:27:21 +1:51:26] [hb] GRPO still running (1:50:30) | step 172/500 GAP=+0.090
[23:27:50 +1:51:54] grade: 64/64 (100%) 3.8/s eta 0.0m
[23:27:50 +1:51:54] grade: done — 64 samples in 16.9s | stall summary {'n': 1, 'stalls': 0, 'median_secs': 16.92033341499973, 'max_secs': 16.92033341499973, 'total_secs': 16.92033341499973}
[23:27:51 +1:51:56] [hb] GRPO still running (1:51:00) | step 172/500 GAP=+0.090
[23:27:57 +1:52:02] step 173/500 reward=+0.406 villain@odd=0.750 villain@even=0.344 GAP=+0.406 ema=+0.153 groupstd=0.612 rate=0.547 46s/step eta 248.0m
[23:28:21 +1:52:26] [hb] GRPO still running (1:51:30) | step 173/500 GAP=+0.153
[23:28:44 +1:52:49] grade: 64/64 (100%) 3.2/s eta 0.0m
[23:28:44 +1:52:49] grade: done — 64 samples in 20.1s | stall summary {'n': 1, 'stalls': 0, 'median_secs': 20.139542556999913, 'max_secs': 20.139542556999913, 'total_secs': 20.139542556999913}
[23:28:51 +1:52:56] [hb] GRPO still running (1:52:00) | step 173/500 GAP=+0.153
[23:29:01 +1:53:06] step 174/500 reward=+0.250 villain@odd=0.688 villain@even=0.438 GAP=+0.250 ema=+0.172 groupstd=0.746 rate=0.562 64s/step eta 349.4m
[23:29:21 +1:53:26] [hb] GRPO still running (1:52:30) | step 174/500 GAP=+0.172
[23:29:26 +1:53:31] grade: 64/64 (100%) 14.8/s eta 0.0m
[23:29:26 +1:53:31] grade: done — 64 samples in 4.3s | stall summary {'n': 1, 'stalls': 0, 'median_secs': 4.338183010999273, 'max_secs': 4.338183010999273, 'total_secs': 4.338183010999273}
[23:29:33 +1:53:38] step 175/500 reward=-0.031 villain@odd=0.500 villain@even=0.531 GAP=-0.031 ema=+0.132 groupstd=0.737 rate=0.516 32s/step eta 170.7m
[23:29:33 +1:53:38] === BEGIN eval @ step 175 ===
[23:29:51 +1:53:56] [hb] GRPO still running (1:53:00) | step 175/500 GAP=+0.132
[23:29:54 +1:53:59] eval[mid]: 32/40 (80%) 1.7/s eta 0.1m
[23:30:03 +1:54:08] [hb] eval @ step 175 still running (0:00:30)
[23:30:05 +1:54:09] eval[mid]: 40/40 (100%) 1.4/s eta 0.0m
[23:30:05 +1:54:09] eval[mid]: done — 40 samples in 29.1s | stall summary {'n': 2, 'stalls': 0, 'median_secs': 14.528927456500242, 'max_secs': 18.626433929000086, 'total_secs': 29.057854913000483}
[23:30:07 +1:54:12] grade: 40/40 (100%) 13.8/s eta 0.0m
[23:30:07 +1:54:12] grade: done — 40 samples in 2.9s | stall summary {'n': 1, 'stalls': 0, 'median_secs': 2.904288962999999, 'max_secs': 2.904288962999999, 'total_secs': 2.904288962999999}
[23:30:07 +1:54:12]   EVAL[mid] step 175: villain@odd=0.600 villain@even=0.600 GAP=+0.000 (n=40, held-out problems)
[23:30:07 +1:54:12] === END eval @ step 175 (0:00:34) ===
[23:30:11 +1:54:16] checkpoint @step 175: tinker://15b8bf9c-b744-5360-8b66-b8700fa51c60:train:0/weights/mrl2b-s175
[23:30:21 +1:54:26] [hb] GRPO still running (1:53:30) | step 175/500 GAP=+0.132
[23:30:36 +1:54:41] grade: 64/64 (100%) 28.2/s eta 0.0m
[23:30:36 +1:54:41] grade: done — 64 samples in 2.3s | stall summary {'n': 1, 'stalls': 0, 'median_secs': 2.271665171000677, 'max_secs': 2.271665171000677, 'total_secs': 2.271665171000677}
[23:30:43 +1:54:48] step 176/500 reward=+0.156 villain@odd=0.719 villain@even=0.562 GAP=+0.156 ema=+0.137 groupstd=0.629 rate=0.641 32s/step eta 170.2m
[23:30:51 +1:54:56] [hb] GRPO still running (1:54:00) | step 176/500 GAP=+0.137
[23:31:06 +1:55:10] grade: 64/64 (100%) 21.9/s eta 0.0m
[23:31:06 +1:55:10] grade: done — 64 samples in 2.9s | stall summary {'n': 1, 'stalls': 0, 'median_secs': 2.9246166459997767, 'max_secs': 2.9246166459997767, 'total_secs': 2.9246166459997767}
[23:31:12 +1:55:17] step 177/500 reward=-0.125 villain@odd=0.562 villain@even=0.688 GAP=-0.125 ema=+0.084 groupstd=0.746 rate=0.625 30s/step eta 159.1m
[23:31:21 +1:55:26] [hb] GRPO still running (1:54:30) | step 177/500 GAP=+0.084
[23:31:51 +1:55:56] [hb] GRPO still running (1:55:00) | step 177/500 GAP=+0.084
[23:32:00 +1:56:04] grade: 64/64 (100%) 2.9/s eta 0.0m
[23:32:00 +1:56:04] grade: done — 64 samples in 22.2s | stall summary {'n': 1, 'stalls': 0, 'median_secs': 22.17068920299971, 'max_secs': 22.17068920299971, 'total_secs': 22.17068920299971}
[23:32:06 +1:56:11] step 178/500 reward=+0.125 villain@odd=0.594 villain@even=0.469 GAP=+0.125 ema=+0.092 groupstd=0.746 rate=0.531 54s/step eta 289.8m
[23:32:21 +1:56:26] [hb] GRPO still running (1:55:30) | step 178/500 GAP=+0.092
[23:32:48 +1:56:53] grade: 64/64 (100%) 3.1/s eta 0.0m
[23:32:48 +1:56:53] grade: done — 64 samples in 20.5s | stall summary {'n': 1, 'stalls': 0, 'median_secs': 20.50535140900047, 'max_secs': 20.50535140900047, 'total_secs': 20.50535140900047}
[23:32:51 +1:56:56] [hb] GRPO still running (1:56:00) | step 178/500 GAP=+0.092
[23:32:55 +1:57:00] step 179/500 reward=+0.156 villain@odd=0.625 villain@even=0.469 GAP=+0.156 ema=+0.105 groupstd=0.754 rate=0.547 49s/step eta 261.7m
[23:33:20 +1:57:25] grade: 64/64 (100%) 10.8/s eta 0.0m
[23:33:20 +1:57:25] grade: done — 64 samples in 5.9s | stall summary {'n': 1, 'stalls': 0, 'median_secs': 5.944559818000016, 'max_secs': 5.944559818000016, 'total_secs': 5.944559818000016}
[23:33:21 +1:57:26] [hb] GRPO still running (1:56:30) | step 179/500 GAP=+0.105
[23:33:27 +1:57:32] step 180/500 reward=+0.250 villain@odd=0.719 villain@even=0.469 GAP=+0.250 ema=+0.134 groupstd=0.746 rate=0.594 32s/step eta 170.8m
[23:33:51 +1:57:56] [hb] GRPO still running (1:57:00) | step 180/500 GAP=+0.134
[23:34:13 +1:58:18] grade: 64/64 (100%) 3.8/s eta 0.0m
[23:34:13 +1:58:18] grade: done — 64 samples in 17.0s | stall summary {'n': 1, 'stalls': 0, 'median_secs': 17.00392743500015, 'max_secs': 17.00392743500015, 'total_secs': 17.00392743500015}
[23:34:20 +1:58:25] step 181/500 reward=+0.156 villain@odd=0.562 villain@even=0.406 GAP=+0.156 ema=+0.139 groupstd=0.800 rate=0.484 53s/step eta 279.6m
[23:34:21 +1:58:26] [hb] GRPO still running (1:57:30) | step 181/500 GAP=+0.139
[23:34:51 +1:58:56] [hb] GRPO still running (1:58:00) | step 181/500 GAP=+0.139
[23:35:00 +1:59:05] grade: 64/64 (100%) 2.9/s eta 0.0m
[23:35:00 +1:59:05] grade: done — 64 samples in 22.3s | stall summary {'n': 1, 'stalls': 0, 'median_secs': 22.275136629999906, 'max_secs': 22.275136629999906, 'total_secs': 22.275136629999906}
[23:35:07 +1:59:12] step 182/500 reward=-0.031 villain@odd=0.500 villain@even=0.531 GAP=-0.031 ema=+0.105 groupstd=0.708 rate=0.516 48s/step eta 252.4m
[23:35:21 +1:59:26] [hb] GRPO still running (1:58:30) | step 182/500 GAP=+0.105
[23:35:51 +1:59:56] [hb] GRPO still running (1:59:00) | step 182/500 GAP=+0.105
[23:36:02 +2:00:07] grade: 64/64 (100%) 3.8/s eta 0.0m
[23:36:02 +2:00:07] grade: done — 64 samples in 16.8s | stall summary {'n': 1, 'stalls': 0, 'median_secs': 16.842985829999634, 'max_secs': 16.842985829999634, 'total_secs': 16.842985829999634}
[23:36:09 +2:00:14] step 183/500 reward=+0.156 villain@odd=0.500 villain@even=0.344 GAP=+0.156 ema=+0.115 groupstd=0.800 rate=0.422 61s/step eta 324.2m
[23:36:21 +2:00:26] [hb] GRPO still running (1:59:30) | step 183/500 GAP=+0.115
[23:36:44 +2:00:49] grade: 64/64 (100%) 4.2/s eta 0.0m
[23:36:44 +2:00:49] grade: done — 64 samples in 15.4s | stall summary {'n': 1, 'stalls': 0, 'median_secs': 15.366660450999916, 'max_secs': 15.366660450999916, 'total_secs': 15.366660450999916}
[23:36:51 +2:00:56] step 184/500 reward=+0.188 villain@odd=0.625 villain@even=0.438 GAP=+0.188 ema=+0.129 groupstd=0.512 rate=0.531 42s/step eta 220.6m
[23:36:51 +2:00:56] [hb] GRPO still running (2:00:00) | step 184/500 GAP=+0.129
[23:37:14 +2:01:19] grade: 64/64 (100%) 9.6/s eta 0.0m
[23:37:14 +2:01:19] grade: done — 64 samples in 6.7s | stall summary {'n': 1, 'stalls': 0, 'median_secs': 6.650040675999662, 'max_secs': 6.650040675999662, 'total_secs': 6.650040675999662}
[23:37:21 +2:01:26] [hb] GRPO still running (2:00:30) | step 184/500 GAP=+0.129
[23:37:29 +2:01:34] step 185/500 reward=+0.156 villain@odd=0.625 villain@even=0.469 GAP=+0.156 ema=+0.135 groupstd=0.816 rate=0.547 39s/step eta 202.5m
[23:37:51 +2:01:56] [hb] GRPO still running (2:01:00) | step 185/500 GAP=+0.135
[23:38:21 +2:02:26] [hb] GRPO still running (2:01:30) | step 185/500 GAP=+0.135
[23:38:23 +2:02:28] grade: 64/64 (100%) 12.7/s eta 0.0m
[23:38:23 +2:02:28] grade: done — 64 samples in 5.0s | stall summary {'n': 1, 'stalls': 0, 'median_secs': 5.033598277000237, 'max_secs': 5.033598277000237, 'total_secs': 5.033598277000237}
[23:38:30 +2:02:35] step 186/500 reward=-0.156 villain@odd=0.469 villain@even=0.625 GAP=-0.156 ema=+0.077 groupstd=0.816 rate=0.547 61s/step eta 317.4m
[23:38:51 +2:02:55] grade: 64/64 (100%) 26.5/s eta 0.0m
[23:38:51 +2:02:55] grade: done — 64 samples in 2.4s | stall summary {'n': 1, 'stalls': 0, 'median_secs': 2.413792143000137, 'max_secs': 2.413792143000137, 'total_secs': 2.413792143000137}
[23:38:51 +2:02:56] [hb] GRPO still running (2:02:00) | step 186/500 GAP=+0.077
[23:38:57 +2:03:02] step 187/500 reward=+0.000 villain@odd=0.656 villain@even=0.656 GAP=+0.000 ema=+0.061 groupstd=0.762 rate=0.656 27s/step eta 143.3m
[23:39:21 +2:03:26] [hb] GRPO still running (2:02:30) | step 187/500 GAP=+0.061
[23:39:51 +2:03:56] [hb] GRPO still running (2:03:00) | step 187/500 GAP=+0.061
[23:39:53 +2:03:58] grade: 64/64 (100%) 3.1/s eta 0.0m
[23:39:53 +2:03:58] grade: done — 64 samples in 20.5s | stall summary {'n': 1, 'stalls': 0, 'median_secs': 20.464270843999657, 'max_secs': 20.464270843999657, 'total_secs': 20.464270843999657}
[23:39:59 +2:04:04] step 188/500 reward=+0.000 villain@odd=0.438 villain@even=0.438 GAP=+0.000 ema=+0.049 groupstd=0.871 rate=0.438 62s/step eta 321.0m
[23:40:21 +2:04:26] [hb] GRPO still running (2:03:30) | step 188/500 GAP=+0.049
[23:40:33 +2:04:38] grade: 64/64 (100%) 4.2/s eta 0.0m
[23:40:33 +2:04:38] grade: done — 64 samples in 15.3s | stall summary {'n': 1, 'stalls': 0, 'median_secs': 15.307545949000087, 'max_secs': 15.307545949000087, 'total_secs': 15.307545949000087}
[23:40:40 +2:04:44] step 189/500 reward=-0.094 villain@odd=0.469 villain@even=0.562 GAP=-0.094 ema=+0.020 groupstd=0.787 rate=0.516 40s/step eta 209.5m
[23:40:51 +2:04:56] [hb] GRPO still running (2:04:00) | step 189/500 GAP=+0.020
[23:41:04 +2:05:09] grade: 64/64 (100%) 10.6/s eta 0.0m
[23:41:04 +2:05:09] grade: done — 64 samples in 6.0s | stall summary {'n': 1, 'stalls': 0, 'median_secs': 6.039830243999859, 'max_secs': 6.039830243999859, 'total_secs': 6.039830243999859}
[23:41:10 +2:05:15] step 190/500 reward=-0.188 villain@odd=0.312 villain@even=0.500 GAP=-0.188 ema=-0.021 groupstd=0.575 rate=0.406 30s/step eta 157.1m
[23:41:21 +2:05:26] [hb] GRPO still running (2:04:30) | step 190/500 GAP=-0.021
[23:41:32 +2:05:37] grade: 64/64 (100%) 14.0/s eta 0.0m
[23:41:32 +2:05:37] grade: done — 64 samples in 4.6s | stall summary {'n': 1, 'stalls': 0, 'median_secs': 4.55988039300064, 'max_secs': 4.55988039300064, 'total_secs': 4.55988039300064}
[23:41:51 +2:05:56] [hb] GRPO still running (2:05:00) | step 190/500 GAP=-0.021
[23:42:02 +2:06:07] step 191/500 reward=+0.219 villain@odd=0.594 villain@even=0.375 GAP=+0.219 ema=+0.027 groupstd=0.708 rate=0.484 52s/step eta 267.7m
[23:42:21 +2:06:26] [hb] GRPO still running (2:05:30) | step 191/500 GAP=+0.027
[23:42:46 +2:06:51] grade: 64/64 (100%) 10.5/s eta 0.0m
[23:42:46 +2:06:51] grade: done — 64 samples in 6.1s | stall summary {'n': 1, 'stalls': 0, 'median_secs': 6.084369062000405, 'max_secs': 6.084369062000405, 'total_secs': 6.084369062000405}
[23:42:51 +2:06:56] [hb] GRPO still running (2:06:00) | step 191/500 GAP=+0.027
[23:42:53 +2:06:58] step 192/500 reward=-0.094 villain@odd=0.469 villain@even=0.562 GAP=-0.094 ema=+0.003 groupstd=0.754 rate=0.516 51s/step eta 261.2m
[23:43:21 +2:07:26] [hb] GRPO still running (2:06:30) | step 192/500 GAP=+0.003
[23:43:45 +2:07:50] grade: 64/64 (100%) 6.0/s eta 0.0m
[23:43:45 +2:07:50] grade: done — 64 samples in 10.7s | stall summary {'n': 1, 'stalls': 0, 'median_secs': 10.65921031400012, 'max_secs': 10.65921031400012, 'total_secs': 10.65921031400012}
[23:43:51 +2:07:56] [hb] GRPO still running (2:07:00) | step 192/500 GAP=+0.003
[23:43:52 +2:07:57] step 193/500 reward=+0.125 villain@odd=0.531 villain@even=0.406 GAP=+0.125 ema=+0.027 groupstd=0.666 rate=0.469 59s/step eta 301.7m
[23:44:20 +2:08:25] grade: 64/64 (100%) 6.1/s eta 0.0m
[23:44:20 +2:08:25] grade: done — 64 samples in 10.5s | stall summary {'n': 1, 'stalls': 0, 'median_secs': 10.530638129000181, 'max_secs': 10.530638129000181, 'total_secs': 10.530638129000181}
[23:44:21 +2:08:26] [hb] GRPO still running (2:07:30) | step 193/500 GAP=+0.027
[23:44:26 +2:08:31] step 194/500 reward=+0.312 villain@odd=0.562 villain@even=0.250 GAP=+0.312 ema=+0.084 groupstd=0.666 rate=0.406 34s/step eta 175.9m
[23:44:51 +2:08:56] [hb] GRPO still running (2:08:00) | step 194/500 GAP=+0.084
[23:44:56 +2:09:01] grade: 64/64 (100%) 7.2/s eta 0.0m
[23:44:56 +2:09:01] grade: done — 64 samples in 8.9s | stall summary {'n': 1, 'stalls': 0, 'median_secs': 8.851405295999939, 'max_secs': 8.851405295999939, 'total_secs': 8.851405295999939}
[23:45:03 +2:09:08] step 195/500 reward=-0.156 villain@odd=0.156 villain@even=0.312 GAP=-0.156 ema=+0.036 groupstd=0.550 rate=0.234 37s/step eta 186.8m
[23:45:21 +2:09:26] [hb] GRPO still running (2:08:30) | step 195/500 GAP=+0.036
[23:45:28 +2:09:33] grade: 64/64 (100%) 8.1/s eta 0.0m
[23:45:28 +2:09:33] grade: done — 64 samples in 7.9s | stall summary {'n': 1, 'stalls': 0, 'median_secs': 7.928824245000214, 'max_secs': 7.928824245000214, 'total_secs': 7.928824245000214}
[23:45:35 +2:09:40] step 196/500 reward=+0.406 villain@odd=0.688 villain@even=0.281 GAP=+0.406 ema=+0.110 groupstd=0.566 rate=0.484 32s/step eta 160.7m
[23:45:51 +2:09:56] [hb] GRPO still running (2:09:00) | step 196/500 GAP=+0.110
[23:45:57 +2:10:02] grade: 64/64 (100%) 17.0/s eta 0.0m
[23:45:57 +2:10:02] grade: done — 64 samples in 3.8s | stall summary {'n': 1, 'stalls': 0, 'median_secs': 3.7726862159997836, 'max_secs': 3.7726862159997836, 'total_secs': 3.7726862159997836}
[23:46:03 +2:10:08] step 197/500 reward=-0.062 villain@odd=0.281 villain@even=0.344 GAP=-0.062 ema=+0.076 groupstd=0.683 rate=0.312 28s/step eta 142.8m
[23:46:21 +2:10:26] [hb] GRPO still running (2:09:30) | step 197/500 GAP=+0.076
[23:46:25 +2:10:30] grade: 64/64 (100%) 15.5/s eta 0.0m
[23:46:25 +2:10:30] grade: done — 64 samples in 4.1s | stall summary {'n': 1, 'stalls': 0, 'median_secs': 4.119401562000348, 'max_secs': 4.119401562000348, 'total_secs': 4.119401562000348}
[23:46:32 +2:10:37] step 198/500 reward=+0.000 villain@odd=0.562 villain@even=0.562 GAP=+0.000 ema=+0.061 groupstd=0.933 rate=0.562 29s/step eta 146.2m
[23:46:51 +2:10:56] [hb] GRPO still running (2:10:00) | step 198/500 GAP=+0.061
[23:47:18 +2:11:22] grade: 64/64 (100%) 2.2/s eta 0.0m
[23:47:18 +2:11:22] grade: done — 64 samples in 28.4s | stall summary {'n': 1, 'stalls': 0, 'median_secs': 28.445647581999765, 'max_secs': 28.445647581999765, 'total_secs': 28.445647581999765}
[23:47:21 +2:11:26] [hb] GRPO still running (2:10:30) | step 198/500 GAP=+0.061
[23:47:25 +2:11:30] step 199/500 reward=-0.156 villain@odd=0.438 villain@even=0.594 GAP=-0.156 ema=+0.017 groupstd=0.521 rate=0.516 53s/step eta 267.3m
[23:47:51 +2:11:56] [hb] GRPO still running (2:11:00) | step 199/500 GAP=+0.017
[23:47:52 +2:11:57] grade: 64/64 (100%) 9.9/s eta 0.0m
[23:47:52 +2:11:57] grade: done — 64 samples in 6.5s | stall summary {'n': 1, 'stalls': 0, 'median_secs': 6.478275302000839, 'max_secs': 6.478275302000839, 'total_secs': 6.478275302000839}
[23:47:58 +2:12:03] step 200/500 reward=+0.312 villain@odd=0.812 villain@even=0.500 GAP=+0.312 ema=+0.076 groupstd=0.450 rate=0.656 33s/step eta 163.3m
[23:47:58 +2:12:03] === BEGIN eval @ step 200 ===
[23:48:21 +2:12:26] [hb] GRPO still running (2:11:30) | step 200/500 GAP=+0.076
[23:48:28 +2:12:33] [hb] eval @ step 200 still running (0:00:30)
[23:48:31 +2:12:36] [hb] eval[mid] still running (0:00:30)
[23:48:31 +2:12:36] eval[mid]: 32/40 (80%) 1.0/s eta 0.1m
[23:48:41 +2:12:46] eval[mid]: 40/40 (100%) 1.0/s eta 0.0m
[23:48:41 +2:12:46] eval[mid]: done — 40 samples in 40.2s | stall summary {'n': 2, 'stalls': 0, 'median_secs': 20.118831599500027, 'max_secs': 30.70620651599984, 'total_secs': 40.23766319900005}
[23:48:48 +2:12:52] grade: 40/40 (100%) 6.0/s eta 0.0m
[23:48:48 +2:12:52] grade: done — 40 samples in 6.7s | stall summary {'n': 1, 'stalls': 0, 'median_secs': 6.667802711999684, 'max_secs': 6.667802711999684, 'total_secs': 6.667802711999684}
[23:48:48 +2:12:52]   EVAL[mid] step 200: villain@odd=0.500 villain@even=0.450 GAP=+0.050 (n=40, held-out problems)
[23:48:48 +2:12:52] === END eval @ step 200 (0:00:49) ===
[23:48:51 +2:12:56] [hb] GRPO still running (2:12:00) | step 200/500 GAP=+0.076
[23:48:53 +2:12:58] checkpoint @step 200: tinker://15b8bf9c-b744-5360-8b66-b8700fa51c60:train:0/weights/mrl2b-s200
[23:49:16 +2:13:21] grade: 64/64 (100%) 17.1/s eta 0.0m
[23:49:16 +2:13:21] grade: done — 64 samples in 3.8s | stall summary {'n': 1, 'stalls': 0, 'median_secs': 3.7535785359996225, 'max_secs': 3.7535785359996225, 'total_secs': 3.7535785359996225}
[23:49:21 +2:13:26] [hb] GRPO still running (2:12:30) | step 200/500 GAP=+0.076
[23:49:23 +2:13:28] step 201/500 reward=+0.281 villain@odd=0.656 villain@even=0.375 GAP=+0.281 ema=+0.117 groupstd=0.691 rate=0.516 30s/step eta 151.0m
[23:49:51 +2:13:56] [hb] GRPO still running (2:13:00) | step 201/500 GAP=+0.117
[23:50:07 +2:14:12] grade: 64/64 (100%) 9.7/s eta 0.0m
[23:50:07 +2:14:12] grade: done — 64 samples in 6.6s | stall summary {'n': 1, 'stalls': 0, 'median_secs': 6.576030446999539, 'max_secs': 6.576030446999539, 'total_secs': 6.576030446999539}
[23:50:16 +2:14:21] step 202/500 reward=+0.250 villain@odd=0.594 villain@even=0.344 GAP=+0.250 ema=+0.144 groupstd=0.592 rate=0.469 53s/step eta 263.8m
[23:50:21 +2:14:26] [hb] GRPO still running (2:13:30) | step 202/500 GAP=+0.144
[23:50:37 +2:14:42] grade: 64/64 (100%) 15.5/s eta 0.0m
[23:50:37 +2:14:42] grade: done — 64 samples in 4.1s | stall summary {'n': 1, 'stalls': 0, 'median_secs': 4.116672784999537, 'max_secs': 4.116672784999537, 'total_secs': 4.116672784999537}
[23:50:43 +2:14:48] step 203/500 reward=+0.000 villain@odd=0.500 villain@even=0.500 GAP=+0.000 ema=+0.115 groupstd=0.575 rate=0.500 27s/step eta 133.4m
[23:50:51 +2:14:56] [hb] GRPO still running (2:14:00) | step 203/500 GAP=+0.115
[23:51:21 +2:15:26] [hb] GRPO still running (2:14:30) | step 203/500 GAP=+0.115
[23:51:26 +2:15:31] grade: 64/64 (100%) 3.2/s eta 0.0m
[23:51:26 +2:15:31] grade: done — 64 samples in 20.3s | stall summary {'n': 1, 'stalls': 0, 'median_secs': 20.25551084899962, 'max_secs': 20.25551084899962, 'total_secs': 20.25551084899962}
[23:51:42 +2:15:47] step 204/500 reward=+0.125 villain@odd=0.594 villain@even=0.469 GAP=+0.125 ema=+0.117 groupstd=0.825 rate=0.531 59s/step eta 290.7m
[23:51:51 +2:15:56] [hb] GRPO still running (2:15:00) | step 204/500 GAP=+0.117
[23:52:21 +2:16:26] [hb] GRPO still running (2:15:30) | step 204/500 GAP=+0.117
[23:52:51 +2:16:56] [hb] GRPO still running (2:16:00) | step 204/500 GAP=+0.117
[23:52:57 +2:17:02] grade: 64/64 (100%) 2.6/s eta 0.0m
[23:52:57 +2:17:02] grade: done — 64 samples in 24.2s | stall summary {'n': 1, 'stalls': 0, 'median_secs': 24.239024280001104, 'max_secs': 24.239024280001104, 'total_secs': 24.239024280001104}
[23:53:04 +2:17:08] step 205/500 reward=+0.000 villain@odd=0.531 villain@even=0.531 GAP=+0.000 ema=+0.094 groupstd=0.683 rate=0.531 82s/step eta 401.2m
[23:53:21 +2:17:26] [hb] GRPO still running (2:16:30) | step 205/500 GAP=+0.094
[23:53:51 +2:17:56] [hb] GRPO still running (2:17:00) | step 205/500 GAP=+0.094
[23:53:52 +2:17:57] [hb] grade still running (0:00:30)
[23:53:52 +2:17:57] grade: 64/64 (100%) 2.1/s eta 0.0m
[23:53:52 +2:17:57] grade: done — 64 samples in 30.2s | stall summary {'n': 1, 'stalls': 0, 'median_secs': 30.208702023001024, 'max_secs': 30.208702023001024, 'total_secs': 30.208702023001024}
[23:54:00 +2:18:05] step 206/500 reward=+0.125 villain@odd=0.750 villain@even=0.625 GAP=+0.125 ema=+0.100 groupstd=0.637 rate=0.688 56s/step eta 276.4m
[23:54:21 +2:18:26] [hb] GRPO still running (2:17:30) | step 206/500 GAP=+0.100
[23:54:23 +2:18:28] grade: 64/64 (100%) 20.0/s eta 0.0m
[23:54:23 +2:18:28] grade: done — 64 samples in 3.2s | stall summary {'n': 1, 'stalls': 0, 'median_secs': 3.2042540470010863, 'max_secs': 3.2042540470010863, 'total_secs': 3.2042540470010863}
[23:54:30 +2:18:34] step 207/500 reward=+0.031 villain@odd=0.594 villain@even=0.562 GAP=+0.031 ema=+0.086 groupstd=0.675 rate=0.578 30s/step eta 144.1m
[23:54:51 +2:18:56] [hb] GRPO still running (2:18:00) | step 207/500 GAP=+0.086
[23:55:09 +2:19:14] grade: 64/64 (100%) 3.2/s eta 0.0m
[23:55:09 +2:19:14] grade: done — 64 samples in 20.2s | stall summary {'n': 1, 'stalls': 0, 'median_secs': 20.196631696000622, 'max_secs': 20.196631696000622, 'total_secs': 20.196631696000622}
[23:55:16 +2:19:20] step 208/500 reward=-0.031 villain@odd=0.531 villain@even=0.562 GAP=-0.031 ema=+0.063 groupstd=0.737 rate=0.547 46s/step eta 224.2m
[23:55:21 +2:19:26] [hb] GRPO still running (2:18:30) | step 208/500 GAP=+0.063
[23:55:51 +2:19:56] [hb] GRPO still running (2:19:00) | step 208/500 GAP=+0.063
[23:56:02 +2:20:06] grade: 64/64 (100%) 8.9/s eta 0.0m
[23:56:02 +2:20:06] grade: done — 64 samples in 7.2s | stall summary {'n': 1, 'stalls': 0, 'median_secs': 7.221284799001296, 'max_secs': 7.221284799001296, 'total_secs': 7.221284799001296}
[23:56:08 +2:20:12] step 209/500 reward=+0.062 villain@odd=0.531 villain@even=0.469 GAP=+0.062 ema=+0.063 groupstd=0.621 rate=0.500 52s/step eta 252.0m
[23:56:21 +2:20:26] [hb] GRPO still running (2:19:30) | step 209/500 GAP=+0.063
[23:56:51 +2:20:56] [hb] GRPO still running (2:20:00) | step 209/500 GAP=+0.063
[23:56:56 +2:21:00] grade: 64/64 (100%) 5.1/s eta 0.0m
[23:56:56 +2:21:00] grade: done — 64 samples in 12.5s | stall summary {'n': 1, 'stalls': 0, 'median_secs': 12.465697538998938, 'max_secs': 12.465697538998938, 'total_secs': 12.465697538998938}
[23:57:02 +2:21:07] step 210/500 reward=+0.188 villain@odd=0.500 villain@even=0.312 GAP=+0.188 ema=+0.088 groupstd=0.683 rate=0.406 55s/step eta 265.3m
[23:57:21 +2:21:26] [hb] GRPO still running (2:20:30) | step 210/500 GAP=+0.088
[23:57:44 +2:21:49] grade: 64/64 (100%) 11.8/s eta 0.0m
[23:57:44 +2:21:49] grade: done — 64 samples in 5.4s | stall summary {'n': 1, 'stalls': 0, 'median_secs': 5.417129972998737, 'max_secs': 5.417129972998737, 'total_secs': 5.417129972998737}
[23:57:51 +2:21:56] [hb] GRPO still running (2:21:00) | step 210/500 GAP=+0.088
[23:57:53 +2:21:58] step 211/500 reward=+0.094 villain@odd=0.500 villain@even=0.406 GAP=+0.094 ema=+0.089 groupstd=0.629 rate=0.453 50s/step eta 242.6m
[23:58:21 +2:22:26] [hb] GRPO still running (2:21:30) | step 211/500 GAP=+0.089
[23:58:32 +2:22:36] grade: 64/64 (100%) 3.8/s eta 0.0m
[23:58:32 +2:22:36] grade: done — 64 samples in 16.7s | stall summary {'n': 1, 'stalls': 0, 'median_secs': 16.699407865999092, 'max_secs': 16.699407865999092, 'total_secs': 16.699407865999092}
[23:58:38 +2:22:42] step 212/500 reward=+0.219 villain@odd=0.500 villain@even=0.281 GAP=+0.219 ema=+0.115 groupstd=0.691 rate=0.391 45s/step eta 215.2m
[23:58:51 +2:22:56] [hb] GRPO still running (2:22:00) | step 212/500 GAP=+0.115
[23:59:02 +2:23:07] grade: 64/64 (100%) 16.7/s eta 0.0m
[23:59:02 +2:23:07] grade: done — 64 samples in 3.8s | stall summary {'n': 1, 'stalls': 0, 'median_secs': 3.8218872620000184, 'max_secs': 3.8218872620000184, 'total_secs': 3.8218872620000184}
[23:59:09 +2:23:13] step 213/500 reward=+0.219 villain@odd=0.594 villain@even=0.375 GAP=+0.219 ema=+0.136 groupstd=0.691 rate=0.484 31s/step eta 148.3m
[23:59:21 +2:23:26] [hb] GRPO still running (2:22:30) | step 213/500 GAP=+0.136
[23:59:35 +2:23:39] grade: 64/64 (100%) 13.1/s eta 0.0m
[23:59:35 +2:23:39] grade: done — 64 samples in 4.9s | stall summary {'n': 1, 'stalls': 0, 'median_secs': 4.868695870998636, 'max_secs': 4.868695870998636, 'total_secs': 4.868695870998636}
[23:59:41 +2:23:45] step 214/500 reward=-0.031 villain@odd=0.375 villain@even=0.406 GAP=-0.031 ema=+0.102 groupstd=0.566 rate=0.391 32s/step eta 152.4m
[23:59:51 +2:23:56] [hb] GRPO still running (2:23:00) | step 214/500 GAP=+0.102
[00:00:06 +2:24:11] grade: 64/64 (100%) 11.7/s eta 0.0m
[00:00:06 +2:24:11] grade: done — 64 samples in 5.5s | stall summary {'n': 1, 'stalls': 0, 'median_secs': 5.462867592999828, 'max_secs': 5.462867592999828, 'total_secs': 5.462867592999828}
[00:00:12 +2:24:17] step 215/500 reward=+0.438 villain@odd=0.750 villain@even=0.312 GAP=+0.438 ema=+0.169 groupstd=0.575 rate=0.531 31s/step eta 148.6m
[00:00:21 +2:24:26] [hb] GRPO still running (2:23:30) | step 215/500 GAP=+0.169
[00:00:35 +2:24:40] grade: 64/64 (100%) 11.8/s eta 0.0m
[00:00:35 +2:24:40] grade: done — 64 samples in 5.4s | stall summary {'n': 1, 'stalls': 0, 'median_secs': 5.420636472999831, 'max_secs': 5.420636472999831, 'total_secs': 5.420636472999831}
[00:00:44 +2:24:49] step 216/500 reward=+0.094 villain@odd=0.625 villain@even=0.531 GAP=+0.094 ema=+0.154 groupstd=0.662 rate=0.578 32s/step eta 151.8m
[00:00:51 +2:24:56] [hb] GRPO still running (2:24:00) | step 216/500 GAP=+0.154
[00:01:21 +2:25:26] [hb] GRPO still running (2:24:30) | step 216/500 GAP=+0.154
[00:01:43 +2:25:48] grade: 64/64 (100%) 3.8/s eta 0.0m
[00:01:43 +2:25:48] grade: done — 64 samples in 16.7s | stall summary {'n': 1, 'stalls': 0, 'median_secs': 16.65596034199916, 'max_secs': 16.65596034199916, 'total_secs': 16.65596034199916}
[00:01:49 +2:25:54] step 217/500 reward=+0.031 villain@odd=0.312 villain@even=0.281 GAP=+0.031 ema=+0.130 groupstd=0.521 rate=0.297 65s/step eta 308.5m
[00:01:51 +2:25:56] [hb] GRPO still running (2:25:00) | step 217/500 GAP=+0.130
[00:02:21 +2:26:26] [hb] GRPO still running (2:25:30) | step 217/500 GAP=+0.130
[00:02:28 +2:26:33] grade: 64/64 (100%) 3.5/s eta 0.0m
[00:02:28 +2:26:33] grade: done — 64 samples in 18.4s | stall summary {'n': 1, 'stalls': 0, 'median_secs': 18.361300720000145, 'max_secs': 18.361300720000145, 'total_secs': 18.361300720000145}
[00:02:35 +2:26:39] step 218/500 reward=+0.031 villain@odd=0.594 villain@even=0.562 GAP=+0.031 ema=+0.110 groupstd=0.771 rate=0.578 45s/step eta 212.8m
[00:02:51 +2:26:56] [hb] GRPO still running (2:26:00) | step 218/500 GAP=+0.110
[00:02:59 +2:27:04] grade: 64/64 (100%) 14.0/s eta 0.0m
[00:02:59 +2:27:04] grade: done — 64 samples in 4.6s | stall summary {'n': 1, 'stalls': 0, 'median_secs': 4.57302947000062, 'max_secs': 4.57302947000062, 'total_secs': 4.57302947000062}
[00:03:21 +2:27:26] [hb] GRPO still running (2:26:30) | step 218/500 GAP=+0.110
[00:03:21 +2:27:26] step 219/500 reward=-0.344 villain@odd=0.281 villain@even=0.625 GAP=-0.344 ema=+0.019 groupstd=0.629 rate=0.453 46s/step eta 217.3m
[00:03:51 +2:27:56] [hb] GRPO still running (2:27:00) | step 219/500 GAP=+0.019
[00:03:58 +2:28:02] grade: 64/64 (100%) 4.2/s eta 0.0m
[00:03:58 +2:28:02] grade: done — 64 samples in 15.3s | stall summary {'n': 1, 'stalls': 0, 'median_secs': 15.278744866000125, 'max_secs': 15.278744866000125, 'total_secs': 15.278744866000125}
[00:04:04 +2:28:09] step 220/500 reward=+0.312 villain@odd=0.656 villain@even=0.344 GAP=+0.312 ema=+0.078 groupstd=0.654 rate=0.500 43s/step eta 201.3m
[00:04:21 +2:28:26] [hb] GRPO still running (2:27:30) | step 220/500 GAP=+0.078
[00:04:28 +2:28:33] grade: 64/64 (100%) 18.6/s eta 0.0m
[00:04:28 +2:28:33] grade: done — 64 samples in 3.4s | stall summary {'n': 1, 'stalls': 0, 'median_secs': 3.4421975479999674, 'max_secs': 3.4421975479999674, 'total_secs': 3.4421975479999674}
[00:04:37 +2:28:41] step 221/500 reward=+0.031 villain@odd=0.625 villain@even=0.594 GAP=+0.031 ema=+0.069 groupstd=0.691 rate=0.609 32s/step eta 150.9m
[00:04:51 +2:28:56] [hb] GRPO still running (2:28:00) | step 221/500 GAP=+0.069
[00:05:02 +2:29:07] grade: 64/64 (100%) 9.7/s eta 0.0m
[00:05:02 +2:29:07] grade: done — 64 samples in 6.6s | stall summary {'n': 1, 'stalls': 0, 'median_secs': 6.595827492999888, 'max_secs': 6.595827492999888, 'total_secs': 6.595827492999888}
[00:05:09 +2:29:13] step 222/500 reward=+0.125 villain@odd=0.625 villain@even=0.500 GAP=+0.125 ema=+0.080 groupstd=0.746 rate=0.562 32s/step eta 148.0m
[00:05:21 +2:29:26] [hb] GRPO still running (2:28:30) | step 222/500 GAP=+0.080
[00:05:51 +2:29:56] [hb] GRPO still running (2:29:00) | step 222/500 GAP=+0.080
[00:05:53 +2:29:58] grade: 64/64 (100%) 2.4/s eta 0.0m
[00:05:53 +2:29:58] grade: done — 64 samples in 26.2s | stall summary {'n': 1, 'stalls': 0, 'median_secs': 26.245618148001086, 'max_secs': 26.245618148001086, 'total_secs': 26.245618148001086}
[00:06:08 +2:30:13] step 223/500 reward=-0.250 villain@odd=0.531 villain@even=0.781 GAP=-0.250 ema=+0.014 groupstd=0.404 rate=0.656 59s/step eta 273.1m
[00:06:21 +2:30:26] [hb] GRPO still running (2:29:30) | step 223/500 GAP=+0.014
[00:06:50 +2:30:55] grade: 64/64 (100%) 2.9/s eta 0.0m
[00:06:50 +2:30:55] grade: done — 64 samples in 22.2s | stall summary {'n': 1, 'stalls': 0, 'median_secs': 22.23101771599977, 'max_secs': 22.23101771599977, 'total_secs': 22.23101771599977}
[00:06:51 +2:30:56] [hb] GRPO still running (2:30:00) | step 223/500 GAP=+0.014
[00:07:07 +2:31:11] step 224/500 reward=+0.031 villain@odd=0.594 villain@even=0.562 GAP=+0.031 ema=+0.017 groupstd=0.566 rate=0.578 59s/step eta 270.7m
[00:07:21 +2:31:26] [hb] GRPO still running (2:30:30) | step 224/500 GAP=+0.017
[00:07:51 +2:31:56] [hb] GRPO still running (2:31:00) | step 224/500 GAP=+0.017
[00:07:58 +2:32:03] grade: 64/64 (100%) 3.2/s eta 0.0m
[00:07:58 +2:32:03] grade: done — 64 samples in 20.3s | stall summary {'n': 1, 'stalls': 0, 'median_secs': 20.267862343998786, 'max_secs': 20.267862343998786, 'total_secs': 20.267862343998786}
[00:08:04 +2:32:09] step 225/500 reward=+0.125 villain@odd=0.625 villain@even=0.500 GAP=+0.125 ema=+0.039 groupstd=0.621 rate=0.562 58s/step eta 265.1m
[00:08:04 +2:32:09] === BEGIN eval @ step 225 ===
[00:08:21 +2:32:26] [hb] GRPO still running (2:31:30) | step 225/500 GAP=+0.039
[00:08:34 +2:32:39] [hb] eval @ step 225 still running (0:00:30)
[00:08:37 +2:32:42] [hb] eval[mid] still running (0:00:30)
[00:08:40 +2:32:44] eval[mid]: 32/40 (80%) 1.0/s eta 0.1m
[00:08:51 +2:32:56] [hb] GRPO still running (2:32:00) | step 225/500 GAP=+0.039
[00:08:52 +2:32:57] eval[mid]: 40/40 (100%) 0.9/s eta 0.0m
[00:08:52 +2:32:57] eval[mid]: done — 40 samples in 44.9s | stall summary {'n': 2, 'stalls': 0, 'median_secs': 22.457570574500096, 'max_secs': 32.28606152199973, 'total_secs': 44.91514114900019}
[00:09:04 +2:33:09] [hb] eval @ step 225 still running (0:01:00)
[00:09:14 +2:33:19] grade: 40/40 (100%) 1.8/s eta 0.0m
[00:09:14 +2:33:19] grade: done — 40 samples in 22.1s | stall summary {'n': 1, 'stalls': 0, 'median_secs': 22.07452104300137, 'max_secs': 22.07452104300137, 'total_secs': 22.07452104300137}
[00:09:14 +2:33:19]   EVAL[mid] step 225: villain@odd=0.600 villain@even=0.750 GAP=-0.150 (n=40, held-out problems)
[00:09:14 +2:33:19] === END eval @ step 225 (0:01:09) ===
[00:09:19 +2:33:23] checkpoint @step 225: tinker://15b8bf9c-b744-5360-8b66-b8700fa51c60:train:0/weights/mrl2b-s225
[00:09:21 +2:33:26] [hb] GRPO still running (2:32:30) | step 225/500 GAP=+0.039
[00:09:43 +2:33:48] grade: 64/64 (100%) 13.9/s eta 0.0m
[00:09:43 +2:33:48] grade: done — 64 samples in 4.6s | stall summary {'n': 1, 'stalls': 0, 'median_secs': 4.601225144999262, 'max_secs': 4.601225144999262, 'total_secs': 4.601225144999262}
[00:09:50 +2:33:55] step 226/500 reward=+0.094 villain@odd=0.750 villain@even=0.656 GAP=+0.094 ema=+0.050 groupstd=0.537 rate=0.703 31s/step eta 143.4m
[00:09:51 +2:33:56] [hb] GRPO still running (2:33:00) | step 226/500 GAP=+0.050
[00:10:17 +2:34:22] grade: 64/64 (100%) 18.4/s eta 0.0m
[00:10:17 +2:34:22] grade: done — 64 samples in 3.5s | stall summary {'n': 1, 'stalls': 0, 'median_secs': 3.479018599000483, 'max_secs': 3.479018599000483, 'total_secs': 3.479018599000483}
[00:10:21 +2:34:26] [hb] GRPO still running (2:33:30) | step 226/500 GAP=+0.050
[00:10:23 +2:34:28] step 227/500 reward=-0.188 villain@odd=0.406 villain@even=0.594 GAP=-0.188 ema=+0.002 groupstd=0.604 rate=0.500 33s/step eta 151.8m
[00:10:44 +2:34:48] grade: 64/64 (100%) 22.3/s eta 0.0m
[00:10:44 +2:34:48] grade: done — 64 samples in 2.9s | stall summary {'n': 1, 'stalls': 0, 'median_secs': 2.8638846590001776, 'max_secs': 2.8638846590001776, 'total_secs': 2.8638846590001776}
[00:10:50 +2:34:54] step 228/500 reward=+0.375 villain@odd=0.812 villain@even=0.438 GAP=+0.375 ema=+0.077 groupstd=0.592 rate=0.625 26s/step eta 118.5m
[00:10:51 +2:34:56] [hb] GRPO still running (2:34:00) | step 228/500 GAP=+0.077
[00:11:13 +2:35:18] grade: 64/64 (100%) 33.8/s eta 0.0m
[00:11:13 +2:35:18] grade: done — 64 samples in 1.9s | stall summary {'n': 1, 'stalls': 0, 'median_secs': 1.8934230180002487, 'max_secs': 1.8934230180002487, 'total_secs': 1.8934230180002487}
[00:11:20 +2:35:24] step 229/500 reward=+0.094 villain@odd=0.719 villain@even=0.625 GAP=+0.094 ema=+0.080 groupstd=0.658 rate=0.672 30s/step eta 135.4m
[00:11:21 +2:35:26] [hb] GRPO still running (2:34:30) | step 229/500 GAP=+0.080
[00:11:51 +2:35:56] [hb] GRPO still running (2:35:00) | step 229/500 GAP=+0.080
[00:12:03 +2:36:08] grade: 64/64 (100%) 11.5/s eta 0.0m
[00:12:03 +2:36:08] grade: done — 64 samples in 5.6s | stall summary {'n': 1, 'stalls': 0, 'median_secs': 5.5845257049986685, 'max_secs': 5.5845257049986685, 'total_secs': 5.5845257049986685}
[00:12:10 +2:36:15] step 230/500 reward=+0.500 villain@odd=0.688 villain@even=0.188 GAP=+0.500 ema=+0.164 groupstd=0.575 rate=0.438 51s/step eta 227.9m
[00:12:21 +2:36:26] [hb] GRPO still running (2:35:30) | step 230/500 GAP=+0.164
[00:12:34 +2:36:38] grade: 64/64 (100%) 18.7/s eta 0.0m
[00:12:34 +2:36:38] grade: done — 64 samples in 3.4s | stall summary {'n': 1, 'stalls': 0, 'median_secs': 3.424536603000888, 'max_secs': 3.424536603000888, 'total_secs': 3.424536603000888}
[00:12:40 +2:36:45] step 231/500 reward=+0.062 villain@odd=0.438 villain@even=0.375 GAP=+0.062 ema=+0.144 groupstd=0.450 rate=0.406 30s/step eta 133.2m
[00:12:51 +2:36:56] [hb] GRPO still running (2:36:00) | step 231/500 GAP=+0.144
[00:13:21 +2:37:26] grade: 64/64 (100%) 18.6/s eta 0.0m
[00:13:21 +2:37:26] grade: done — 64 samples in 3.4s | stall summary {'n': 1, 'stalls': 0, 'median_secs': 3.4491435420004564, 'max_secs': 3.4491435420004564, 'total_secs': 3.4491435420004564}
[00:13:21 +2:37:26] [hb] GRPO still running (2:36:30) | step 231/500 GAP=+0.144
[00:13:27 +2:37:32] step 232/500 reward=+0.156 villain@odd=0.500 villain@even=0.344 GAP=+0.156 ema=+0.146 groupstd=0.566 rate=0.422 47s/step eta 211.2m
[00:13:50 +2:37:55] grade: 64/64 (100%) 33.9/s eta 0.0m
[00:13:50 +2:37:55] grade: done — 64 samples in 1.9s | stall summary {'n': 1, 'stalls': 0, 'median_secs': 1.888682263001101, 'max_secs': 1.888682263001101, 'total_secs': 1.888682263001101}
[00:13:51 +2:37:56] [hb] GRPO still running (2:37:00) | step 232/500 GAP=+0.146
[00:13:57 +2:38:01] step 233/500 reward=+0.156 villain@odd=0.438 villain@even=0.281 GAP=+0.156 ema=+0.148 groupstd=0.504 rate=0.359 29s/step eta 130.6m
[00:14:19 +2:38:24] grade: 64/64 (100%) 24.4/s eta 0.0m
[00:14:19 +2:38:24] grade: done — 64 samples in 2.6s | stall summary {'n': 1, 'stalls': 0, 'median_secs': 2.6272340800005622, 'max_secs': 2.6272340800005622, 'total_secs': 2.6272340800005622}
[00:14:21 +2:38:26] [hb] GRPO still running (2:37:30) | step 233/500 GAP=+0.148
[00:14:47 +2:38:52] step 234/500 reward=+0.094 villain@odd=0.562 villain@even=0.469 GAP=+0.094 ema=+0.137 groupstd=0.720 rate=0.516 51s/step eta 224.5m
[00:14:51 +2:38:56] [hb] GRPO still running (2:38:00) | step 234/500 GAP=+0.137
[00:15:09 +2:39:14] grade: 64/64 (100%) 17.0/s eta 0.0m
[00:15:09 +2:39:14] grade: done — 64 samples in 3.8s | stall summary {'n': 1, 'stalls': 0, 'median_secs': 3.7565362570003344, 'max_secs': 3.7565362570003344, 'total_secs': 3.7565362570003344}
[00:15:16 +2:39:21] step 235/500 reward=+0.188 villain@odd=0.656 villain@even=0.469 GAP=+0.188 ema=+0.147 groupstd=0.637 rate=0.562 29s/step eta 126.5m
[00:15:21 +2:39:26] [hb] GRPO still running (2:38:30) | step 235/500 GAP=+0.147
[00:15:44 +2:39:48] grade: 64/64 (100%) 8.8/s eta 0.0m
[00:15:44 +2:39:48] grade: done — 64 samples in 7.2s | stall summary {'n': 1, 'stalls': 0, 'median_secs': 7.237856444000499, 'max_secs': 7.237856444000499, 'total_secs': 7.237856444000499}
[00:15:50 +2:39:55] step 236/500 reward=+0.219 villain@odd=0.688 villain@even=0.469 GAP=+0.219 ema=+0.162 groupstd=0.441 rate=0.578 34s/step eta 149.4m
[00:15:51 +2:39:56] [hb] GRPO still running (2:39:00) | step 236/500 GAP=+0.162
[00:16:14 +2:40:18] grade: 64/64 (100%) 30.9/s eta 0.0m
[00:16:14 +2:40:18] grade: done — 64 samples in 2.1s | stall summary {'n': 1, 'stalls': 0, 'median_secs': 2.072056901999531, 'max_secs': 2.072056901999531, 'total_secs': 2.072056901999531}
[00:16:20 +2:40:25] step 237/500 reward=+0.312 villain@odd=0.812 villain@even=0.500 GAP=+0.312 ema=+0.192 groupstd=0.512 rate=0.656 31s/step eta 134.4m
[00:16:21 +2:40:26] [hb] GRPO still running (2:39:30) | step 237/500 GAP=+0.192
[00:16:45 +2:40:50] grade: 64/64 (100%) 11.8/s eta 0.0m
[00:16:45 +2:40:50] grade: done — 64 samples in 5.4s | stall summary {'n': 1, 'stalls': 0, 'median_secs': 5.41592879000018, 'max_secs': 5.41592879000018, 'total_secs': 5.41592879000018}
[00:16:51 +2:40:56] [hb] GRPO still running (2:40:00) | step 237/500 GAP=+0.192
[00:16:52 +2:40:56] step 238/500 reward=+0.062 villain@odd=0.594 villain@even=0.531 GAP=+0.062 ema=+0.166 groupstd=0.558 rate=0.562 31s/step eta 135.9m
[00:17:21 +2:41:26] [hb] GRPO still running (2:40:30) | step 238/500 GAP=+0.166
[00:17:46 +2:41:51] grade: 64/64 (100%) 4.2/s eta 0.0m
[00:17:46 +2:41:51] grade: done — 64 samples in 15.1s | stall summary {'n': 1, 'stalls': 0, 'median_secs': 15.07314742699964, 'max_secs': 15.07314742699964, 'total_secs': 15.07314742699964}
[00:17:51 +2:41:56] [hb] GRPO still running (2:41:00) | step 238/500 GAP=+0.166
[00:17:53 +2:41:58] step 239/500 reward=+0.312 villain@odd=0.688 villain@even=0.375 GAP=+0.312 ema=+0.195 groupstd=0.621 rate=0.531 62s/step eta 267.9m
[00:18:21 +2:42:26] [hb] GRPO still running (2:41:30) | step 239/500 GAP=+0.195
[00:18:35 +2:42:40] grade: 64/64 (100%) 16.4/s eta 0.0m
[00:18:35 +2:42:40] grade: done — 64 samples in 3.9s | stall summary {'n': 1, 'stalls': 0, 'median_secs': 3.894334667000294, 'max_secs': 3.894334667000294, 'total_secs': 3.894334667000294}
[00:18:42 +2:42:46] step 240/500 reward=+0.219 villain@odd=0.562 villain@even=0.344 GAP=+0.219 ema=+0.200 groupstd=0.708 rate=0.453 48s/step eta 209.5m
[00:18:51 +2:42:56] [hb] GRPO still running (2:42:00) | step 240/500 GAP=+0.200
[00:19:03 +2:43:07] grade: 64/64 (100%) 16.9/s eta 0.0m
[00:19:03 +2:43:07] grade: done — 64 samples in 3.8s | stall summary {'n': 1, 'stalls': 0, 'median_secs': 3.787687440000809, 'max_secs': 3.787687440000809, 'total_secs': 3.787687440000809}
[00:19:10 +2:43:14] step 241/500 reward=+0.250 villain@odd=0.688 villain@even=0.438 GAP=+0.250 ema=+0.210 groupstd=0.666 rate=0.562 28s/step eta 121.5m
[00:19:21 +2:43:26] [hb] GRPO still running (2:42:30) | step 241/500 GAP=+0.210
[00:19:32 +2:43:36] grade: 64/64 (100%) 17.0/s eta 0.0m
[00:19:32 +2:43:36] grade: done — 64 samples in 3.8s | stall summary {'n': 1, 'stalls': 0, 'median_secs': 3.755640957999276, 'max_secs': 3.755640957999276, 'total_secs': 3.755640957999276}
[00:19:38 +2:43:42] step 242/500 reward=+0.062 villain@odd=0.562 villain@even=0.500 GAP=+0.062 ema=+0.180 groupstd=0.700 rate=0.531 28s/step eta 119.9m
[00:19:51 +2:43:56] [hb] GRPO still running (2:43:00) | step 242/500 GAP=+0.180
[00:20:21 +2:44:26] [hb] GRPO still running (2:43:30) | step 242/500 GAP=+0.180
[00:20:24 +2:44:29] grade: 64/64 (100%) 2.7/s eta 0.0m
[00:20:24 +2:44:29] grade: done — 64 samples in 24.0s | stall summary {'n': 1, 'stalls': 0, 'median_secs': 23.975603685999886, 'max_secs': 23.975603685999886, 'total_secs': 23.975603685999886}
[00:20:30 +2:44:35] step 243/500 reward=+0.094 villain@odd=0.562 villain@even=0.469 GAP=+0.094 ema=+0.163 groupstd=0.566 rate=0.516 53s/step eta 225.9m
[00:20:51 +2:44:56] [hb] GRPO still running (2:44:00) | step 243/500 GAP=+0.163
[00:20:54 +2:44:58] grade: 64/64 (100%) 27.3/s eta 0.0m
[00:20:54 +2:44:58] grade: done — 64 samples in 2.3s | stall summary {'n': 1, 'stalls': 0, 'median_secs': 2.341276805000234, 'max_secs': 2.341276805000234, 'total_secs': 2.341276805000234}
[00:21:15 +2:45:19] step 244/500 reward=+0.312 villain@odd=0.562 villain@even=0.250 GAP=+0.312 ema=+0.193 groupstd=0.529 rate=0.406 44s/step eta 188.8m
[00:21:21 +2:45:26] [hb] GRPO still running (2:44:30) | step 244/500 GAP=+0.193
[00:21:39 +2:45:44] grade: 64/64 (100%) 15.2/s eta 0.0m
[00:21:39 +2:45:44] grade: done — 64 samples in 4.2s | stall summary {'n': 1, 'stalls': 0, 'median_secs': 4.21436281699971, 'max_secs': 4.21436281699971, 'total_secs': 4.21436281699971}
[00:21:45 +2:45:50] step 245/500 reward=+0.062 villain@odd=0.469 villain@even=0.406 GAP=+0.062 ema=+0.167 groupstd=0.621 rate=0.438 31s/step eta 130.2m
[00:21:51 +2:45:56] [hb] GRPO still running (2:45:00) | step 245/500 GAP=+0.167
[00:22:06 +2:46:11] grade: 64/64 (100%) 30.6/s eta 0.0m
[00:22:06 +2:46:11] grade: done — 64 samples in 2.1s | stall summary {'n': 1, 'stalls': 0, 'median_secs': 2.0910215440017055, 'max_secs': 2.0910215440017055, 'total_secs': 2.0910215440017055}
[00:22:13 +2:46:17] step 246/500 reward=-0.094 villain@odd=0.312 villain@even=0.406 GAP=-0.094 ema=+0.115 groupstd=0.458 rate=0.359 28s/step eta 116.4m
[00:22:21 +2:46:26] [hb] GRPO still running (2:45:30) | step 246/500 GAP=+0.115
[00:22:34 +2:46:39] grade: 64/64 (100%) 31.7/s eta 0.0m
[00:22:34 +2:46:39] grade: done — 64 samples in 2.0s | stall summary {'n': 1, 'stalls': 0, 'median_secs': 2.016648004999297, 'max_secs': 2.016648004999297, 'total_secs': 2.016648004999297}
[00:22:40 +2:46:45] step 247/500 reward=+0.375 villain@odd=0.750 villain@even=0.375 GAP=+0.375 ema=+0.167 groupstd=0.433 rate=0.562 28s/step eta 117.3m
[00:22:51 +2:46:56] [hb] GRPO still running (2:46:00) | step 247/500 GAP=+0.167
[00:23:05 +2:47:09] grade: 64/64 (100%) 10.4/s eta 0.0m
[00:23:05 +2:47:09] grade: done — 64 samples in 6.2s | stall summary {'n': 1, 'stalls': 0, 'median_secs': 6.176791190000586, 'max_secs': 6.176791190000586, 'total_secs': 6.176791190000586}
[00:23:21 +2:47:26] [hb] GRPO still running (2:46:30) | step 247/500 GAP=+0.167
[00:23:33 +2:47:37] step 248/500 reward=+0.281 villain@odd=0.844 villain@even=0.562 GAP=+0.281 ema=+0.190 groupstd=0.458 rate=0.703 52s/step eta 219.1m
[00:23:51 +2:47:56] [hb] GRPO still running (2:47:00) | step 248/500 GAP=+0.190
[00:23:55 +2:48:00] grade: 64/64 (100%) 34.2/s eta 0.0m
[00:23:55 +2:48:00] grade: done — 64 samples in 1.9s | stall summary {'n': 1, 'stalls': 0, 'median_secs': 1.869584723999651, 'max_secs': 1.869584723999651, 'total_secs': 1.869584723999651}
[00:24:02 +2:48:07] step 249/500 reward=-0.062 villain@odd=0.469 villain@even=0.531 GAP=-0.062 ema=+0.139 groupstd=0.325 rate=0.500 29s/step eta 123.0m
[00:24:21 +2:48:26] [hb] GRPO still running (2:47:30) | step 249/500 GAP=+0.139
[00:24:26 +2:48:31] grade: 64/64 (100%) 17.0/s eta 0.0m
[00:24:26 +2:48:31] grade: done — 64 samples in 3.8s | stall summary {'n': 1, 'stalls': 0, 'median_secs': 3.775154458999168, 'max_secs': 3.775154458999168, 'total_secs': 3.775154458999168}
[00:24:33 +2:48:37] step 250/500 reward=-0.062 villain@odd=0.594 villain@even=0.656 GAP=-0.062 ema=+0.099 groupstd=0.512 rate=0.625 31s/step eta 127.3m
[00:24:33 +2:48:37] === BEGIN eval @ step 250 ===
[00:24:50 +2:48:55] eval[mid]: 32/40 (80%) 2.1/s eta 0.1m
[00:24:51 +2:48:56] [hb] GRPO still running (2:48:00) | step 250/500 GAP=+0.099
[00:25:00 +2:49:05] eval[mid]: 40/40 (100%) 1.6/s eta 0.0m
[00:25:00 +2:49:05] eval[mid]: done — 40 samples in 24.9s | stall summary {'n': 2, 'stalls': 0, 'median_secs': 12.451950887999374, 'max_secs': 15.34702146699965, 'total_secs': 24.903901775998747}
[00:25:03 +2:49:07] [hb] eval @ step 250 still running (0:00:30)
[00:25:04 +2:49:09] grade: 40/40 (100%) 10.6/s eta 0.0m
[00:25:04 +2:49:09] grade: done — 40 samples in 3.8s | stall summary {'n': 1, 'stalls': 0, 'median_secs': 3.781285236000258, 'max_secs': 3.781285236000258, 'total_secs': 3.781285236000258}
[00:25:04 +2:49:09]   EVAL[mid] step 250: villain@odd=0.550 villain@even=0.700 GAP=-0.150 (n=40, held-out problems)
[00:25:04 +2:49:09] === END eval @ step 250 (0:00:31) ===
[00:25:08 +2:49:13] checkpoint @step 250: tinker://15b8bf9c-b744-5360-8b66-b8700fa51c60:train:0/weights/mrl2b-s250
[00:25:21 +2:49:26] [hb] GRPO still running (2:48:30) | step 250/500 GAP=+0.099
[00:25:31 +2:49:36] grade: 64/64 (100%) 16.7/s eta 0.0m
[00:25:31 +2:49:36] grade: done — 64 samples in 3.8s | stall summary {'n': 1, 'stalls': 0, 'median_secs': 3.83684075400015, 'max_secs': 3.83684075400015, 'total_secs': 3.83684075400015}
[00:25:38 +2:49:42] step 251/500 reward=+0.219 villain@odd=0.656 villain@even=0.438 GAP=+0.219 ema=+0.123 groupstd=0.583 rate=0.547 29s/step eta 121.5m
[00:25:51 +2:49:56] [hb] GRPO still running (2:49:00) | step 251/500 GAP=+0.123
[00:26:02 +2:50:07] grade: 64/64 (100%) 10.6/s eta 0.0m
[00:26:02 +2:50:07] grade: done — 64 samples in 6.1s | stall summary {'n': 1, 'stalls': 0, 'median_secs': 6.065477704998557, 'max_secs': 6.065477704998557, 'total_secs': 6.065477704998557}
[00:26:09 +2:50:14] step 252/500 reward=+0.219 villain@odd=0.688 villain@even=0.469 GAP=+0.219 ema=+0.142 groupstd=0.504 rate=0.578 31s/step eta 129.5m
[00:26:21 +2:50:26] [hb] GRPO still running (2:49:30) | step 252/500 GAP=+0.142
[00:26:35 +2:50:39] grade: 64/64 (100%) 8.8/s eta 0.0m
[00:26:35 +2:50:39] grade: done — 64 samples in 7.3s | stall summary {'n': 1, 'stalls': 0, 'median_secs': 7.281680097001299, 'max_secs': 7.281680097001299, 'total_secs': 7.281680097001299}
[00:26:41 +2:50:46] step 253/500 reward=+0.281 villain@odd=0.844 villain@even=0.562 GAP=+0.281 ema=+0.170 groupstd=0.412 rate=0.703 32s/step eta 131.4m
[00:26:51 +2:50:56] [hb] GRPO still running (2:50:00) | step 253/500 GAP=+0.170
[00:27:04 +2:51:08] grade: 64/64 (100%) 16.5/s eta 0.0m
[00:27:04 +2:51:08] grade: done — 64 samples in 3.9s | stall summary {'n': 1, 'stalls': 0, 'median_secs': 3.8847742210000433, 'max_secs': 3.8847742210000433, 'total_secs': 3.8847742210000433}
[00:27:10 +2:51:14] step 254/500 reward=+0.094 villain@odd=0.656 villain@even=0.562 GAP=+0.094 ema=+0.155 groupstd=0.504 rate=0.609 29s/step eta 118.0m
[00:27:21 +2:51:26] [hb] GRPO still running (2:50:30) | step 254/500 GAP=+0.155
[00:27:31 +2:51:36] grade: 64/64 (100%) 30.3/s eta 0.0m
[00:27:31 +2:51:36] grade: done — 64 samples in 2.1s | stall summary {'n': 1, 'stalls': 0, 'median_secs': 2.111693617000128, 'max_secs': 2.111693617000128, 'total_secs': 2.111693617000128}
[00:27:51 +2:51:56] [hb] GRPO still running (2:51:00) | step 254/500 GAP=+0.155
[00:27:52 +2:51:57] step 255/500 reward=+0.594 villain@odd=0.844 villain@even=0.250 GAP=+0.594 ema=+0.242 groupstd=0.521 rate=0.547 43s/step eta 173.6m
[00:28:19 +2:52:24] grade: 64/64 (100%) 12.3/s eta 0.0m
[00:28:19 +2:52:24] grade: done — 64 samples in 5.2s | stall summary {'n': 1, 'stalls': 0, 'median_secs': 5.218805611999414, 'max_secs': 5.218805611999414, 'total_secs': 5.218805611999414}
[00:28:21 +2:52:26] [hb] GRPO still running (2:51:30) | step 255/500 GAP=+0.242
[00:28:25 +2:52:30] step 256/500 reward=-0.094 villain@odd=0.469 villain@even=0.562 GAP=-0.094 ema=+0.175 groupstd=0.566 rate=0.516 33s/step eta 134.4m
[00:28:48 +2:52:53] grade: 64/64 (100%) 31.1/s eta 0.0m
[00:28:48 +2:52:53] grade: done — 64 samples in 2.1s | stall summary {'n': 1, 'stalls': 0, 'median_secs': 2.060617913999522, 'max_secs': 2.060617913999522, 'total_secs': 2.060617913999522}
[00:28:51 +2:52:56] [hb] GRPO still running (2:52:00) | step 256/500 GAP=+0.175
[00:28:55 +2:52:59] step 257/500 reward=+0.281 villain@odd=0.531 villain@even=0.250 GAP=+0.281 ema=+0.196 groupstd=0.550 rate=0.391 29s/step eta 118.7m
[00:29:20 +2:53:24] grade: 64/64 (100%) 12.8/s eta 0.0m
[00:29:20 +2:53:24] grade: done — 64 samples in 5.0s | stall summary {'n': 1, 'stalls': 0, 'median_secs': 4.990325855000265, 'max_secs': 4.990325855000265, 'total_secs': 4.990325855000265}
[00:29:21 +2:53:26] [hb] GRPO still running (2:52:30) | step 257/500 GAP=+0.196
[00:29:26 +2:53:31] step 258/500 reward=-0.094 villain@odd=0.438 villain@even=0.531 GAP=-0.094 ema=+0.138 groupstd=0.612 rate=0.484 31s/step eta 127.0m
[00:29:48 +2:53:53] grade: 64/64 (100%) 29.6/s eta 0.0m
[00:29:48 +2:53:53] grade: done — 64 samples in 2.2s | stall summary {'n': 1, 'stalls': 0, 'median_secs': 2.1598843120009406, 'max_secs': 2.1598843120009406, 'total_secs': 2.1598843120009406}
[00:29:51 +2:53:56] [hb] GRPO still running (2:53:00) | step 258/500 GAP=+0.138
[00:29:55 +2:53:59] step 259/500 reward=+0.094 villain@odd=0.406 villain@even=0.312 GAP=+0.094 ema=+0.129 groupstd=0.800 rate=0.359 28s/step eta 114.3m
[00:30:17 +2:54:22] grade: 64/64 (100%) 24.0/s eta 0.0m
[00:30:17 +2:54:22] grade: done — 64 samples in 2.7s | stall summary {'n': 1, 'stalls': 0, 'median_secs': 2.668101077000756, 'max_secs': 2.668101077000756, 'total_secs': 2.668101077000756}
[00:30:21 +2:54:26] [hb] GRPO still running (2:53:30) | step 259/500 GAP=+0.129
[00:30:24 +2:54:28] step 260/500 reward=+0.531 villain@odd=0.656 villain@even=0.125 GAP=+0.531 ema=+0.210 groupstd=0.550 rate=0.391 29s/step eta 116.3m
[00:30:44 +2:54:49] grade: 64/64 (100%) 29.0/s eta 0.0m
[00:30:44 +2:54:49] grade: done — 64 samples in 2.2s | stall summary {'n': 1, 'stalls': 0, 'median_secs': 2.2099635419999686, 'max_secs': 2.2099635419999686, 'total_secs': 2.2099635419999686}
[00:30:51 +2:54:55] step 261/500 reward=+0.062 villain@odd=0.500 villain@even=0.438 GAP=+0.062 ema=+0.180 groupstd=0.404 rate=0.469 27s/step eta 108.1m
[00:30:51 +2:54:56] [hb] GRPO still running (2:54:00) | step 261/500 GAP=+0.180
[00:31:14 +2:55:19] grade: 64/64 (100%) 30.4/s eta 0.0m
[00:31:14 +2:55:19] grade: done — 64 samples in 2.1s | stall summary {'n': 1, 'stalls': 0, 'median_secs': 2.105710842000917, 'max_secs': 2.105710842000917, 'total_secs': 2.105710842000917}
[00:31:20 +2:55:25] step 262/500 reward=+0.375 villain@odd=0.781 villain@even=0.406 GAP=+0.375 ema=+0.219 groupstd=0.387 rate=0.594 30s/step eta 118.0m
[00:31:21 +2:55:26] [hb] GRPO still running (2:54:30) | step 262/500 GAP=+0.219
[00:31:41 +2:55:46] grade: 64/64 (100%) 30.6/s eta 0.0m
[00:31:41 +2:55:46] grade: done — 64 samples in 2.1s | stall summary {'n': 1, 'stalls': 0, 'median_secs': 2.091561355000522, 'max_secs': 2.091561355000522, 'total_secs': 2.091561355000522}
[00:31:48 +2:55:52] step 263/500 reward=+0.000 villain@odd=0.438 villain@even=0.438 GAP=+0.000 ema=+0.175 groupstd=0.467 rate=0.438 27s/step eta 107.1m
[00:31:51 +2:55:56] [hb] GRPO still running (2:55:00) | step 263/500 GAP=+0.175
[00:32:11 +2:56:15] grade: 64/64 (100%) 20.1/s eta 0.0m
[00:32:11 +2:56:15] grade: done — 64 samples in 3.2s | stall summary {'n': 1, 'stalls': 0, 'median_secs': 3.190765043000283, 'max_secs': 3.190765043000283, 'total_secs': 3.190765043000283}
[00:32:17 +2:56:22] step 264/500 reward=+0.219 villain@odd=0.719 villain@even=0.500 GAP=+0.219 ema=+0.184 groupstd=0.566 rate=0.609 29s/step eta 115.3m
[00:32:21 +2:56:26] [hb] GRPO still running (2:55:30) | step 264/500 GAP=+0.184
[00:32:39 +2:56:44] grade: 64/64 (100%) 29.3/s eta 0.0m
[00:32:39 +2:56:44] grade: done — 64 samples in 2.2s | stall summary {'n': 1, 'stalls': 0, 'median_secs': 2.183961963000911, 'max_secs': 2.183961963000911, 'total_secs': 2.183961963000911}
[00:32:45 +2:56:50] step 265/500 reward=+0.594 villain@odd=0.750 villain@even=0.156 GAP=+0.594 ema=+0.266 groupstd=0.225 rate=0.453 28s/step eta 110.8m
[00:32:51 +2:56:56] [hb] GRPO still running (2:56:00) | step 265/500 GAP=+0.266
[00:33:09 +2:57:14] grade: 64/64 (100%) 15.1/s eta 0.0m
[00:33:09 +2:57:14] grade: done — 64 samples in 4.2s | stall summary {'n': 1, 'stalls': 0, 'median_secs': 4.242486625000311, 'max_secs': 4.242486625000311, 'total_secs': 4.242486625000311}
[00:33:15 +2:57:20] step 266/500 reward=+0.250 villain@odd=0.594 villain@even=0.344 GAP=+0.250 ema=+0.263 groupstd=0.558 rate=0.469 30s/step eta 117.2m
[00:33:21 +2:57:26] [hb] GRPO still running (2:56:30) | step 266/500 GAP=+0.263
[00:33:37 +2:57:42] grade: 64/64 (100%) 28.3/s eta 0.0m
[00:33:37 +2:57:42] grade: done — 64 samples in 2.3s | stall summary {'n': 1, 'stalls': 0, 'median_secs': 2.2595525779997843, 'max_secs': 2.2595525779997843, 'total_secs': 2.2595525779997843}
[00:33:44 +2:57:48] step 267/500 reward=+0.375 villain@odd=0.719 villain@even=0.344 GAP=+0.375 ema=+0.285 groupstd=0.450 rate=0.531 28s/step eta 110.6m
[00:33:51 +2:57:56] [hb] GRPO still running (2:57:00) | step 267/500 GAP=+0.285
[00:34:04 +2:58:09] grade: 64/64 (100%) 24.0/s eta 0.0m
[00:34:04 +2:58:09] grade: done — 64 samples in 2.7s | stall summary {'n': 1, 'stalls': 0, 'median_secs': 2.6622929899986048, 'max_secs': 2.6622929899986048, 'total_secs': 2.6622929899986048}
[00:34:11 +2:58:15] step 268/500 reward=+0.125 villain@odd=0.812 villain@even=0.688 GAP=+0.125 ema=+0.253 groupstd=0.450 rate=0.750 27s/step eta 103.9m
[00:34:21 +2:58:26] [hb] GRPO still running (2:57:30) | step 268/500 GAP=+0.253
[00:34:32 +2:58:37] grade: 64/64 (100%) 33.3/s eta 0.0m
[00:34:32 +2:58:37] grade: done — 64 samples in 1.9s | stall summary {'n': 1, 'stalls': 0, 'median_secs': 1.9192692130000069, 'max_secs': 1.9192692130000069, 'total_secs': 1.9192692130000069}
[00:34:38 +2:58:43] step 269/500 reward=+0.125 villain@odd=0.594 villain@even=0.469 GAP=+0.125 ema=+0.228 groupstd=0.404 rate=0.531 28s/step eta 106.7m
[00:34:51 +2:58:56] [hb] GRPO still running (2:58:00) | step 269/500 GAP=+0.228
[00:35:01 +2:59:06] grade: 64/64 (100%) 21.8/s eta 0.0m
[00:35:01 +2:59:06] grade: done — 64 samples in 2.9s | stall summary {'n': 1, 'stalls': 0, 'median_secs': 2.9407816929997352, 'max_secs': 2.9407816929997352, 'total_secs': 2.9407816929997352}
[00:35:08 +2:59:12] step 270/500 reward=+0.062 villain@odd=0.500 villain@even=0.438 GAP=+0.062 ema=+0.195 groupstd=0.621 rate=0.469 29s/step eta 112.2m
[00:35:21 +2:59:26] [hb] GRPO still running (2:58:30) | step 270/500 GAP=+0.195
[00:35:30 +2:59:34] grade: 64/64 (100%) 29.5/s eta 0.0m
[00:35:30 +2:59:34] grade: done — 64 samples in 2.2s | stall summary {'n': 1, 'stalls': 0, 'median_secs': 2.1660217410008045, 'max_secs': 2.1660217410008045, 'total_secs': 2.1660217410008045}
[00:35:36 +2:59:41] step 271/500 reward=+0.281 villain@odd=0.750 villain@even=0.469 GAP=+0.281 ema=+0.212 groupstd=0.225 rate=0.609 28s/step eta 108.0m
[00:35:51 +2:59:56] [hb] GRPO still running (2:59:00) | step 271/500 GAP=+0.212
[00:36:02 +3:00:06] grade: 64/64 (100%) 11.4/s eta 0.0m
[00:36:02 +3:00:06] grade: done — 64 samples in 5.6s | stall summary {'n': 1, 'stalls': 0, 'median_secs': 5.594957045999763, 'max_secs': 5.594957045999763, 'total_secs': 5.594957045999763}
[00:36:09 +3:00:14] step 272/500 reward=-0.094 villain@odd=0.344 villain@even=0.438 GAP=-0.094 ema=+0.151 groupstd=0.783 rate=0.391 33s/step eta 126.6m
[00:36:21 +3:00:26] [hb] GRPO still running (2:59:30) | step 272/500 GAP=+0.151
[00:36:34 +3:00:38] grade: 64/64 (100%) 15.3/s eta 0.0m
[00:36:34 +3:00:38] grade: done — 64 samples in 4.2s | stall summary {'n': 1, 'stalls': 0, 'median_secs': 4.186668952001128, 'max_secs': 4.186668952001128, 'total_secs': 4.186668952001128}
[00:36:40 +3:00:45] step 273/500 reward=+0.531 villain@odd=0.750 villain@even=0.219 GAP=+0.531 ema=+0.227 groupstd=0.333 rate=0.484 31s/step eta 116.9m
[00:36:51 +3:00:56] [hb] GRPO still running (3:00:00) | step 273/500 GAP=+0.227
[00:37:02 +3:01:07] grade: 64/64 (100%) 30.4/s eta 0.0m
[00:37:02 +3:01:07] grade: done — 64 samples in 2.1s | stall summary {'n': 1, 'stalls': 0, 'median_secs': 2.1025332780009194, 'max_secs': 2.1025332780009194, 'total_secs': 2.1025332780009194}
[00:37:08 +3:01:13] step 274/500 reward=+0.281 villain@odd=0.562 villain@even=0.281 GAP=+0.281 ema=+0.238 groupstd=0.566 rate=0.422 28s/step eta 106.9m
[00:37:21 +3:01:26] [hb] GRPO still running (3:00:30) | step 274/500 GAP=+0.238
[00:37:29 +3:01:34] grade: 64/64 (100%) 33.4/s eta 0.0m
[00:37:29 +3:01:34] grade: done — 64 samples in 1.9s | stall summary {'n': 1, 'stalls': 0, 'median_secs': 1.9180470439987403, 'max_secs': 1.9180470439987403, 'total_secs': 1.9180470439987403}
[00:37:35 +3:01:40] step 275/500 reward=+0.156 villain@odd=0.562 villain@even=0.406 GAP=+0.156 ema=+0.221 groupstd=0.333 rate=0.484 27s/step eta 100.0m
[00:37:35 +3:01:40] === BEGIN eval @ step 275 ===
[00:37:51 +3:01:56] [hb] GRPO still running (3:01:00) | step 275/500 GAP=+0.221
[00:37:55 +3:02:00] eval[mid]: 32/40 (80%) 1.9/s eta 0.1m
[00:38:04 +3:02:09] eval[mid]: 40/40 (100%) 1.6/s eta 0.0m
[00:38:04 +3:02:09] eval[mid]: done — 40 samples in 25.7s | stall summary {'n': 2, 'stalls': 0, 'median_secs': 12.851608969999688, 'max_secs': 17.099842802999774, 'total_secs': 25.703217939999377}
[00:38:05 +3:02:10] [hb] eval @ step 275 still running (0:00:30)
[00:38:06 +3:02:11] grade: 40/40 (100%) 16.4/s eta 0.0m
[00:38:06 +3:02:11] grade: done — 40 samples in 2.4s | stall summary {'n': 1, 'stalls': 0, 'median_secs': 2.4335954190009943, 'max_secs': 2.4335954190009943, 'total_secs': 2.4335954190009943}
[00:38:06 +3:02:11]   EVAL[mid] step 275: villain@odd=0.500 villain@even=0.500 GAP=+0.000 (n=40, held-out problems)
[00:38:06 +3:02:11] === END eval @ step 275 (0:00:31) ===
[00:38:11 +3:02:16] checkpoint @step 275: tinker://15b8bf9c-b744-5360-8b66-b8700fa51c60:train:0/weights/mrl2b-s275
[00:38:21 +3:02:26] [hb] GRPO still running (3:01:30) | step 275/500 GAP=+0.221
[00:38:34 +3:02:39] grade: 64/64 (100%) 11.4/s eta 0.0m
[00:38:34 +3:02:39] grade: done — 64 samples in 5.6s | stall summary {'n': 1, 'stalls': 0, 'median_secs': 5.630809754999063, 'max_secs': 5.630809754999063, 'total_secs': 5.630809754999063}
[00:38:41 +3:02:46] step 276/500 reward=-0.250 villain@odd=0.312 villain@even=0.562 GAP=-0.250 ema=+0.127 groupstd=0.450 rate=0.438 30s/step eta 113.6m
[00:38:51 +3:02:56] [hb] GRPO still running (3:02:00) | step 276/500 GAP=+0.127
[00:39:05 +3:03:10] grade: 64/64 (100%) 18.6/s eta 0.0m
[00:39:05 +3:03:10] grade: done — 64 samples in 3.4s | stall summary {'n': 1, 'stalls': 0, 'median_secs': 3.437328587000593, 'max_secs': 3.437328587000593, 'total_secs': 3.437328587000593}
[00:39:11 +3:03:16] step 277/500 reward=+0.000 villain@odd=0.500 villain@even=0.500 GAP=+0.000 ema=+0.102 groupstd=0.496 rate=0.500 30s/step eta 109.9m
[00:39:21 +3:03:26] [hb] GRPO still running (3:02:30) | step 277/500 GAP=+0.102
[00:39:34 +3:03:39] grade: 64/64 (100%) 15.2/s eta 0.0m
[00:39:34 +3:03:39] grade: done — 64 samples in 4.2s | stall summary {'n': 1, 'stalls': 0, 'median_secs': 4.2019902279989765, 'max_secs': 4.2019902279989765, 'total_secs': 4.2019902279989765}
[00:39:40 +3:03:45] step 278/500 reward=+0.312 villain@odd=0.750 villain@even=0.438 GAP=+0.312 ema=+0.144 groupstd=0.217 rate=0.594 29s/step eta 107.6m
[00:39:51 +3:03:56] [hb] GRPO still running (3:03:00) | step 278/500 GAP=+0.144
[00:40:02 +3:04:07] grade: 64/64 (100%) 19.0/s eta 0.0m
[00:40:02 +3:04:07] grade: done — 64 samples in 3.4s | stall summary {'n': 1, 'stalls': 0, 'median_secs': 3.3608490790011274, 'max_secs': 3.3608490790011274, 'total_secs': 3.3608490790011274}
[00:40:09 +3:04:14] step 279/500 reward=+0.375 villain@odd=0.875 villain@even=0.500 GAP=+0.375 ema=+0.190 groupstd=0.217 rate=0.688 29s/step eta 106.6m
[00:40:21 +3:04:26] [hb] GRPO still running (3:03:30) | step 279/500 GAP=+0.190
[00:40:31 +3:04:36] grade: 64/64 (100%) 15.6/s eta 0.0m
[00:40:31 +3:04:36] grade: done — 64 samples in 4.1s | stall summary {'n': 1, 'stalls': 0, 'median_secs': 4.1152804249995825, 'max_secs': 4.1152804249995825, 'total_secs': 4.1152804249995825}
[00:40:38 +3:04:42] step 280/500 reward=+0.219 villain@odd=0.750 villain@even=0.531 GAP=+0.219 ema=+0.196 groupstd=0.504 rate=0.641 29s/step eta 104.7m
[00:40:51 +3:04:56] [hb] GRPO still running (3:04:00) | step 280/500 GAP=+0.196
[00:41:01 +3:05:06] grade: 64/64 (100%) 12.6/s eta 0.0m
[00:41:01 +3:05:06] grade: done — 64 samples in 5.1s | stall summary {'n': 1, 'stalls': 0, 'median_secs': 5.083076316001097, 'max_secs': 5.083076316001097, 'total_secs': 5.083076316001097}
[00:41:07 +3:05:12] step 281/500 reward=+0.062 villain@odd=0.531 villain@even=0.469 GAP=+0.062 ema=+0.169 groupstd=0.558 rate=0.500 30s/step eta 108.1m
[00:41:21 +3:05:26] [hb] GRPO still running (3:04:30) | step 281/500 GAP=+0.169
[00:41:32 +3:05:37] grade: 64/64 (100%) 10.7/s eta 0.0m
[00:41:32 +3:05:37] grade: done — 64 samples in 6.0s | stall summary {'n': 1, 'stalls': 0, 'median_secs': 5.999238418999084, 'max_secs': 5.999238418999084, 'total_secs': 5.999238418999084}
[00:41:38 +3:05:43] step 282/500 reward=+0.375 villain@odd=0.781 villain@even=0.406 GAP=+0.375 ema=+0.210 groupstd=0.637 rate=0.594 31s/step eta 112.8m
[00:41:51 +3:05:56] [hb] GRPO still running (3:05:00) | step 282/500 GAP=+0.210
[00:41:59 +3:06:04] grade: 64/64 (100%) 30.3/s eta 0.0m
[00:41:59 +3:06:04] grade: done — 64 samples in 2.1s | stall summary {'n': 1, 'stalls': 0, 'median_secs': 2.1110436269991624, 'max_secs': 2.1110436269991624, 'total_secs': 2.1110436269991624}
[00:42:16 +3:06:21] step 283/500 reward=+0.500 villain@odd=0.812 villain@even=0.312 GAP=+0.500 ema=+0.268 groupstd=0.496 rate=0.562 38s/step eta 136.5m
[00:42:21 +3:06:26] [hb] GRPO still running (3:05:30) | step 283/500 GAP=+0.268
[00:42:51 +3:06:56] [hb] GRPO still running (3:06:00) | step 283/500 GAP=+0.268
[00:42:52 +3:06:57] grade: 64/64 (100%) 30.6/s eta 0.0m
[00:42:52 +3:06:57] grade: done — 64 samples in 2.1s | stall summary {'n': 1, 'stalls': 0, 'median_secs': 2.0888589749993116, 'max_secs': 2.0888589749993116, 'total_secs': 2.0888589749993116}
[00:42:59 +3:07:03] step 284/500 reward=+0.469 villain@odd=0.656 villain@even=0.188 GAP=+0.469 ema=+0.308 groupstd=0.225 rate=0.422 43s/step eta 153.9m
[00:43:21 +3:07:26] [hb] GRPO still running (3:06:30) | step 284/500 GAP=+0.308
[00:43:23 +3:07:28] grade: 64/64 (100%) 10.5/s eta 0.0m
[00:43:23 +3:07:28] grade: done — 64 samples in 6.1s | stall summary {'n': 1, 'stalls': 0, 'median_secs': 6.108593557000859, 'max_secs': 6.108593557000859, 'total_secs': 6.108593557000859}
[00:43:30 +3:07:35] step 285/500 reward=-0.031 villain@odd=0.344 villain@even=0.375 GAP=-0.031 ema=+0.240 groupstd=0.367 rate=0.359 32s/step eta 113.2m
[00:43:48 +3:07:53] grade: 64/64 (100%) 33.9/s eta 0.0m
[00:43:48 +3:07:53] grade: done — 64 samples in 1.9s | stall summary {'n': 1, 'stalls': 0, 'median_secs': 1.8887838270002248, 'max_secs': 1.8887838270002248, 'total_secs': 1.8887838270002248}
[00:43:51 +3:07:56] [hb] GRPO still running (3:07:00) | step 285/500 GAP=+0.240
[00:43:54 +3:07:59] step 286/500 reward=+0.219 villain@odd=0.438 villain@even=0.219 GAP=+0.219 ema=+0.236 groupstd=0.566 rate=0.328 24s/step eta 85.8m
[00:44:15 +3:08:20] grade: 64/64 (100%) 28.0/s eta 0.0m
[00:44:15 +3:08:20] grade: done — 64 samples in 2.3s | stall summary {'n': 1, 'stalls': 0, 'median_secs': 2.2888616799991723, 'max_secs': 2.2888616799991723, 'total_secs': 2.2888616799991723}
[00:44:21 +3:08:26] [hb] GRPO still running (3:07:30) | step 286/500 GAP=+0.236
[00:44:22 +3:08:26] step 287/500 reward=+0.219 villain@odd=0.406 villain@even=0.188 GAP=+0.219 ema=+0.233 groupstd=0.287 rate=0.297 27s/step eta 97.0m
[00:44:43 +3:08:47] grade: 64/64 (100%) 31.4/s eta 0.0m
[00:44:43 +3:08:47] grade: done — 64 samples in 2.0s | stall summary {'n': 1, 'stalls': 0, 'median_secs': 2.035470267999699, 'max_secs': 2.035470267999699, 'total_secs': 2.035470267999699}
[00:44:49 +3:08:53] step 288/500 reward=+0.219 villain@odd=0.688 villain@even=0.469 GAP=+0.219 ema=+0.230 groupstd=0.441 rate=0.578 27s/step eta 95.4m
[00:44:51 +3:08:56] [hb] GRPO still running (3:08:00) | step 288/500 GAP=+0.230
[00:45:12 +3:09:16] grade: 64/64 (100%) 18.7/s eta 0.0m
[00:45:12 +3:09:16] grade: done — 64 samples in 3.4s | stall summary {'n': 1, 'stalls': 0, 'median_secs': 3.4235022400007438, 'max_secs': 3.4235022400007438, 'total_secs': 3.4235022400007438}
[00:45:18 +3:09:23] step 289/500 reward=+0.250 villain@odd=0.625 villain@even=0.375 GAP=+0.250 ema=+0.234 groupstd=0.450 rate=0.500 29s/step eta 103.3m
[00:45:21 +3:09:26] [hb] GRPO still running (3:08:30) | step 289/500 GAP=+0.234
[00:45:38 +3:09:43] grade: 64/64 (100%) 18.5/s eta 0.0m
[00:45:38 +3:09:43] grade: done — 64 samples in 3.5s | stall summary {'n': 1, 'stalls': 0, 'median_secs': 3.4670863609990192, 'max_secs': 3.4670863609990192, 'total_secs': 3.4670863609990192}
[00:45:45 +3:09:50] step 290/500 reward=+0.094 villain@odd=0.438 villain@even=0.344 GAP=+0.094 ema=+0.206 groupstd=0.504 rate=0.391 27s/step eta 95.0m
[00:45:51 +3:09:56] [hb] GRPO still running (3:09:00) | step 290/500 GAP=+0.206
[00:46:08 +3:10:13] grade: 64/64 (100%) 18.5/s eta 0.0m
[00:46:08 +3:10:13] grade: done — 64 samples in 3.5s | stall summary {'n': 1, 'stalls': 0, 'median_secs': 3.4515038910012663, 'max_secs': 3.4515038910012663, 'total_secs': 3.4515038910012663}
[00:46:15 +3:10:19] step 291/500 reward=+0.250 villain@odd=0.438 villain@even=0.188 GAP=+0.250 ema=+0.215 groupstd=0.233 rate=0.312 29s/step eta 102.6m
[00:46:21 +3:10:26] [hb] GRPO still running (3:09:30) | step 291/500 GAP=+0.215
[00:46:37 +3:10:42] grade: 64/64 (100%) 15.3/s eta 0.0m
[00:46:37 +3:10:42] grade: done — 64 samples in 4.2s | stall summary {'n': 1, 'stalls': 0, 'median_secs': 4.176025605000177, 'max_secs': 4.176025605000177, 'total_secs': 4.176025605000177}
[00:46:44 +3:10:49] step 292/500 reward=-0.031 villain@odd=0.531 villain@even=0.562 GAP=-0.031 ema=+0.165 groupstd=0.583 rate=0.547 29s/step eta 101.6m
[00:46:51 +3:10:56] [hb] GRPO still running (3:10:00) | step 292/500 GAP=+0.165
[00:47:06 +3:11:11] grade: 64/64 (100%) 17.0/s eta 0.0m
[00:47:06 +3:11:11] grade: done — 64 samples in 3.8s | stall summary {'n': 1, 'stalls': 0, 'median_secs': 3.759700729000542, 'max_secs': 3.759700729000542, 'total_secs': 3.759700729000542}
[00:47:12 +3:11:17] step 293/500 reward=+0.500 villain@odd=0.656 villain@even=0.156 GAP=+0.500 ema=+0.232 groupstd=0.558 rate=0.406 28s/step eta 98.0m
[00:47:21 +3:11:26] [hb] GRPO still running (3:10:30) | step 293/500 GAP=+0.232
[00:47:37 +3:11:42] grade: 64/64 (100%) 18.3/s eta 0.0m
[00:47:37 +3:11:42] grade: done — 64 samples in 3.5s | stall summary {'n': 1, 'stalls': 0, 'median_secs': 3.502998504000061, 'max_secs': 3.502998504000061, 'total_secs': 3.502998504000061}
[00:47:43 +3:11:48] step 294/500 reward=+0.250 villain@odd=0.531 villain@even=0.281 GAP=+0.250 ema=+0.236 groupstd=0.450 rate=0.406 31s/step eta 105.7m
[00:47:51 +3:11:56] [hb] GRPO still running (3:11:00) | step 294/500 GAP=+0.236
[00:48:05 +3:12:10] grade: 64/64 (100%) 34.2/s eta 0.0m
[00:48:05 +3:12:10] grade: done — 64 samples in 1.9s | stall summary {'n': 1, 'stalls': 0, 'median_secs': 1.8727194590010185, 'max_secs': 1.8727194590010185, 'total_secs': 1.8727194590010185}
[00:48:11 +3:12:16] step 295/500 reward=-0.031 villain@odd=0.469 villain@even=0.500 GAP=-0.031 ema=+0.182 groupstd=0.396 rate=0.484 28s/step eta 96.8m
[00:48:21 +3:12:26] [hb] GRPO still running (3:11:30) | step 295/500 GAP=+0.182
[00:48:36 +3:12:41] grade: 64/64 (100%) 14.1/s eta 0.0m
[00:48:36 +3:12:41] grade: done — 64 samples in 4.5s | stall summary {'n': 1, 'stalls': 0, 'median_secs': 4.530333683000208, 'max_secs': 4.530333683000208, 'total_secs': 4.530333683000208}
[00:48:42 +3:12:47] step 296/500 reward=+0.188 villain@odd=0.531 villain@even=0.344 GAP=+0.188 ema=+0.183 groupstd=0.575 rate=0.438 31s/step eta 104.3m
[00:48:51 +3:12:56] [hb] GRPO still running (3:12:00) | step 296/500 GAP=+0.183
[00:49:07 +3:13:12] grade: 64/64 (100%) 12.9/s eta 0.0m
[00:49:07 +3:13:12] grade: done — 64 samples in 5.0s | stall summary {'n': 1, 'stalls': 0, 'median_secs': 4.97684635800033, 'max_secs': 4.97684635800033, 'total_secs': 4.97684635800033}
[00:49:13 +3:13:18] step 297/500 reward=+0.000 villain@odd=0.625 villain@even=0.625 GAP=+0.000 ema=+0.147 groupstd=0.342 rate=0.625 31s/step eta 105.8m
[00:49:21 +3:13:26] [hb] GRPO still running (3:12:30) | step 297/500 GAP=+0.147
[00:49:51 +3:13:56] [hb] GRPO still running (3:13:00) | step 297/500 GAP=+0.147
[00:49:59 +3:14:04] grade: 64/64 (100%) 9.8/s eta 0.0m
[00:49:59 +3:14:04] grade: done — 64 samples in 6.5s | stall summary {'n': 1, 'stalls': 0, 'median_secs': 6.544380044000718, 'max_secs': 6.544380044000718, 'total_secs': 6.544380044000718}
[00:50:06 +3:14:10] step 298/500 reward=+0.500 villain@odd=0.719 villain@even=0.219 GAP=+0.500 ema=+0.217 groupstd=0.387 rate=0.469 52s/step eta 176.0m
[00:50:21 +3:14:26] [hb] GRPO still running (3:13:30) | step 298/500 GAP=+0.217
[00:50:28 +3:14:32] grade: 64/64 (100%) 31.3/s eta 0.0m
[00:50:28 +3:14:32] grade: done — 64 samples in 2.0s | stall summary {'n': 1, 'stalls': 0, 'median_secs': 2.0478723279993574, 'max_secs': 2.0478723279993574, 'total_secs': 2.0478723279993574}
[00:50:34 +3:14:39] step 299/500 reward=+0.062 villain@odd=0.438 villain@even=0.375 GAP=+0.062 ema=+0.186 groupstd=0.450 rate=0.406 28s/step eta 94.0m
[00:50:51 +3:14:56] [hb] GRPO still running (3:14:00) | step 299/500 GAP=+0.186
[00:50:58 +3:15:03] grade: 64/64 (100%) 12.9/s eta 0.0m
[00:50:58 +3:15:03] grade: done — 64 samples in 5.0s | stall summary {'n': 1, 'stalls': 0, 'median_secs': 4.975968607999675, 'max_secs': 4.975968607999675, 'total_secs': 4.975968607999675}
[00:51:05 +3:15:09] step 300/500 reward=+0.562 villain@odd=0.781 villain@even=0.219 GAP=+0.562 ema=+0.262 groupstd=0.233 rate=0.500 31s/step eta 103.0m
[00:51:05 +3:15:09] === BEGIN eval @ step 300 ===
[00:51:21 +3:15:26] [hb] GRPO still running (3:14:30) | step 300/500 GAP=+0.262
[00:51:24 +3:15:29] eval[mid]: 32/40 (80%) 1.9/s eta 0.1m
[00:51:33 +3:15:38] eval[mid]: 40/40 (100%) 1.6/s eta 0.0m
[00:51:33 +3:15:38] eval[mid]: done — 40 samples in 25.5s | stall summary {'n': 2, 'stalls': 0, 'median_secs': 12.747734285499973, 'max_secs': 16.778719374999127, 'total_secs': 25.495468570999947}
[00:51:35 +3:15:39] [hb] eval @ step 300 still running (0:00:30)
[00:51:51 +3:15:56] [hb] GRPO still running (3:15:00) | step 300/500 GAP=+0.262
[00:51:53 +3:15:58] grade: 40/40 (100%) 2.0/s eta 0.0m
[00:51:53 +3:15:58] grade: done — 40 samples in 19.8s | stall summary {'n': 1, 'stalls': 0, 'median_secs': 19.810093996999058, 'max_secs': 19.810093996999058, 'total_secs': 19.810093996999058}
[00:51:53 +3:15:58]   EVAL[mid] step 300: villain@odd=0.550 villain@even=0.500 GAP=+0.050 (n=40, held-out problems)
[00:51:53 +3:15:58] === END eval @ step 300 (0:00:48) ===
[00:51:57 +3:16:02] checkpoint @step 300: tinker://15b8bf9c-b744-5360-8b66-b8700fa51c60:train:0/weights/mrl2b-s300
[00:52:21 +3:16:26] [hb] GRPO still running (3:15:30) | step 300/500 GAP=+0.262
[00:52:23 +3:16:28] grade: 64/64 (100%) 30.6/s eta 0.0m
[00:52:23 +3:16:28] grade: done — 64 samples in 2.1s | stall summary {'n': 1, 'stalls': 0, 'median_secs': 2.09394825399977, 'max_secs': 2.09394825399977, 'total_secs': 2.09394825399977}
[00:52:30 +3:16:35] step 301/500 reward=+0.188 villain@odd=0.688 villain@even=0.500 GAP=+0.188 ema=+0.247 groupstd=0.342 rate=0.594 33s/step eta 108.2m
[00:52:51 +3:16:56] [hb] GRPO still running (3:16:00) | step 301/500 GAP=+0.247
[00:52:52 +3:16:57] grade: 64/64 (100%) 29.3/s eta 0.0m
[00:52:52 +3:16:57] grade: done — 64 samples in 2.2s | stall summary {'n': 1, 'stalls': 0, 'median_secs': 2.1809149519995117, 'max_secs': 2.1809149519995117, 'total_secs': 2.1809149519995117}
[00:53:21 +3:17:26] [hb] GRPO still running (3:16:30) | step 301/500 GAP=+0.247
[00:53:21 +3:17:26] step 302/500 reward=+0.406 villain@odd=0.625 villain@even=0.219 GAP=+0.406 ema=+0.279 groupstd=0.629 rate=0.422 51s/step eta 169.0m
[00:53:51 +3:17:56] [hb] GRPO still running (3:17:00) | step 302/500 GAP=+0.279
[00:53:56 +3:18:00] grade: 64/64 (100%) 34.1/s eta 0.0m
[00:53:56 +3:18:00] grade: done — 64 samples in 1.9s | stall summary {'n': 1, 'stalls': 0, 'median_secs': 1.8794650039999397, 'max_secs': 1.8794650039999397, 'total_secs': 1.8794650039999397}
[00:54:10 +3:18:15] step 303/500 reward=+0.375 villain@odd=0.875 villain@even=0.500 GAP=+0.375 ema=+0.298 groupstd=0.450 rate=0.688 49s/step eta 160.1m
[00:54:21 +3:18:26] [hb] GRPO still running (3:17:30) | step 303/500 GAP=+0.298
[00:54:35 +3:18:40] grade: 64/64 (100%) 11.6/s eta 0.0m
[00:54:35 +3:18:40] grade: done — 64 samples in 5.5s | stall summary {'n': 1, 'stalls': 0, 'median_secs': 5.5379061969997565, 'max_secs': 5.5379061969997565, 'total_secs': 5.5379061969997565}
[00:54:42 +3:18:47] step 304/500 reward=+0.000 villain@odd=0.531 villain@even=0.531 GAP=+0.000 ema=+0.238 groupstd=0.496 rate=0.531 32s/step eta 103.9m
[00:54:51 +3:18:56] [hb] GRPO still running (3:18:00) | step 304/500 GAP=+0.238
[00:55:09 +3:19:14] grade: 64/64 (100%) 9.6/s eta 0.0m
[00:55:09 +3:19:14] grade: done — 64 samples in 6.7s | stall summary {'n': 1, 'stalls': 0, 'median_secs': 6.670704960999501, 'max_secs': 6.670704960999501, 'total_secs': 6.670704960999501}
[00:55:15 +3:19:20] step 305/500 reward=+0.656 villain@odd=0.719 villain@even=0.062 GAP=+0.656 ema=+0.322 groupstd=0.287 rate=0.391 33s/step eta 108.2m
[00:55:21 +3:19:26] [hb] GRPO still running (3:18:30) | step 305/500 GAP=+0.322
[00:55:35 +3:19:40] grade: 64/64 (100%) 19.8/s eta 0.0m
[00:55:35 +3:19:40] grade: done — 64 samples in 3.2s | stall summary {'n': 1, 'stalls': 0, 'median_secs': 3.2357992969991756, 'max_secs': 3.2357992969991756, 'total_secs': 3.2357992969991756}
[00:55:42 +3:19:46] step 306/500 reward=+0.375 villain@odd=0.781 villain@even=0.406 GAP=+0.375 ema=+0.333 groupstd=0.450 rate=0.594 26s/step eta 85.6m
[00:55:51 +3:19:56] [hb] GRPO still running (3:19:00) | step 306/500 GAP=+0.333
[00:56:06 +3:20:10] grade: 64/64 (100%) 15.2/s eta 0.0m
[00:56:06 +3:20:10] grade: done — 64 samples in 4.2s | stall summary {'n': 1, 'stalls': 0, 'median_secs': 4.21339055000135, 'max_secs': 4.21339055000135, 'total_secs': 4.21339055000135}
[00:56:21 +3:20:26] [hb] GRPO still running (3:19:30) | step 306/500 GAP=+0.333
[00:56:22 +3:20:27] step 307/500 reward=+0.281 villain@odd=0.750 villain@even=0.469 GAP=+0.281 ema=+0.322 groupstd=0.271 rate=0.609 41s/step eta 130.9m
[00:56:51 +3:20:56] [hb] GRPO still running (3:20:00) | step 307/500 GAP=+0.322
[00:56:59 +3:21:04] grade: 64/64 (100%) 11.6/s eta 0.0m
[00:56:59 +3:21:04] grade: done — 64 samples in 5.5s | stall summary {'n': 1, 'stalls': 0, 'median_secs': 5.51772595500006, 'max_secs': 5.51772595500006, 'total_secs': 5.51772595500006}
[00:57:10 +3:21:14] step 308/500 reward=+0.094 villain@odd=0.594 villain@even=0.500 GAP=+0.094 ema=+0.277 groupstd=0.225 rate=0.547 47s/step eta 151.3m
[00:57:21 +3:21:26] [hb] GRPO still running (3:20:30) | step 308/500 GAP=+0.277
[00:57:33 +3:21:38] grade: 64/64 (100%) 11.5/s eta 0.0m
[00:57:33 +3:21:38] grade: done — 64 samples in 5.6s | stall summary {'n': 1, 'stalls': 0, 'median_secs': 5.550186001000839, 'max_secs': 5.550186001000839, 'total_secs': 5.550186001000839}
[00:57:40 +3:21:45] step 309/500 reward=+0.469 villain@odd=0.656 villain@even=0.188 GAP=+0.469 ema=+0.315 groupstd=0.396 rate=0.422 31s/step eta 97.3m
[00:57:51 +3:21:56] [hb] GRPO still running (3:21:00) | step 309/500 GAP=+0.315
[00:58:05 +3:22:10] grade: 64/64 (100%) 9.6/s eta 0.0m
[00:58:05 +3:22:10] grade: done — 64 samples in 6.6s | stall summary {'n': 1, 'stalls': 0, 'median_secs': 6.64120461299899, 'max_secs': 6.64120461299899, 'total_secs': 6.64120461299899}
[00:58:12 +3:22:17] step 310/500 reward=+0.156 villain@odd=0.406 villain@even=0.250 GAP=+0.156 ema=+0.283 groupstd=0.333 rate=0.328 32s/step eta 100.7m
[00:58:21 +3:22:26] [hb] GRPO still running (3:21:30) | step 310/500 GAP=+0.283
[00:58:36 +3:22:41] grade: 64/64 (100%) 28.1/s eta 0.0m
[00:58:36 +3:22:41] grade: done — 64 samples in 2.3s | stall summary {'n': 1, 'stalls': 0, 'median_secs': 2.27490286200009, 'max_secs': 2.27490286200009, 'total_secs': 2.27490286200009}
[00:58:42 +3:22:47] step 311/500 reward=+0.000 villain@odd=0.469 villain@even=0.469 GAP=+0.000 ema=+0.227 groupstd=0.558 rate=0.469 30s/step eta 96.0m
[00:58:51 +3:22:56] [hb] GRPO still running (3:22:00) | step 311/500 GAP=+0.227
[00:59:06 +3:23:11] grade: 64/64 (100%) 34.1/s eta 0.0m
[00:59:06 +3:23:11] grade: done — 64 samples in 1.9s | stall summary {'n': 1, 'stalls': 0, 'median_secs': 1.874718346998634, 'max_secs': 1.874718346998634, 'total_secs': 1.874718346998634}
[00:59:12 +3:23:17] step 312/500 reward=+0.531 villain@odd=0.781 villain@even=0.250 GAP=+0.531 ema=+0.288 groupstd=0.521 rate=0.516 30s/step eta 92.8m
[00:59:21 +3:23:26] [hb] GRPO still running (3:22:30) | step 312/500 GAP=+0.288
[00:59:35 +3:23:40] grade: 64/64 (100%) 12.7/s eta 0.0m
[00:59:35 +3:23:40] grade: done — 64 samples in 5.0s | stall summary {'n': 1, 'stalls': 0, 'median_secs': 5.041286289999334, 'max_secs': 5.041286289999334, 'total_secs': 5.041286289999334}
[00:59:42 +3:23:47] step 313/500 reward=+0.219 villain@odd=0.438 villain@even=0.219 GAP=+0.219 ema=+0.274 groupstd=0.550 rate=0.328 30s/step eta 94.1m
[00:59:51 +3:23:56] [hb] GRPO still running (3:23:00) | step 313/500 GAP=+0.274
[01:00:01 +3:24:06] grade: 64/64 (100%) 33.7/s eta 0.0m
[01:00:01 +3:24:06] grade: done — 64 samples in 1.9s | stall summary {'n': 1, 'stalls': 0, 'median_secs': 1.8968323539993435, 'max_secs': 1.8968323539993435, 'total_secs': 1.8968323539993435}
[01:00:07 +3:24:12] step 314/500 reward=+0.250 villain@odd=0.531 villain@even=0.281 GAP=+0.250 ema=+0.269 groupstd=0.342 rate=0.406 25s/step eta 77.3m
[01:00:21 +3:24:26] [hb] GRPO still running (3:23:30) | step 314/500 GAP=+0.269
[01:00:32 +3:24:37] grade: 64/64 (100%) 16.8/s eta 0.0m
[01:00:32 +3:24:37] grade: done — 64 samples in 3.8s | stall summary {'n': 1, 'stalls': 0, 'median_secs': 3.8176438069986034, 'max_secs': 3.8176438069986034, 'total_secs': 3.8176438069986034}
[01:00:38 +3:24:43] step 315/500 reward=+0.219 villain@odd=0.281 villain@even=0.062 GAP=+0.219 ema=+0.259 groupstd=0.379 rate=0.172 31s/step eta 96.6m
[01:00:51 +3:24:56] [hb] GRPO still running (3:24:00) | step 315/500 GAP=+0.259
[01:00:58 +3:25:03] grade: 64/64 (100%) 33.9/s eta 0.0m
[01:00:58 +3:25:03] grade: done — 64 samples in 1.9s | stall summary {'n': 1, 'stalls': 0, 'median_secs': 1.890614767000443, 'max_secs': 1.890614767000443, 'total_secs': 1.890614767000443}
[01:01:05 +3:25:10] step 316/500 reward=+0.156 villain@odd=0.469 villain@even=0.312 GAP=+0.156 ema=+0.238 groupstd=0.396 rate=0.391 26s/step eta 80.6m
[01:01:21 +3:25:26] [hb] GRPO still running (3:24:30) | step 316/500 GAP=+0.238
[01:01:24 +3:25:29] grade: 64/64 (100%) 28.0/s eta 0.0m
[01:01:24 +3:25:29] grade: done — 64 samples in 2.3s | stall summary {'n': 1, 'stalls': 0, 'median_secs': 2.2886199730000953, 'max_secs': 2.2886199730000953, 'total_secs': 2.2886199730000953}
[01:01:30 +3:25:35] step 317/500 reward=+0.719 villain@odd=0.844 villain@even=0.125 GAP=+0.719 ema=+0.334 groupstd=0.333 rate=0.484 25s/step eta 77.7m
[01:01:51 +3:25:56] [hb] GRPO still running (3:25:00) | step 317/500 GAP=+0.334
[01:01:53 +3:25:57] grade: 64/64 (100%) 17.1/s eta 0.0m
[01:01:53 +3:25:57] grade: done — 64 samples in 3.7s | stall summary {'n': 1, 'stalls': 0, 'median_secs': 3.7463516799998615, 'max_secs': 3.7463516799998615, 'total_secs': 3.7463516799998615}
[01:01:59 +3:26:04] step 318/500 reward=+0.375 villain@odd=0.594 villain@even=0.219 GAP=+0.375 ema=+0.343 groupstd=0.387 rate=0.406 29s/step eta 87.5m
[01:02:21 +3:26:26] [hb] GRPO still running (3:25:30) | step 318/500 GAP=+0.343
[01:02:22 +3:26:27] grade: 64/64 (100%) 14.4/s eta 0.0m
[01:02:22 +3:26:27] grade: done — 64 samples in 4.5s | stall summary {'n': 1, 'stalls': 0, 'median_secs': 4.457525824000186, 'max_secs': 4.457525824000186, 'total_secs': 4.457525824000186}
[01:02:28 +3:26:33] step 319/500 reward=-0.188 villain@odd=0.219 villain@even=0.406 GAP=-0.188 ema=+0.237 groupstd=0.342 rate=0.312 29s/step eta 87.8m
[01:02:51 +3:26:56] [hb] GRPO still running (3:26:00) | step 319/500 GAP=+0.237
[01:02:57 +3:27:02] grade: 64/64 (100%) 5.8/s eta 0.0m
[01:02:57 +3:27:02] grade: done — 64 samples in 11.0s | stall summary {'n': 1, 'stalls': 0, 'median_secs': 11.03246657100135, 'max_secs': 11.03246657100135, 'total_secs': 11.03246657100135}
[01:03:04 +3:27:09] step 320/500 reward=+0.406 villain@odd=0.688 villain@even=0.281 GAP=+0.406 ema=+0.271 groupstd=0.458 rate=0.484 36s/step eta 106.9m
[01:03:21 +3:27:26] [hb] GRPO still running (3:26:30) | step 320/500 GAP=+0.271
[01:03:31 +3:27:35] grade: 64/64 (100%) 9.0/s eta 0.0m
[01:03:31 +3:27:35] grade: done — 64 samples in 7.1s | stall summary {'n': 1, 'stalls': 0, 'median_secs': 7.1450963170009345, 'max_secs': 7.1450963170009345, 'total_secs': 7.1450963170009345}
[01:03:37 +3:27:41] step 321/500 reward=+0.562 villain@odd=0.812 villain@even=0.250 GAP=+0.562 ema=+0.329 groupstd=0.512 rate=0.531 33s/step eta 98.2m
[01:03:51 +3:27:56] [hb] GRPO still running (3:27:00) | step 321/500 GAP=+0.329
[01:03:59 +3:28:04] grade: 64/64 (100%) 22.0/s eta 0.0m
[01:03:59 +3:28:04] grade: done — 64 samples in 2.9s | stall summary {'n': 1, 'stalls': 0, 'median_secs': 2.9037721950007835, 'max_secs': 2.9037721950007835, 'total_secs': 2.9037721950007835}
[01:04:06 +3:28:10] step 322/500 reward=+0.031 villain@odd=0.625 villain@even=0.594 GAP=+0.031 ema=+0.269 groupstd=0.396 rate=0.609 29s/step eta 85.6m
[01:04:21 +3:28:26] [hb] GRPO still running (3:27:30) | step 322/500 GAP=+0.269
[01:04:28 +3:28:33] grade: 64/64 (100%) 15.4/s eta 0.0m
[01:04:28 +3:28:33] grade: done — 64 samples in 4.2s | stall summary {'n': 1, 'stalls': 0, 'median_secs': 4.150894461999997, 'max_secs': 4.150894461999997, 'total_secs': 4.150894461999997}
[01:04:34 +3:28:39] step 323/500 reward=+0.531 villain@odd=0.750 villain@even=0.219 GAP=+0.531 ema=+0.322 groupstd=0.333 rate=0.484 28s/step eta 84.0m
[01:04:51 +3:28:56] [hb] GRPO still running (3:28:00) | step 323/500 GAP=+0.322
[01:04:55 +3:28:59] grade: 64/64 (100%) 28.9/s eta 0.0m
[01:04:55 +3:28:59] grade: done — 64 samples in 2.2s | stall summary {'n': 1, 'stalls': 0, 'median_secs': 2.2149513979984476, 'max_secs': 2.2149513979984476, 'total_secs': 2.2149513979984476}
[01:05:01 +3:29:06] step 324/500 reward=+0.250 villain@odd=0.750 villain@even=0.500 GAP=+0.250 ema=+0.307 groupstd=0.421 rate=0.625 27s/step eta 79.9m
[01:05:21 +3:29:26] [hb] GRPO still running (3:28:30) | step 324/500 GAP=+0.307
[01:05:25 +3:29:29] grade: 64/64 (100%) 18.4/s eta 0.0m
[01:05:25 +3:29:29] grade: done — 64 samples in 3.5s | stall summary {'n': 1, 'stalls': 0, 'median_secs': 3.4873592849999113, 'max_secs': 3.4873592849999113, 'total_secs': 3.4873592849999113}
[01:05:31 +3:29:36] step 325/500 reward=+0.438 villain@odd=0.812 villain@even=0.375 GAP=+0.438 ema=+0.333 groupstd=0.325 rate=0.594 30s/step eta 86.7m
[01:05:31 +3:29:36] === BEGIN eval @ step 325 ===
[01:05:44 +3:29:48] eval[mid]: 32/40 (80%) 3.3/s eta 0.0m
[01:05:51 +3:29:56] [hb] GRPO still running (3:29:00) | step 325/500 GAP=+0.333
[01:05:52 +3:29:57] eval[mid]: 40/40 (100%) 2.2/s eta 0.0m
[01:05:52 +3:29:57] eval[mid]: done — 40 samples in 17.8s | stall summary {'n': 2, 'stalls': 0, 'median_secs': 8.916556301000128, 'max_secs': 9.683880135000436, 'total_secs': 17.833112602000256}
[01:05:58 +3:30:02] grade: 40/40 (100%) 7.0/s eta 0.0m
[01:05:58 +3:30:02] grade: done — 40 samples in 5.7s | stall summary {'n': 1, 'stalls': 0, 'median_secs': 5.722723315000621, 'max_secs': 5.722723315000621, 'total_secs': 5.722723315000621}
[01:05:58 +3:30:02]   EVAL[mid] step 325: villain@odd=0.500 villain@even=0.500 GAP=+0.000 (n=40, held-out problems)
[01:05:58 +3:30:02] === END eval @ step 325 (0:00:26) ===
[01:06:02 +3:30:07] checkpoint @step 325: tinker://15b8bf9c-b744-5360-8b66-b8700fa51c60:train:0/weights/mrl2b-s325
[01:06:21 +3:30:26] [hb] GRPO still running (3:29:30) | step 325/500 GAP=+0.333
[01:06:23 +3:30:28] grade: 64/64 (100%) 13.9/s eta 0.0m
[01:06:23 +3:30:28] grade: done — 64 samples in 4.6s | stall summary {'n': 1, 'stalls': 0, 'median_secs': 4.615344081999865, 'max_secs': 4.615344081999865, 'total_secs': 4.615344081999865}
[01:06:30 +3:30:34] step 326/500 reward=+0.312 villain@odd=0.625 villain@even=0.312 GAP=+0.312 ema=+0.329 groupstd=0.233 rate=0.469 28s/step eta 81.0m
[01:06:51 +3:30:56] [hb] GRPO still running (3:30:00) | step 326/500 GAP=+0.329
[01:06:52 +3:30:56] grade: 64/64 (100%) 18.4/s eta 0.0m
[01:06:52 +3:30:56] grade: done — 64 samples in 3.5s | stall summary {'n': 1, 'stalls': 0, 'median_secs': 3.482103324000491, 'max_secs': 3.482103324000491, 'total_secs': 3.482103324000491}
[01:06:58 +3:31:03] step 327/500 reward=-0.062 villain@odd=0.500 villain@even=0.562 GAP=-0.062 ema=+0.251 groupstd=0.279 rate=0.531 28s/step eta 81.4m
[01:07:21 +3:31:26] [hb] GRPO still running (3:30:30) | step 327/500 GAP=+0.251
[01:07:22 +3:31:27] grade: 64/64 (100%) 12.7/s eta 0.0m
[01:07:22 +3:31:27] grade: done — 64 samples in 5.0s | stall summary {'n': 1, 'stalls': 0, 'median_secs': 5.035731722000492, 'max_secs': 5.035731722000492, 'total_secs': 5.035731722000492}
[01:07:29 +3:31:34] step 328/500 reward=+0.438 villain@odd=0.844 villain@even=0.406 GAP=+0.438 ema=+0.288 groupstd=0.387 rate=0.625 31s/step eta 89.2m
[01:07:51 +3:31:56] [hb] GRPO still running (3:31:00) | step 328/500 GAP=+0.288
[01:07:55 +3:32:00] grade: 64/64 (100%) 14.1/s eta 0.0m
[01:07:55 +3:32:00] grade: done — 64 samples in 4.5s | stall summary {'n': 1, 'stalls': 0, 'median_secs': 4.546856462000505, 'max_secs': 4.546856462000505, 'total_secs': 4.546856462000505}
[01:08:01 +3:32:06] step 329/500 reward=+0.469 villain@odd=0.812 villain@even=0.344 GAP=+0.469 ema=+0.324 groupstd=0.504 rate=0.578 32s/step eta 91.5m
[01:08:21 +3:32:26] [hb] GRPO still running (3:31:30) | step 329/500 GAP=+0.324
[01:08:23 +3:32:28] grade: 64/64 (100%) 33.9/s eta 0.0m
[01:08:23 +3:32:28] grade: done — 64 samples in 1.9s | stall summary {'n': 1, 'stalls': 0, 'median_secs': 1.8884282509989134, 'max_secs': 1.8884282509989134, 'total_secs': 1.8884282509989134}
[01:08:29 +3:32:34] step 330/500 reward=+0.188 villain@odd=0.562 villain@even=0.375 GAP=+0.188 ema=+0.297 groupstd=0.404 rate=0.469 28s/step eta 79.7m
[01:08:49 +3:32:53] grade: 64/64 (100%) 25.3/s eta 0.0m
[01:08:49 +3:32:53] grade: done — 64 samples in 2.5s | stall summary {'n': 1, 'stalls': 0, 'median_secs': 2.5272547820004547, 'max_secs': 2.5272547820004547, 'total_secs': 2.5272547820004547}
[01:08:51 +3:32:56] [hb] GRPO still running (3:32:00) | step 330/500 GAP=+0.297
[01:08:55 +3:33:00] step 331/500 reward=+0.312 villain@odd=0.531 villain@even=0.219 GAP=+0.312 ema=+0.300 groupstd=0.387 rate=0.375 26s/step eta 72.1m
[01:09:18 +3:33:23] grade: 64/64 (100%) 11.2/s eta 0.0m
[01:09:18 +3:33:23] grade: done — 64 samples in 5.7s | stall summary {'n': 1, 'stalls': 0, 'median_secs': 5.722738975999164, 'max_secs': 5.722738975999164, 'total_secs': 5.722738975999164}
[01:09:21 +3:33:26] [hb] GRPO still running (3:32:30) | step 331/500 GAP=+0.300
[01:09:51 +3:33:56] [hb] GRPO still running (3:33:00) | step 331/500 GAP=+0.300
[01:09:59 +3:34:04] step 332/500 reward=+0.031 villain@odd=0.375 villain@even=0.344 GAP=+0.031 ema=+0.246 groupstd=0.287 rate=0.359 64s/step eta 180.2m
[01:10:21 +3:34:26] [hb] GRPO still running (3:33:30) | step 332/500 GAP=+0.246
[01:10:37 +3:34:42] grade: 64/64 (100%) 11.8/s eta 0.0m
[01:10:37 +3:34:42] grade: done — 64 samples in 5.4s | stall summary {'n': 1, 'stalls': 0, 'median_secs': 5.410555332999138, 'max_secs': 5.410555332999138, 'total_secs': 5.410555332999138}
[01:10:51 +3:34:56] [hb] GRPO still running (3:34:00) | step 332/500 GAP=+0.246
[01:11:01 +3:35:06] step 333/500 reward=+0.188 villain@odd=0.594 villain@even=0.406 GAP=+0.188 ema=+0.235 groupstd=0.637 rate=0.500 62s/step eta 172.7m
[01:11:21 +3:35:26] [hb] GRPO still running (3:34:30) | step 333/500 GAP=+0.235
[01:11:21 +3:35:26] grade: 64/64 (100%) 34.8/s eta 0.0m
[01:11:21 +3:35:26] grade: done — 64 samples in 1.8s | stall summary {'n': 1, 'stalls': 0, 'median_secs': 1.8397830560006696, 'max_secs': 1.8397830560006696, 'total_secs': 1.8397830560006696}
[01:11:28 +3:35:32] step 334/500 reward=+0.406 villain@odd=0.562 villain@even=0.156 GAP=+0.406 ema=+0.269 groupstd=0.441 rate=0.359 26s/step eta 72.8m
[01:11:49 +3:35:54] grade: 64/64 (100%) 22.2/s eta 0.0m
[01:11:49 +3:35:54] grade: done — 64 samples in 2.9s | stall summary {'n': 1, 'stalls': 0, 'median_secs': 2.8874379770004452, 'max_secs': 2.8874379770004452, 'total_secs': 2.8874379770004452}
[01:11:51 +3:35:56] [hb] GRPO still running (3:35:00) | step 334/500 GAP=+0.269
[01:11:55 +3:36:00] step 335/500 reward=+0.188 villain@odd=0.469 villain@even=0.281 GAP=+0.188 ema=+0.253 groupstd=0.387 rate=0.375 28s/step eta 75.8m
[01:12:21 +3:36:26] [hb] GRPO still running (3:35:30) | step 335/500 GAP=+0.253
[01:12:38 +3:36:43] grade: 64/64 (100%) 2.4/s eta 0.0m
[01:12:38 +3:36:43] grade: done — 64 samples in 26.3s | stall summary {'n': 1, 'stalls': 0, 'median_secs': 26.265471730999707, 'max_secs': 26.265471730999707, 'total_secs': 26.265471730999707}
[01:12:45 +3:36:49] step 336/500 reward=+0.312 villain@odd=0.562 villain@even=0.250 GAP=+0.312 ema=+0.265 groupstd=0.450 rate=0.406 49s/step eta 135.1m
[01:12:51 +3:36:56] [hb] GRPO still running (3:36:00) | step 336/500 GAP=+0.265
[01:13:07 +3:37:12] grade: 64/64 (100%) 16.5/s eta 0.0m
[01:13:07 +3:37:12] grade: done — 64 samples in 3.9s | stall summary {'n': 1, 'stalls': 0, 'median_secs': 3.868516313999862, 'max_secs': 3.868516313999862, 'total_secs': 3.868516313999862}
[01:13:13 +3:37:18] step 337/500 reward=+0.281 villain@odd=0.656 villain@even=0.375 GAP=+0.281 ema=+0.268 groupstd=0.350 rate=0.516 29s/step eta 77.6m
[01:13:21 +3:37:26] [hb] GRPO still running (3:36:30) | step 337/500 GAP=+0.268
[01:13:34 +3:37:38] grade: 64/64 (100%) 16.6/s eta 0.0m
[01:13:34 +3:37:38] grade: done — 64 samples in 3.9s | stall summary {'n': 1, 'stalls': 0, 'median_secs': 3.864122385999508, 'max_secs': 3.864122385999508, 'total_secs': 3.864122385999508}
[01:13:40 +3:37:45] step 338/500 reward=+0.469 villain@odd=0.781 villain@even=0.312 GAP=+0.469 ema=+0.308 groupstd=0.396 rate=0.547 27s/step eta 73.3m
[01:13:51 +3:37:56] [hb] GRPO still running (3:37:00) | step 338/500 GAP=+0.308
[01:13:59 +3:38:04] grade: 64/64 (100%) 31.0/s eta 0.0m
[01:13:59 +3:38:04] grade: done — 64 samples in 2.1s | stall summary {'n': 1, 'stalls': 0, 'median_secs': 2.062287938000736, 'max_secs': 2.062287938000736, 'total_secs': 2.062287938000736}
[01:14:06 +3:38:11] step 339/500 reward=+0.312 villain@odd=0.719 villain@even=0.406 GAP=+0.312 ema=+0.309 groupstd=0.171 rate=0.562 26s/step eta 69.1m
[01:14:21 +3:38:26] [hb] GRPO still running (3:37:30) | step 339/500 GAP=+0.309
[01:14:26 +3:38:31] grade: 64/64 (100%) 31.9/s eta 0.0m
[01:14:26 +3:38:31] grade: done — 64 samples in 2.0s | stall summary {'n': 1, 'stalls': 0, 'median_secs': 2.009389793000082, 'max_secs': 2.009389793000082, 'total_secs': 2.009389793000082}
[01:14:33 +3:38:38] step 340/500 reward=+0.125 villain@odd=0.500 villain@even=0.375 GAP=+0.125 ema=+0.272 groupstd=0.467 rate=0.438 27s/step eta 71.2m
[01:14:51 +3:38:56] [hb] GRPO still running (3:38:00) | step 340/500 GAP=+0.272
[01:14:52 +3:38:57] grade: 64/64 (100%) 25.9/s eta 0.0m
[01:14:52 +3:38:57] grade: done — 64 samples in 2.5s | stall summary {'n': 1, 'stalls': 0, 'median_secs': 2.472724946999733, 'max_secs': 2.472724946999733, 'total_secs': 2.472724946999733}
[01:14:59 +3:39:03] step 341/500 reward=+0.219 villain@odd=0.688 villain@even=0.469 GAP=+0.219 ema=+0.261 groupstd=0.333 rate=0.578 26s/step eta 68.2m
[01:15:21 +3:39:26] [hb] GRPO still running (3:38:30) | step 341/500 GAP=+0.261
[01:15:29 +3:39:34] grade: 64/64 (100%) 11.8/s eta 0.0m
[01:15:29 +3:39:34] grade: done — 64 samples in 5.4s | stall summary {'n': 1, 'stalls': 0, 'median_secs': 5.401461941000889, 'max_secs': 5.401461941000889, 'total_secs': 5.401461941000889}
[01:15:36 +3:39:41] step 342/500 reward=+0.312 villain@odd=0.812 villain@even=0.500 GAP=+0.312 ema=+0.272 groupstd=0.062 rate=0.656 37s/step eta 98.1m
[01:15:51 +3:39:56] [hb] GRPO still running (3:39:00) | step 342/500 GAP=+0.272
[01:15:56 +3:40:01] grade: 64/64 (100%) 24.2/s eta 0.0m
[01:15:56 +3:40:01] grade: done — 64 samples in 2.6s | stall summary {'n': 1, 'stalls': 0, 'median_secs': 2.6433580169996276, 'max_secs': 2.6433580169996276, 'total_secs': 2.6433580169996276}
[01:16:03 +3:40:08] step 343/500 reward=+0.344 villain@odd=0.875 villain@even=0.531 GAP=+0.344 ema=+0.286 groupstd=0.242 rate=0.703 27s/step eta 71.6m
[01:16:21 +3:40:26] [hb] GRPO still running (3:39:30) | step 343/500 GAP=+0.286
[01:16:25 +3:40:30] grade: 64/64 (100%) 30.9/s eta 0.0m
[01:16:25 +3:40:30] grade: done — 64 samples in 2.1s | stall summary {'n': 1, 'stalls': 0, 'median_secs': 2.072873413999332, 'max_secs': 2.072873413999332, 'total_secs': 2.072873413999332}
[01:16:31 +3:40:36] step 344/500 reward=+0.188 villain@odd=0.719 villain@even=0.531 GAP=+0.188 ema=+0.266 groupstd=0.342 rate=0.625 28s/step eta 72.7m
[01:16:51 +3:40:55] grade: 64/64 (100%) 16.6/s eta 0.0m
[01:16:51 +3:40:55] grade: done — 64 samples in 3.9s | stall summary {'n': 1, 'stalls': 0, 'median_secs': 3.8530606479998823, 'max_secs': 3.8530606479998823, 'total_secs': 3.8530606479998823}
[01:16:51 +3:40:56] [hb] GRPO still running (3:40:00) | step 344/500 GAP=+0.266
[01:16:57 +3:41:02] step 345/500 reward=+0.156 villain@odd=0.656 villain@even=0.500 GAP=+0.156 ema=+0.244 groupstd=0.287 rate=0.578 26s/step eta 68.2m
[01:17:17 +3:41:22] grade: 64/64 (100%) 24.2/s eta 0.0m
[01:17:17 +3:41:22] grade: done — 64 samples in 2.6s | stall summary {'n': 1, 'stalls': 0, 'median_secs': 2.6425422499996785, 'max_secs': 2.6425422499996785, 'total_secs': 2.6425422499996785}
[01:17:21 +3:41:26] [hb] GRPO still running (3:40:30) | step 345/500 GAP=+0.244
[01:17:23 +3:41:28] step 346/500 reward=+0.312 villain@odd=0.594 villain@even=0.281 GAP=+0.312 ema=+0.258 groupstd=0.387 rate=0.438 25s/step eta 65.4m
[01:17:44 +3:41:49] grade: 64/64 (100%) 18.6/s eta 0.0m
[01:17:44 +3:41:49] grade: done — 64 samples in 3.4s | stall summary {'n': 1, 'stalls': 0, 'median_secs': 3.4335310559999925, 'max_secs': 3.4335310559999925, 'total_secs': 3.4335310559999925}
[01:17:50 +3:41:55] step 347/500 reward=+0.250 villain@odd=0.375 villain@even=0.125 GAP=+0.250 ema=+0.256 groupstd=0.279 rate=0.250 27s/step eta 69.4m
[01:17:51 +3:41:56] [hb] GRPO still running (3:41:00) | step 347/500 GAP=+0.256
[01:18:14 +3:42:18] grade: 64/64 (100%) 9.7/s eta 0.0m
[01:18:14 +3:42:18] grade: done — 64 samples in 6.6s | stall summary {'n': 1, 'stalls': 0, 'median_secs': 6.625658411998302, 'max_secs': 6.625658411998302, 'total_secs': 6.625658411998302}
[01:18:21 +3:42:26] step 348/500 reward=+0.281 villain@odd=0.406 villain@even=0.125 GAP=+0.281 ema=+0.261 groupstd=0.350 rate=0.266 31s/step eta 77.5m
[01:18:21 +3:42:26] [hb] GRPO still running (3:41:30) | step 348/500 GAP=+0.261
[01:18:45 +3:42:49] grade: 64/64 (100%) 9.7/s eta 0.0m
[01:18:45 +3:42:49] grade: done — 64 samples in 6.6s | stall summary {'n': 1, 'stalls': 0, 'median_secs': 6.600322980999408, 'max_secs': 6.600322980999408, 'total_secs': 6.600322980999408}
[01:18:51 +3:42:56] [hb] GRPO still running (3:42:00) | step 348/500 GAP=+0.261
[01:18:51 +3:42:56] step 349/500 reward=+0.500 villain@odd=0.562 villain@even=0.062 GAP=+0.500 ema=+0.309 groupstd=0.404 rate=0.312 30s/step eta 76.2m
[01:19:12 +3:43:17] grade: 64/64 (100%) 13.9/s eta 0.0m
[01:19:12 +3:43:17] grade: done — 64 samples in 4.6s | stall summary {'n': 1, 'stalls': 0, 'median_secs': 4.605534533000537, 'max_secs': 4.605534533000537, 'total_secs': 4.605534533000537}
[01:19:18 +3:43:23] step 350/500 reward=+0.312 villain@odd=0.656 villain@even=0.344 GAP=+0.312 ema=+0.310 groupstd=0.279 rate=0.500 27s/step eta 68.6m
[01:19:18 +3:43:23] === BEGIN eval @ step 350 ===
[01:19:21 +3:43:26] [hb] GRPO still running (3:42:30) | step 350/500 GAP=+0.310
[01:19:33 +3:43:37] eval[mid]: 32/40 (80%) 2.8/s eta 0.0m
[01:19:38 +3:43:42] eval[mid]: 40/40 (100%) 2.4/s eta 0.0m
[01:19:38 +3:43:42] eval[mid]: done — 40 samples in 16.3s | stall summary {'n': 2, 'stalls': 0, 'median_secs': 8.17466763899938, 'max_secs': 11.418066704998637, 'total_secs': 16.34933527799876}
[01:19:42 +3:43:47] grade: 40/40 (100%) 8.1/s eta 0.0m
[01:19:42 +3:43:47] grade: done — 40 samples in 5.0s | stall summary {'n': 1, 'stalls': 0, 'median_secs': 4.959672282000611, 'max_secs': 4.959672282000611, 'total_secs': 4.959672282000611}
[01:19:42 +3:43:47]   EVAL[mid] step 350: villain@odd=0.350 villain@even=0.550 GAP=-0.200 (n=40, held-out problems)
[01:19:42 +3:43:47] === END eval @ step 350 (0:00:23) ===
[01:19:47 +3:43:52] checkpoint @step 350: tinker://15b8bf9c-b744-5360-8b66-b8700fa51c60:train:0/weights/mrl2b-s350
[01:19:51 +3:43:56] [hb] GRPO still running (3:43:00) | step 350/500 GAP=+0.310
[01:20:09 +3:44:14] grade: 64/64 (100%) 20.1/s eta 0.0m
[01:20:09 +3:44:14] grade: done — 64 samples in 3.2s | stall summary {'n': 1, 'stalls': 0, 'median_secs': 3.1789164660003735, 'max_secs': 3.1789164660003735, 'total_secs': 3.1789164660003735}
[01:20:16 +3:44:20] step 351/500 reward=+0.531 villain@odd=0.812 villain@even=0.281 GAP=+0.531 ema=+0.354 groupstd=0.379 rate=0.547 29s/step eta 71.5m
[01:20:21 +3:44:26] [hb] GRPO still running (3:43:30) | step 351/500 GAP=+0.354
[01:20:36 +3:44:41] grade: 64/64 (100%) 31.1/s eta 0.0m
[01:20:36 +3:44:41] grade: done — 64 samples in 2.1s | stall summary {'n': 1, 'stalls': 0, 'median_secs': 2.058871907000139, 'max_secs': 2.058871907000139, 'total_secs': 2.058871907000139}
[01:20:42 +3:44:47] step 352/500 reward=+0.094 villain@odd=0.562 villain@even=0.469 GAP=+0.094 ema=+0.302 groupstd=0.458 rate=0.516 27s/step eta 65.8m
[01:20:51 +3:44:56] [hb] GRPO still running (3:44:00) | step 352/500 GAP=+0.302
[01:21:02 +3:45:07] grade: 64/64 (100%) 33.9/s eta 0.0m
[01:21:02 +3:45:07] grade: done — 64 samples in 1.9s | stall summary {'n': 1, 'stalls': 0, 'median_secs': 1.8871226410010422, 'max_secs': 1.8871226410010422, 'total_secs': 1.8871226410010422}
[01:21:08 +3:45:13] step 353/500 reward=+0.625 villain@odd=0.844 villain@even=0.219 GAP=+0.625 ema=+0.367 groupstd=0.450 rate=0.531 26s/step eta 62.7m
[01:21:21 +3:45:26] [hb] GRPO still running (3:44:30) | step 353/500 GAP=+0.367
[01:21:31 +3:45:35] grade: 64/64 (100%) 16.6/s eta 0.0m
[01:21:31 +3:45:35] grade: done — 64 samples in 3.9s | stall summary {'n': 1, 'stalls': 0, 'median_secs': 3.8500887539994437, 'max_secs': 3.8500887539994437, 'total_secs': 3.8500887539994437}
[01:21:51 +3:45:56] [hb] GRPO still running (3:45:00) | step 353/500 GAP=+0.367
[01:21:53 +3:45:58] step 354/500 reward=+0.438 villain@odd=0.719 villain@even=0.281 GAP=+0.438 ema=+0.381 groupstd=0.279 rate=0.500 45s/step eta 109.5m
[01:22:14 +3:46:19] grade: 64/64 (100%) 21.6/s eta 0.0m
[01:22:14 +3:46:19] grade: done — 64 samples in 3.0s | stall summary {'n': 1, 'stalls': 0, 'median_secs': 2.965576348999093, 'max_secs': 2.965576348999093, 'total_secs': 2.965576348999093}
[01:22:20 +3:46:25] step 355/500 reward=+0.281 villain@odd=0.562 villain@even=0.281 GAP=+0.281 ema=+0.361 groupstd=0.458 rate=0.422 27s/step eta 66.0m
[01:22:21 +3:46:26] [hb] GRPO still running (3:45:30) | step 355/500 GAP=+0.361
[01:22:39 +3:46:44] grade: 64/64 (100%) 30.8/s eta 0.0m
[01:22:39 +3:46:44] grade: done — 64 samples in 2.1s | stall summary {'n': 1, 'stalls': 0, 'median_secs': 2.0805676940017293, 'max_secs': 2.0805676940017293, 'total_secs': 2.0805676940017293}
[01:22:45 +3:46:50] step 356/500 reward=+0.562 villain@odd=0.750 villain@even=0.188 GAP=+0.562 ema=+0.401 groupstd=0.171 rate=0.469 25s/step eta 60.6m
[01:22:51 +3:46:56] [hb] GRPO still running (3:46:00) | step 356/500 GAP=+0.401
[01:23:12 +3:47:17] grade: 64/64 (100%) 10.6/s eta 0.0m
[01:23:12 +3:47:17] grade: done — 64 samples in 6.0s | stall summary {'n': 1, 'stalls': 0, 'median_secs': 6.044018692999089, 'max_secs': 6.044018692999089, 'total_secs': 6.044018692999089}
[01:23:18 +3:47:23] step 357/500 reward=+0.281 villain@odd=0.625 villain@even=0.344 GAP=+0.281 ema=+0.377 groupstd=0.504 rate=0.484 33s/step eta 78.1m
[01:23:21 +3:47:26] [hb] GRPO still running (3:46:30) | step 357/500 GAP=+0.377
[01:23:40 +3:47:45] grade: 64/64 (100%) 34.1/s eta 0.0m
[01:23:40 +3:47:45] grade: done — 64 samples in 1.9s | stall summary {'n': 1, 'stalls': 0, 'median_secs': 1.8756992260005063, 'max_secs': 1.8756992260005063, 'total_secs': 1.8756992260005063}
[01:23:46 +3:47:51] step 358/500 reward=+0.438 villain@odd=0.594 villain@even=0.156 GAP=+0.438 ema=+0.389 groupstd=0.387 rate=0.375 28s/step eta 66.5m
[01:23:51 +3:47:56] [hb] GRPO still running (3:47:00) | step 358/500 GAP=+0.389
[01:24:05 +3:48:10] grade: 64/64 (100%) 31.9/s eta 0.0m
[01:24:05 +3:48:10] grade: done — 64 samples in 2.0s | stall summary {'n': 1, 'stalls': 0, 'median_secs': 2.0051856049994967, 'max_secs': 2.0051856049994967, 'total_secs': 2.0051856049994967}
[01:24:21 +3:48:26] [hb] GRPO still running (3:47:30) | step 358/500 GAP=+0.389
[01:24:32 +3:48:36] step 359/500 reward=+0.156 villain@odd=0.500 villain@even=0.344 GAP=+0.156 ema=+0.343 groupstd=0.333 rate=0.422 45s/step eta 106.9m
[01:24:51 +3:48:56] [hb] GRPO still running (3:48:00) | step 359/500 GAP=+0.343
[01:24:56 +3:49:01] grade: 64/64 (100%) 16.8/s eta 0.0m
[01:24:56 +3:49:01] grade: done — 64 samples in 3.8s | stall summary {'n': 1, 'stalls': 0, 'median_secs': 3.8030456639990007, 'max_secs': 3.8030456639990007, 'total_secs': 3.8030456639990007}
[01:25:03 +3:49:07] step 360/500 reward=+0.406 villain@odd=0.469 villain@even=0.062 GAP=+0.406 ema=+0.355 groupstd=0.117 rate=0.266 31s/step eta 71.8m
[01:25:21 +3:49:26] [hb] GRPO still running (3:48:30) | step 360/500 GAP=+0.355
[01:25:28 +3:49:33] grade: 64/64 (100%) 10.2/s eta 0.0m
[01:25:28 +3:49:33] grade: done — 64 samples in 6.3s | stall summary {'n': 1, 'stalls': 0, 'median_secs': 6.272955516000366, 'max_secs': 6.272955516000366, 'total_secs': 6.272955516000366}
[01:25:35 +3:49:40] step 361/500 reward=+0.312 villain@odd=0.500 villain@even=0.188 GAP=+0.312 ema=+0.347 groupstd=0.450 rate=0.344 32s/step eta 74.9m
[01:25:51 +3:49:56] [hb] GRPO still running (3:49:00) | step 361/500 GAP=+0.347
[01:25:56 +3:50:01] grade: 64/64 (100%) 31.5/s eta 0.0m
[01:25:56 +3:50:01] grade: done — 64 samples in 2.0s | stall summary {'n': 1, 'stalls': 0, 'median_secs': 2.0293825169992488, 'max_secs': 2.0293825169992488, 'total_secs': 2.0293825169992488}
[01:26:03 +3:50:08] step 362/500 reward=+0.000 villain@odd=0.125 villain@even=0.125 GAP=+0.000 ema=+0.277 groupstd=0.108 rate=0.125 28s/step eta 64.3m
[01:26:21 +3:50:26] [hb] GRPO still running (3:49:30) | step 362/500 GAP=+0.277
[01:26:26 +3:50:31] grade: 64/64 (100%) 9.8/s eta 0.0m
[01:26:26 +3:50:31] grade: done — 64 samples in 6.5s | stall summary {'n': 1, 'stalls': 0, 'median_secs': 6.540410745999907, 'max_secs': 6.540410745999907, 'total_secs': 6.540410745999907}
[01:26:33 +3:50:38] step 363/500 reward=+0.281 villain@odd=0.312 villain@even=0.031 GAP=+0.281 ema=+0.278 groupstd=0.271 rate=0.172 30s/step eta 69.0m
[01:26:51 +3:50:56] [hb] GRPO still running (3:50:00) | step 363/500 GAP=+0.278
[01:26:54 +3:50:59] grade: 64/64 (100%) 17.0/s eta 0.0m
[01:26:54 +3:50:59] grade: done — 64 samples in 3.8s | stall summary {'n': 1, 'stalls': 0, 'median_secs': 3.7734299929998087, 'max_secs': 3.7734299929998087, 'total_secs': 3.7734299929998087}
[01:27:01 +3:51:06] step 364/500 reward=+0.656 villain@odd=0.781 villain@even=0.125 GAP=+0.656 ema=+0.354 groupstd=0.054 rate=0.453 28s/step eta 63.0m
[01:27:21 +3:51:26] [hb] GRPO still running (3:50:30) | step 364/500 GAP=+0.354
[01:27:23 +3:51:28] grade: 64/64 (100%) 30.1/s eta 0.0m
[01:27:23 +3:51:28] grade: done — 64 samples in 2.1s | stall summary {'n': 1, 'stalls': 0, 'median_secs': 2.12501785799941, 'max_secs': 2.12501785799941, 'total_secs': 2.12501785799941}
[01:27:29 +3:51:34] step 365/500 reward=+0.500 villain@odd=0.875 villain@even=0.375 GAP=+0.500 ema=+0.383 groupstd=0.342 rate=0.625 29s/step eta 64.2m
[01:27:48 +3:51:53] grade: 64/64 (100%) 34.2/s eta 0.0m
[01:27:48 +3:51:53] grade: done — 64 samples in 1.9s | stall summary {'n': 1, 'stalls': 0, 'median_secs': 1.8738712190006481, 'max_secs': 1.8738712190006481, 'total_secs': 1.8738712190006481}
[01:27:51 +3:51:56] [hb] GRPO still running (3:51:00) | step 365/500 GAP=+0.383
[01:27:55 +3:51:59] step 366/500 reward=+0.688 villain@odd=0.844 villain@even=0.156 GAP=+0.688 ema=+0.444 groupstd=0.279 rate=0.500 25s/step eta 56.3m
[01:28:18 +3:52:23] grade: 64/64 (100%) 16.8/s eta 0.0m
[01:28:18 +3:52:23] grade: done — 64 samples in 3.8s | stall summary {'n': 1, 'stalls': 0, 'median_secs': 3.8170546269993793, 'max_secs': 3.8170546269993793, 'total_secs': 3.8170546269993793}
[01:28:21 +3:52:26] [hb] GRPO still running (3:51:30) | step 366/500 GAP=+0.444
[01:28:24 +3:52:29] step 367/500 reward=+0.719 villain@odd=0.844 villain@even=0.125 GAP=+0.719 ema=+0.499 groupstd=0.054 rate=0.484 30s/step eta 66.1m
[01:28:47 +3:52:52] grade: 64/64 (100%) 22.4/s eta 0.0m
[01:28:47 +3:52:52] grade: done — 64 samples in 2.9s | stall summary {'n': 1, 'stalls': 0, 'median_secs': 2.852250060001097, 'max_secs': 2.852250060001097, 'total_secs': 2.852250060001097}
[01:28:51 +3:52:56] [hb] GRPO still running (3:52:00) | step 367/500 GAP=+0.499
[01:29:16 +3:53:21] step 368/500 reward=+0.438 villain@odd=0.875 villain@even=0.438 GAP=+0.438 ema=+0.487 groupstd=0.279 rate=0.656 52s/step eta 113.4m
[01:29:21 +3:53:26] [hb] GRPO still running (3:52:30) | step 368/500 GAP=+0.487
[01:29:51 +3:53:56] [hb] GRPO still running (3:53:00) | step 368/500 GAP=+0.487
[01:29:53 +3:53:58] grade: 64/64 (100%) 15.5/s eta 0.0m
[01:29:53 +3:53:58] grade: done — 64 samples in 4.1s | stall summary {'n': 1, 'stalls': 0, 'median_secs': 4.138774391998595, 'max_secs': 4.138774391998595, 'total_secs': 4.138774391998595}
[01:29:59 +3:54:04] step 369/500 reward=+0.375 villain@odd=0.625 villain@even=0.250 GAP=+0.375 ema=+0.464 groupstd=0.296 rate=0.438 44s/step eta 95.2m
[01:30:20 +3:54:25] grade: 64/64 (100%) 15.3/s eta 0.0m
[01:30:20 +3:54:25] grade: done — 64 samples in 4.2s | stall summary {'n': 1, 'stalls': 0, 'median_secs': 4.176397630000793, 'max_secs': 4.176397630000793, 'total_secs': 4.176397630000793}
[01:30:21 +3:54:26] [hb] GRPO still running (3:53:30) | step 369/500 GAP=+0.464
[01:30:27 +3:54:31] step 370/500 reward=+0.719 villain@odd=0.906 villain@even=0.188 GAP=+0.719 ema=+0.515 groupstd=0.162 rate=0.547 27s/step eta 58.7m
[01:30:51 +3:54:56] [hb] GRPO still running (3:54:00) | step 370/500 GAP=+0.515
[01:31:09 +3:55:13] grade: 64/64 (100%) 3.5/s eta 0.0m
[01:31:09 +3:55:13] grade: done — 64 samples in 18.5s | stall summary {'n': 1, 'stalls': 0, 'median_secs': 18.528023584998664, 'max_secs': 18.528023584998664, 'total_secs': 18.528023584998664}
[01:31:16 +3:55:20] step 371/500 reward=+0.594 villain@odd=0.750 villain@even=0.156 GAP=+0.594 ema=+0.531 groupstd=0.225 rate=0.453 49s/step eta 105.3m
[01:31:21 +3:55:26] [hb] GRPO still running (3:54:30) | step 371/500 GAP=+0.531
[01:31:51 +3:55:56] [hb] GRPO still running (3:55:00) | step 371/500 GAP=+0.531
[01:31:59 +3:56:03] grade: 64/64 (100%) 11.6/s eta 0.0m
[01:31:59 +3:56:03] grade: done — 64 samples in 5.5s | stall summary {'n': 1, 'stalls': 0, 'median_secs': 5.5210756409996975, 'max_secs': 5.5210756409996975, 'total_secs': 5.5210756409996975}
[01:32:05 +3:56:10] step 372/500 reward=+0.156 villain@odd=0.406 villain@even=0.250 GAP=+0.156 ema=+0.456 groupstd=0.225 rate=0.328 49s/step eta 105.1m
[01:32:21 +3:56:26] [hb] GRPO still running (3:55:30) | step 372/500 GAP=+0.456
[01:32:29 +3:56:34] grade: 64/64 (100%) 13.1/s eta 0.0m
[01:32:29 +3:56:34] grade: done — 64 samples in 4.9s | stall summary {'n': 1, 'stalls': 0, 'median_secs': 4.888028047000262, 'max_secs': 4.888028047000262, 'total_secs': 4.888028047000262}
[01:32:36 +3:56:41] step 373/500 reward=+0.219 villain@odd=0.312 villain@even=0.094 GAP=+0.219 ema=+0.409 groupstd=0.287 rate=0.203 31s/step eta 65.8m
[01:32:51 +3:56:56] [hb] GRPO still running (3:56:00) | step 373/500 GAP=+0.409
[01:32:58 +3:57:03] grade: 64/64 (100%) 7.5/s eta 0.0m
[01:32:58 +3:57:03] grade: done — 64 samples in 8.6s | stall summary {'n': 1, 'stalls': 0, 'median_secs': 8.562799630999507, 'max_secs': 8.562799630999507, 'total_secs': 8.562799630999507}
[01:33:05 +3:57:09] step 374/500 reward=+0.562 villain@odd=0.656 villain@even=0.094 GAP=+0.562 ema=+0.439 groupstd=0.171 rate=0.375 29s/step eta 60.2m
[01:33:21 +3:57:26] [hb] GRPO still running (3:56:30) | step 374/500 GAP=+0.439
[01:33:29 +3:57:34] grade: 64/64 (100%) 14.1/s eta 0.0m
[01:33:29 +3:57:34] grade: done — 64 samples in 4.5s | stall summary {'n': 1, 'stalls': 0, 'median_secs': 4.523736070999803, 'max_secs': 4.523736070999803, 'total_secs': 4.523736070999803}
[01:33:50 +3:57:54] step 375/500 reward=+0.312 villain@odd=0.344 villain@even=0.031 GAP=+0.312 ema=+0.414 groupstd=0.325 rate=0.188 45s/step eta 93.7m
[01:33:50 +3:57:54] === BEGIN eval @ step 375 ===
[01:33:51 +3:57:56] [hb] GRPO still running (3:57:00) | step 375/500 GAP=+0.414
[01:34:06 +3:58:11] eval[mid]: 32/40 (80%) 2.3/s eta 0.1m
[01:34:14 +3:58:19] eval[mid]: 40/40 (100%) 1.8/s eta 0.0m
[01:34:14 +3:58:19] eval[mid]: done — 40 samples in 21.8s | stall summary {'n': 2, 'stalls': 0, 'median_secs': 10.886347259500326, 'max_secs': 13.88257900500139, 'total_secs': 21.772694519000652}
[01:34:16 +3:58:21] grade: 40/40 (100%) 21.7/s eta 0.0m
[01:34:16 +3:58:21] grade: done — 40 samples in 1.8s | stall summary {'n': 1, 'stalls': 0, 'median_secs': 1.8421784750007646, 'max_secs': 1.8421784750007646, 'total_secs': 1.8421784750007646}
[01:34:16 +3:58:21]   EVAL[mid] step 375: villain@odd=0.200 villain@even=0.300 GAP=-0.100 (n=40, held-out problems)
[01:34:16 +3:58:21] === END eval @ step 375 (0:00:26) ===
[01:34:20 +3:58:25] checkpoint @step 375: tinker://15b8bf9c-b744-5360-8b66-b8700fa51c60:train:0/weights/mrl2b-s375
[01:34:21 +3:58:26] [hb] GRPO still running (3:57:30) | step 375/500 GAP=+0.414
[01:34:42 +3:58:47] grade: 64/64 (100%) 12.5/s eta 0.0m
[01:34:42 +3:58:47] grade: done — 64 samples in 5.1s | stall summary {'n': 1, 'stalls': 0, 'median_secs': 5.109705107000991, 'max_secs': 5.109705107000991, 'total_secs': 5.109705107000991}
[01:34:51 +3:58:55] step 376/500 reward=+0.125 villain@odd=0.250 villain@even=0.125 GAP=+0.125 ema=+0.356 groupstd=0.404 rate=0.188 30s/step eta 62.8m
[01:34:51 +3:58:56] [hb] GRPO still running (3:58:00) | step 376/500 GAP=+0.356
[01:35:12 +3:59:17] grade: 64/64 (100%) 10.7/s eta 0.0m
[01:35:12 +3:59:17] grade: done — 64 samples in 6.0s | stall summary {'n': 1, 'stalls': 0, 'median_secs': 5.9915225979984825, 'max_secs': 5.9915225979984825, 'total_secs': 5.9915225979984825}
[01:35:18 +3:59:23] step 377/500 reward=+0.156 villain@odd=0.344 villain@even=0.188 GAP=+0.156 ema=+0.316 groupstd=0.225 rate=0.266 28s/step eta 57.2m
[01:35:21 +3:59:26] [hb] GRPO still running (3:58:30) | step 377/500 GAP=+0.316
[01:35:43 +3:59:48] grade: 64/64 (100%) 16.9/s eta 0.0m
[01:35:43 +3:59:48] grade: done — 64 samples in 3.8s | stall summary {'n': 1, 'stalls': 0, 'median_secs': 3.791877655999997, 'max_secs': 3.791877655999997, 'total_secs': 3.791877655999997}
[01:35:50 +3:59:54] step 378/500 reward=+0.406 villain@odd=0.594 villain@even=0.188 GAP=+0.406 ema=+0.334 groupstd=0.117 rate=0.391 31s/step eta 63.3m
[01:35:51 +3:59:56] [hb] GRPO still running (3:59:00) | step 378/500 GAP=+0.334
[01:36:13 +4:00:18] grade: 64/64 (100%) 16.4/s eta 0.0m
[01:36:13 +4:00:18] grade: done — 64 samples in 3.9s | stall summary {'n': 1, 'stalls': 0, 'median_secs': 3.9042819919995964, 'max_secs': 3.9042819919995964, 'total_secs': 3.9042819919995964}
[01:36:20 +4:00:25] step 379/500 reward=+0.500 villain@odd=0.844 villain@even=0.344 GAP=+0.500 ema=+0.367 groupstd=0.450 rate=0.594 31s/step eta 61.5m
[01:36:21 +4:00:26] [hb] GRPO still running (3:59:30) | step 379/500 GAP=+0.367
[01:36:39 +4:00:44] grade: 64/64 (100%) 33.8/s eta 0.0m
[01:36:39 +4:00:44] grade: done — 64 samples in 1.9s | stall summary {'n': 1, 'stalls': 0, 'median_secs': 1.8950044409994007, 'max_secs': 1.8950044409994007, 'total_secs': 1.8950044409994007}
[01:36:45 +4:00:50] step 380/500 reward=+0.250 villain@odd=0.750 villain@even=0.500 GAP=+0.250 ema=+0.344 groupstd=0.358 rate=0.625 25s/step eta 50.5m
[01:36:51 +4:00:56] [hb] GRPO still running (4:00:00) | step 380/500 GAP=+0.344
[01:37:07 +4:01:11] grade: 64/64 (100%) 25.8/s eta 0.0m
[01:37:07 +4:01:11] grade: done — 64 samples in 2.5s | stall summary {'n': 1, 'stalls': 0, 'median_secs': 2.481320165999932, 'max_secs': 2.481320165999932, 'total_secs': 2.481320165999932}
[01:37:21 +4:01:26] [hb] GRPO still running (4:00:30) | step 380/500 GAP=+0.344
[01:37:34 +4:01:38] step 381/500 reward=-0.062 villain@odd=0.719 villain@even=0.781 GAP=-0.062 ema=+0.263 groupstd=0.279 rate=0.750 48s/step eta 95.8m
[01:37:51 +4:01:56] [hb] GRPO still running (4:01:00) | step 381/500 GAP=+0.263
[01:37:57 +4:02:02] grade: 64/64 (100%) 13.9/s eta 0.0m
[01:37:57 +4:02:02] grade: done — 64 samples in 4.6s | stall summary {'n': 1, 'stalls': 0, 'median_secs': 4.619538929000555, 'max_secs': 4.619538929000555, 'total_secs': 4.619538929000555}
[01:38:03 +4:02:08] step 382/500 reward=+0.344 villain@odd=0.969 villain@even=0.625 GAP=+0.344 ema=+0.279 groupstd=0.287 rate=0.797 30s/step eta 58.5m
[01:38:21 +4:02:26] [hb] GRPO still running (4:01:30) | step 382/500 GAP=+0.279
[01:38:26 +4:02:31] grade: 64/64 (100%) 17.0/s eta 0.0m
[01:38:26 +4:02:31] grade: done — 64 samples in 3.8s | stall summary {'n': 1, 'stalls': 0, 'median_secs': 3.7706909560001804, 'max_secs': 3.7706909560001804, 'total_secs': 3.7706909560001804}
[01:38:36 +4:02:41] step 383/500 reward=+0.344 villain@odd=0.906 villain@even=0.562 GAP=+0.344 ema=+0.292 groupstd=0.162 rate=0.734 33s/step eta 63.4m
[01:38:51 +4:02:56] [hb] GRPO still running (4:02:00) | step 383/500 GAP=+0.292
[01:38:57 +4:03:02] grade: 64/64 (100%) 31.0/s eta 0.0m
[01:38:57 +4:03:02] grade: done — 64 samples in 2.1s | stall summary {'n': 1, 'stalls': 0, 'median_secs': 2.0667146089999733, 'max_secs': 2.0667146089999733, 'total_secs': 2.0667146089999733}
[01:39:03 +4:03:08] step 384/500 reward=+0.406 villain@odd=0.906 villain@even=0.500 GAP=+0.406 ema=+0.315 groupstd=0.396 rate=0.703 27s/step eta 52.6m
[01:39:21 +4:03:26] [hb] GRPO still running (4:02:30) | step 384/500 GAP=+0.315
[01:39:22 +4:03:27] grade: 64/64 (100%) 24.4/s eta 0.0m
[01:39:22 +4:03:27] grade: done — 64 samples in 2.6s | stall summary {'n': 1, 'stalls': 0, 'median_secs': 2.618430075001015, 'max_secs': 2.618430075001015, 'total_secs': 2.618430075001015}
[01:39:29 +4:03:34] step 385/500 reward=+0.531 villain@odd=0.906 villain@even=0.375 GAP=+0.531 ema=+0.358 groupstd=0.117 rate=0.641 26s/step eta 49.6m
[01:39:51 +4:03:56] [hb] GRPO still running (4:03:00) | step 385/500 GAP=+0.358
[01:39:53 +4:03:58] grade: 64/64 (100%) 8.9/s eta 0.0m
[01:39:53 +4:03:58] grade: done — 64 samples in 7.2s | stall summary {'n': 1, 'stalls': 0, 'median_secs': 7.179762101999586, 'max_secs': 7.179762101999586, 'total_secs': 7.179762101999586}
[01:40:00 +4:04:04] step 386/500 reward=+0.125 villain@odd=0.594 villain@even=0.469 GAP=+0.125 ema=+0.311 groupstd=0.171 rate=0.531 31s/step eta 58.1m
[01:40:19 +4:04:23] grade: 64/64 (100%) 26.0/s eta 0.0m
[01:40:19 +4:04:23] grade: done — 64 samples in 2.5s | stall summary {'n': 1, 'stalls': 0, 'median_secs': 2.463898137999422, 'max_secs': 2.463898137999422, 'total_secs': 2.463898137999422}
[01:40:21 +4:04:26] [hb] GRPO still running (4:03:30) | step 386/500 GAP=+0.311
[01:40:25 +4:04:30] step 387/500 reward=+0.438 villain@odd=0.562 villain@even=0.125 GAP=+0.438 ema=+0.337 groupstd=0.217 rate=0.344 26s/step eta 48.6m
[01:40:47 +4:04:52] grade: 64/64 (100%) 32.3/s eta 0.0m
[01:40:47 +4:04:52] grade: done — 64 samples in 2.0s | stall summary {'n': 1, 'stalls': 0, 'median_secs': 1.983975854000164, 'max_secs': 1.983975854000164, 'total_secs': 1.983975854000164}
[01:40:51 +4:04:56] [hb] GRPO still running (4:04:00) | step 387/500 GAP=+0.337
[01:40:54 +4:04:59] step 388/500 reward=+0.594 villain@odd=0.719 villain@even=0.125 GAP=+0.594 ema=+0.388 groupstd=0.350 rate=0.422 29s/step eta 53.4m
[01:41:18 +4:05:22] grade: 64/64 (100%) 18.2/s eta 0.0m
[01:41:18 +4:05:22] grade: done — 64 samples in 3.5s | stall summary {'n': 1, 'stalls': 0, 'median_secs': 3.526073331000589, 'max_secs': 3.526073331000589, 'total_secs': 3.526073331000589}
[01:41:21 +4:05:26] [hb] GRPO still running (4:04:30) | step 388/500 GAP=+0.388
[01:41:24 +4:05:29] step 389/500 reward=+0.469 villain@odd=0.500 villain@even=0.031 GAP=+0.469 ema=+0.404 groupstd=0.225 rate=0.266 30s/step eta 55.9m
[01:41:43 +4:05:48] grade: 64/64 (100%) 34.0/s eta 0.0m
[01:41:43 +4:05:48] grade: done — 64 samples in 1.9s | stall summary {'n': 1, 'stalls': 0, 'median_secs': 1.8847250800008624, 'max_secs': 1.8847250800008624, 'total_secs': 1.8847250800008624}
[01:41:49 +4:05:54] step 390/500 reward=+0.125 villain@odd=0.469 villain@even=0.344 GAP=+0.125 ema=+0.348 groupstd=0.342 rate=0.406 25s/step eta 45.7m
[01:41:51 +4:05:56] [hb] GRPO still running (4:05:00) | step 390/500 GAP=+0.348
[01:42:08 +4:06:13] grade: 64/64 (100%) 33.7/s eta 0.0m
[01:42:08 +4:06:13] grade: done — 64 samples in 1.9s | stall summary {'n': 1, 'stalls': 0, 'median_secs': 1.901267008999639, 'max_secs': 1.901267008999639, 'total_secs': 1.901267008999639}
[01:42:14 +4:06:19] step 391/500 reward=+0.344 villain@odd=0.500 villain@even=0.156 GAP=+0.344 ema=+0.347 groupstd=0.441 rate=0.328 25s/step eta 45.8m
[01:42:21 +4:06:26] [hb] GRPO still running (4:05:30) | step 391/500 GAP=+0.347
[01:42:36 +4:06:40] grade: 64/64 (100%) 18.1/s eta 0.0m
[01:42:36 +4:06:40] grade: done — 64 samples in 3.5s | stall summary {'n': 1, 'stalls': 0, 'median_secs': 3.5370044539995433, 'max_secs': 3.5370044539995433, 'total_secs': 3.5370044539995433}
[01:42:42 +4:06:47] step 392/500 reward=+0.500 villain@odd=0.531 villain@even=0.031 GAP=+0.500 ema=+0.378 groupstd=0.279 rate=0.281 28s/step eta 50.4m
[01:42:51 +4:06:56] [hb] GRPO still running (4:06:00) | step 392/500 GAP=+0.378
[01:43:04 +4:07:08] grade: 64/64 (100%) 19.8/s eta 0.0m
[01:43:04 +4:07:08] grade: done — 64 samples in 3.2s | stall summary {'n': 1, 'stalls': 0, 'median_secs': 3.2287252320002153, 'max_secs': 3.2287252320002153, 'total_secs': 3.2287252320002153}
[01:43:10 +4:07:15] step 393/500 reward=+0.125 villain@odd=0.688 villain@even=0.562 GAP=+0.125 ema=+0.327 groupstd=0.342 rate=0.625 27s/step eta 48.8m
[01:43:21 +4:07:26] [hb] GRPO still running (4:06:30) | step 393/500 GAP=+0.327
[01:43:32 +4:07:37] grade: 64/64 (100%) 30.2/s eta 0.0m
[01:43:32 +4:07:37] grade: done — 64 samples in 2.1s | stall summary {'n': 1, 'stalls': 0, 'median_secs': 2.1217123760015966, 'max_secs': 2.1217123760015966, 'total_secs': 2.1217123760015966}
[01:43:51 +4:07:56] [hb] GRPO still running (4:07:00) | step 393/500 GAP=+0.327
[01:44:07 +4:08:12] step 394/500 reward=+0.562 villain@odd=0.750 villain@even=0.188 GAP=+0.562 ema=+0.374 groupstd=0.279 rate=0.469 57s/step eta 100.8m
[01:44:21 +4:08:26] [hb] GRPO still running (4:07:30) | step 394/500 GAP=+0.374
[01:44:27 +4:08:32] grade: 64/64 (100%) 33.8/s eta 0.0m
[01:44:27 +4:08:32] grade: done — 64 samples in 1.9s | stall summary {'n': 1, 'stalls': 0, 'median_secs': 1.8951318449999235, 'max_secs': 1.8951318449999235, 'total_secs': 1.8951318449999235}
[01:44:34 +4:08:38] step 395/500 reward=+0.188 villain@odd=0.625 villain@even=0.438 GAP=+0.188 ema=+0.337 groupstd=0.279 rate=0.531 27s/step eta 46.9m
[01:44:51 +4:08:56] [hb] GRPO still running (4:08:00) | step 395/500 GAP=+0.337
[01:44:53 +4:08:57] grade: 64/64 (100%) 20.3/s eta 0.0m
[01:44:53 +4:08:57] grade: done — 64 samples in 3.1s | stall summary {'n': 1, 'stalls': 0, 'median_secs': 3.14618481800062, 'max_secs': 3.14618481800062, 'total_secs': 3.14618481800062}
[01:44:59 +4:09:04] step 396/500 reward=+0.500 villain@odd=0.781 villain@even=0.281 GAP=+0.500 ema=+0.370 groupstd=0.108 rate=0.531 26s/step eta 44.4m
[01:45:21 +4:09:26] [hb] GRPO still running (4:08:30) | step 396/500 GAP=+0.370
[01:45:22 +4:09:27] grade: 64/64 (100%) 22.2/s eta 0.0m
[01:45:22 +4:09:27] grade: done — 64 samples in 2.9s | stall summary {'n': 1, 'stalls': 0, 'median_secs': 2.8780370179993042, 'max_secs': 2.8780370179993042, 'total_secs': 2.8780370179993042}
[01:45:28 +4:09:33] step 397/500 reward=+0.625 villain@odd=0.844 villain@even=0.219 GAP=+0.625 ema=+0.421 groupstd=0.171 rate=0.531 29s/step eta 49.6m
[01:45:51 +4:09:56] [hb] GRPO still running (4:09:00) | step 397/500 GAP=+0.421
[01:46:05 +4:10:10] grade: 64/64 (100%) 5.5/s eta 0.0m
[01:46:05 +4:10:10] grade: done — 64 samples in 11.7s | stall summary {'n': 1, 'stalls': 0, 'median_secs': 11.653947155000424, 'max_secs': 11.653947155000424, 'total_secs': 11.653947155000424}
[01:46:12 +4:10:16] step 398/500 reward=+0.438 villain@odd=0.875 villain@even=0.438 GAP=+0.438 ema=+0.424 groupstd=0.358 rate=0.656 43s/step eta 73.8m
[01:46:21 +4:10:26] [hb] GRPO still running (4:09:30) | step 398/500 GAP=+0.424
[01:46:33 +4:10:38] grade: 64/64 (100%) 31.0/s eta 0.0m
[01:46:33 +4:10:38] grade: done — 64 samples in 2.1s | stall summary {'n': 1, 'stalls': 0, 'median_secs': 2.0670198380012152, 'max_secs': 2.0670198380012152, 'total_secs': 2.0670198380012152}
[01:46:39 +4:10:44] step 399/500 reward=+0.094 villain@odd=0.625 villain@even=0.531 GAP=+0.094 ema=+0.358 groupstd=0.117 rate=0.578 28s/step eta 46.7m
[01:46:51 +4:10:56] [hb] GRPO still running (4:10:00) | step 399/500 GAP=+0.358
[01:46:57 +4:11:02] grade: 64/64 (100%) 25.9/s eta 0.0m
[01:46:57 +4:11:02] grade: done — 64 samples in 2.5s | stall summary {'n': 1, 'stalls': 0, 'median_secs': 2.470670770000652, 'max_secs': 2.470670770000652, 'total_secs': 2.470670770000652}
[01:47:03 +4:11:08] step 400/500 reward=+0.344 villain@odd=0.875 villain@even=0.531 GAP=+0.344 ema=+0.355 groupstd=0.225 rate=0.703 24s/step eta 40.2m
[01:47:03 +4:11:08] === BEGIN eval @ step 400 ===
[01:47:20 +4:11:25] eval[mid]: 32/40 (80%) 2.3/s eta 0.1m
[01:47:21 +4:11:26] [hb] GRPO still running (4:10:30) | step 400/500 GAP=+0.355
[01:47:25 +4:11:30] eval[mid]: 40/40 (100%) 2.1/s eta 0.0m
[01:47:25 +4:11:30] eval[mid]: done — 40 samples in 19.3s | stall summary {'n': 2, 'stalls': 0, 'median_secs': 9.643951547000142, 'max_secs': 13.823073722000117, 'total_secs': 19.287903094000285}
[01:47:29 +4:11:34] grade: 40/40 (100%) 11.5/s eta 0.0m
[01:47:29 +4:11:34] grade: done — 40 samples in 3.5s | stall summary {'n': 1, 'stalls': 0, 'median_secs': 3.4690521850006917, 'max_secs': 3.4690521850006917, 'total_secs': 3.4690521850006917}
[01:47:29 +4:11:34]   EVAL[mid] step 400: villain@odd=0.500 villain@even=0.600 GAP=-0.100 (n=40, held-out problems)
[01:47:29 +4:11:34] === END eval @ step 400 (0:00:25) ===
[01:47:34 +4:11:39] checkpoint @step 400: tinker://15b8bf9c-b744-5360-8b66-b8700fa51c60:train:0/weights/mrl2b-s400
[01:47:51 +4:11:56] [hb] GRPO still running (4:11:00) | step 400/500 GAP=+0.355
[01:47:58 +4:12:03] grade: 64/64 (100%) 24.2/s eta 0.0m
[01:47:58 +4:12:03] grade: done — 64 samples in 2.6s | stall summary {'n': 1, 'stalls': 0, 'median_secs': 2.6489290919998894, 'max_secs': 2.6489290919998894, 'total_secs': 2.6489290919998894}
[01:48:05 +4:12:10] step 401/500 reward=+0.219 villain@odd=0.594 villain@even=0.375 GAP=+0.219 ema=+0.328 groupstd=0.179 rate=0.484 31s/step eta 51.2m
[01:48:21 +4:12:26] [hb] GRPO still running (4:11:30) | step 401/500 GAP=+0.328
[01:48:27 +4:12:32] grade: 64/64 (100%) 29.1/s eta 0.0m
[01:48:27 +4:12:32] grade: done — 64 samples in 2.2s | stall summary {'n': 1, 'stalls': 0, 'median_secs': 2.199971464000555, 'max_secs': 2.199971464000555, 'total_secs': 2.199971464000555}
[01:48:34 +4:12:38] step 402/500 reward=+0.844 villain@odd=1.000 villain@even=0.156 GAP=+0.844 ema=+0.431 groupstd=0.162 rate=0.578 28s/step eta 46.3m
[01:48:51 +4:12:56] [hb] GRPO still running (4:12:00) | step 402/500 GAP=+0.431
[01:48:55 +4:13:00] grade: 64/64 (100%) 12.8/s eta 0.0m
[01:48:55 +4:13:00] grade: done — 64 samples in 5.0s | stall summary {'n': 1, 'stalls': 0, 'median_secs': 4.98467845399864, 'max_secs': 4.98467845399864, 'total_secs': 4.98467845399864}
[01:49:02 +4:13:07] step 403/500 reward=+0.531 villain@odd=0.844 villain@even=0.312 GAP=+0.531 ema=+0.451 groupstd=0.162 rate=0.578 28s/step eta 45.7m
[01:49:21 +4:13:26] [hb] GRPO still running (4:12:30) | step 403/500 GAP=+0.451
[01:49:39 +4:13:43] grade: 64/64 (100%) 3.5/s eta 0.0m
[01:49:39 +4:13:43] grade: done — 64 samples in 18.4s | stall summary {'n': 1, 'stalls': 0, 'median_secs': 18.439942039000016, 'max_secs': 18.439942039000016, 'total_secs': 18.439942039000016}
[01:49:51 +4:13:56] [hb] GRPO still running (4:13:00) | step 403/500 GAP=+0.451
[01:50:09 +4:14:13] step 404/500 reward=+0.344 villain@odd=0.562 villain@even=0.219 GAP=+0.344 ema=+0.430 groupstd=0.225 rate=0.391 67s/step eta 106.9m
[01:50:21 +4:14:26] [hb] GRPO still running (4:13:30) | step 404/500 GAP=+0.430
[01:50:45 +4:14:50] grade: 64/64 (100%) 16.3/s eta 0.0m
[01:50:45 +4:14:50] grade: done — 64 samples in 3.9s | stall summary {'n': 1, 'stalls': 0, 'median_secs': 3.9168519630002265, 'max_secs': 3.9168519630002265, 'total_secs': 3.9168519630002265}
[01:50:51 +4:14:56] [hb] GRPO still running (4:14:00) | step 404/500 GAP=+0.430
[01:51:04 +4:15:08] step 405/500 reward=+0.344 villain@odd=0.469 villain@even=0.125 GAP=+0.344 ema=+0.412 groupstd=0.117 rate=0.297 55s/step eta 87.0m
[01:51:21 +4:15:26] [hb] GRPO still running (4:14:30) | step 405/500 GAP=+0.412
[01:51:25 +4:15:30] grade: 64/64 (100%) 21.9/s eta 0.0m
[01:51:25 +4:15:30] grade: done — 64 samples in 2.9s | stall summary {'n': 1, 'stalls': 0, 'median_secs': 2.917221947998769, 'max_secs': 2.917221947998769, 'total_secs': 2.917221947998769}
[01:51:31 +4:15:36] step 406/500 reward=+0.250 villain@odd=0.375 villain@even=0.125 GAP=+0.250 ema=+0.380 groupstd=0.342 rate=0.250 28s/step eta 43.1m
[01:51:51 +4:15:56] [hb] GRPO still running (4:15:00) | step 406/500 GAP=+0.380
[01:51:57 +4:16:01] grade: 64/64 (100%) 15.5/s eta 0.0m
[01:51:57 +4:16:01] grade: done — 64 samples in 4.1s | stall summary {'n': 1, 'stalls': 0, 'median_secs': 4.126062943998477, 'max_secs': 4.126062943998477, 'total_secs': 4.126062943998477}
[01:52:03 +4:16:08] step 407/500 reward=+0.000 villain@odd=0.250 villain@even=0.250 GAP=+0.000 ema=+0.304 groupstd=0.325 rate=0.250 32s/step eta 49.1m
[01:52:21 +4:16:26] [hb] GRPO still running (4:15:30) | step 407/500 GAP=+0.304
[01:52:22 +4:16:27] grade: 64/64 (100%) 30.7/s eta 0.0m
[01:52:22 +4:16:27] grade: done — 64 samples in 2.1s | stall summary {'n': 1, 'stalls': 0, 'median_secs': 2.08613288000015, 'max_secs': 2.08613288000015, 'total_secs': 2.08613288000015}
[01:52:29 +4:16:33] step 408/500 reward=+0.281 villain@odd=0.531 villain@even=0.250 GAP=+0.281 ema=+0.299 groupstd=0.271 rate=0.391 26s/step eta 39.5m
[01:52:48 +4:16:53] grade: 64/64 (100%) 14.1/s eta 0.0m
[01:52:48 +4:16:53] grade: done — 64 samples in 4.5s | stall summary {'n': 1, 'stalls': 0, 'median_secs': 4.531935749000695, 'max_secs': 4.531935749000695, 'total_secs': 4.531935749000695}
[01:52:51 +4:16:56] [hb] GRPO still running (4:16:00) | step 408/500 GAP=+0.299
[01:52:55 +4:16:59] step 409/500 reward=+0.438 villain@odd=0.625 villain@even=0.188 GAP=+0.438 ema=+0.327 groupstd=0.062 rate=0.406 26s/step eta 39.6m
[01:53:15 +4:17:20] grade: 64/64 (100%) 32.1/s eta 0.0m
[01:53:15 +4:17:20] grade: done — 64 samples in 2.0s | stall summary {'n': 1, 'stalls': 0, 'median_secs': 1.9945511419991817, 'max_secs': 1.9945511419991817, 'total_secs': 1.9945511419991817}
[01:53:21 +4:17:26] step 410/500 reward=+0.469 villain@odd=0.719 villain@even=0.250 GAP=+0.469 ema=+0.355 groupstd=0.287 rate=0.484 26s/step eta 39.6m
[01:53:21 +4:17:26] [hb] GRPO still running (4:16:30) | step 410/500 GAP=+0.355
[01:53:42 +4:17:47] grade: 64/64 (100%) 15.0/s eta 0.0m
[01:53:42 +4:17:47] grade: done — 64 samples in 4.3s | stall summary {'n': 1, 'stalls': 0, 'median_secs': 4.2558833439998125, 'max_secs': 4.2558833439998125, 'total_secs': 4.2558833439998125}
[01:53:49 +4:17:54] step 411/500 reward=+0.625 villain@odd=0.906 villain@even=0.281 GAP=+0.625 ema=+0.409 groupstd=0.342 rate=0.594 28s/step eta 41.3m
[01:53:51 +4:17:56] [hb] GRPO still running (4:17:00) | step 411/500 GAP=+0.409
[01:54:08 +4:18:12] grade: 64/64 (100%) 31.8/s eta 0.0m
[01:54:08 +4:18:12] grade: done — 64 samples in 2.0s | stall summary {'n': 1, 'stalls': 0, 'median_secs': 2.0102080259985087, 'max_secs': 2.0102080259985087, 'total_secs': 2.0102080259985087}
[01:54:14 +4:18:19] step 412/500 reward=+0.344 villain@odd=0.906 villain@even=0.562 GAP=+0.344 ema=+0.396 groupstd=0.271 rate=0.734 25s/step eta 36.6m
[01:54:21 +4:18:26] [hb] GRPO still running (4:17:30) | step 412/500 GAP=+0.396
[01:54:33 +4:18:37] grade: 64/64 (100%) 14.2/s eta 0.0m
[01:54:33 +4:18:37] grade: done — 64 samples in 4.5s | stall summary {'n': 1, 'stalls': 0, 'median_secs': 4.517821245999585, 'max_secs': 4.517821245999585, 'total_secs': 4.517821245999585}
[01:54:39 +4:18:44] step 413/500 reward=+0.094 villain@odd=0.719 villain@even=0.625 GAP=+0.094 ema=+0.336 groupstd=0.458 rate=0.672 26s/step eta 37.1m
[01:54:51 +4:18:56] [hb] GRPO still running (4:18:00) | step 413/500 GAP=+0.336
[01:55:06 +4:19:11] grade: 64/64 (100%) 7.5/s eta 0.0m
[01:55:06 +4:19:11] grade: done — 64 samples in 8.6s | stall summary {'n': 1, 'stalls': 0, 'median_secs': 8.589292908998686, 'max_secs': 8.589292908998686, 'total_secs': 8.589292908998686}
[01:55:21 +4:19:26] [hb] GRPO still running (4:18:30) | step 413/500 GAP=+0.336
[01:55:41 +4:19:45] step 414/500 reward=+0.625 villain@odd=0.875 villain@even=0.250 GAP=+0.625 ema=+0.394 groupstd=0.000 rate=0.562 61s/step eta 87.6m
[01:55:41 +4:19:45] [warn] group std 0.000 < 0.05: groups near-uniform, advantages ~0 (stalled or converged).
[01:55:51 +4:19:56] [hb] GRPO still running (4:19:00) | step 414/500 GAP=+0.394
[01:56:04 +4:20:09] grade: 64/64 (100%) 30.0/s eta 0.0m
[01:56:04 +4:20:09] grade: done — 64 samples in 2.1s | stall summary {'n': 1, 'stalls': 0, 'median_secs': 2.135873535000428, 'max_secs': 2.135873535000428, 'total_secs': 2.135873535000428}
[01:56:10 +4:20:15] step 415/500 reward=+0.219 villain@odd=0.781 villain@even=0.562 GAP=+0.219 ema=+0.359 groupstd=0.287 rate=0.672 30s/step eta 42.0m
[01:56:21 +4:20:26] [hb] GRPO still running (4:19:30) | step 415/500 GAP=+0.359
[01:56:30 +4:20:35] grade: 64/64 (100%) 31.4/s eta 0.0m
[01:56:30 +4:20:35] grade: done — 64 samples in 2.0s | stall summary {'n': 1, 'stalls': 0, 'median_secs': 2.03514389799966, 'max_secs': 2.03514389799966, 'total_secs': 2.03514389799966}
[01:56:36 +4:20:41] step 416/500 reward=+0.906 villain@odd=0.906 villain@even=0.000 GAP=+0.906 ema=+0.468 groupstd=0.117 rate=0.453 26s/step eta 36.2m
[01:56:51 +4:20:56] [hb] GRPO still running (4:20:00) | step 416/500 GAP=+0.468
[01:56:57 +4:21:02] grade: 64/64 (100%) 12.6/s eta 0.0m
[01:56:57 +4:21:02] grade: done — 64 samples in 5.1s | stall summary {'n': 1, 'stalls': 0, 'median_secs': 5.071591312000237, 'max_secs': 5.071591312000237, 'total_secs': 5.071591312000237}
[01:57:03 +4:21:08] step 417/500 reward=+0.031 villain@odd=0.594 villain@even=0.562 GAP=+0.031 ema=+0.381 groupstd=0.350 rate=0.578 27s/step eta 37.5m
[01:57:21 +4:21:26] grade: 64/64 (100%) 28.5/s eta 0.0m
[01:57:21 +4:21:26] grade: done — 64 samples in 2.2s | stall summary {'n': 1, 'stalls': 0, 'median_secs': 2.2434656960012944, 'max_secs': 2.2434656960012944, 'total_secs': 2.2434656960012944}
[01:57:21 +4:21:26] [hb] GRPO still running (4:20:30) | step 417/500 GAP=+0.381
[01:57:27 +4:21:32] step 418/500 reward=+0.781 villain@odd=0.938 villain@even=0.156 GAP=+0.781 ema=+0.461 groupstd=0.271 rate=0.547 24s/step eta 32.8m
[01:57:48 +4:21:53] grade: 64/64 (100%) 16.1/s eta 0.0m
[01:57:48 +4:21:53] grade: done — 64 samples in 4.0s | stall summary {'n': 1, 'stalls': 0, 'median_secs': 3.9711920990012004, 'max_secs': 3.9711920990012004, 'total_secs': 3.9711920990012004}
[01:57:51 +4:21:56] [hb] GRPO still running (4:21:00) | step 418/500 GAP=+0.461
[01:57:55 +4:21:59] step 419/500 reward=+0.375 villain@odd=0.719 villain@even=0.344 GAP=+0.375 ema=+0.444 groupstd=0.108 rate=0.531 28s/step eta 37.2m
[01:58:14 +4:22:19] grade: 64/64 (100%) 17.9/s eta 0.0m
[01:58:14 +4:22:19] grade: done — 64 samples in 3.6s | stall summary {'n': 1, 'stalls': 0, 'median_secs': 3.5754895680001937, 'max_secs': 3.5754895680001937, 'total_secs': 3.5754895680001937}
[01:58:21 +4:22:25] step 420/500 reward=+0.594 villain@odd=0.594 villain@even=0.000 GAP=+0.594 ema=+0.474 groupstd=0.162 rate=0.297 26s/step eta 34.5m
[01:58:21 +4:22:26] [hb] GRPO still running (4:21:30) | step 420/500 GAP=+0.474
[01:58:39 +4:22:44] grade: 64/64 (100%) 31.0/s eta 0.0m
[01:58:39 +4:22:44] grade: done — 64 samples in 2.1s | stall summary {'n': 1, 'stalls': 0, 'median_secs': 2.0663517960001627, 'max_secs': 2.0663517960001627, 'total_secs': 2.0663517960001627}
[01:58:45 +4:22:50] step 421/500 reward=+0.344 villain@odd=0.500 villain@even=0.156 GAP=+0.344 ema=+0.448 groupstd=0.179 rate=0.328 25s/step eta 32.7m
[01:58:51 +4:22:56] [hb] GRPO still running (4:22:00) | step 421/500 GAP=+0.448
[01:59:04 +4:23:09] grade: 64/64 (100%) 31.1/s eta 0.0m
[01:59:04 +4:23:09] grade: done — 64 samples in 2.1s | stall summary {'n': 1, 'stalls': 0, 'median_secs': 2.0590610100007325, 'max_secs': 2.0590610100007325, 'total_secs': 2.0590610100007325}
[01:59:11 +4:23:15] step 422/500 reward=+0.656 villain@odd=0.812 villain@even=0.156 GAP=+0.656 ema=+0.489 groupstd=0.162 rate=0.484 25s/step eta 32.8m
[01:59:21 +4:23:26] [hb] GRPO still running (4:22:30) | step 422/500 GAP=+0.489
[01:59:27 +4:23:32] grade: 64/64 (100%) 34.1/s eta 0.0m
[01:59:27 +4:23:32] grade: done — 64 samples in 1.9s | stall summary {'n': 1, 'stalls': 0, 'median_secs': 1.875379928998882, 'max_secs': 1.875379928998882, 'total_secs': 1.875379928998882}
[01:59:33 +4:23:38] step 423/500 reward=+0.406 villain@odd=0.594 villain@even=0.188 GAP=+0.406 ema=+0.473 groupstd=0.287 rate=0.391 23s/step eta 28.9m
[01:59:51 +4:23:56] [hb] GRPO still running (4:23:00) | step 423/500 GAP=+0.473
[01:59:56 +4:24:01] grade: 64/64 (100%) 13.8/s eta 0.0m
[01:59:56 +4:24:01] grade: done — 64 samples in 4.6s | stall summary {'n': 1, 'stalls': 0, 'median_secs': 4.642824463000579, 'max_secs': 4.642824463000579, 'total_secs': 4.642824463000579}
[02:00:03 +4:24:07] step 424/500 reward=+0.562 villain@odd=0.750 villain@even=0.188 GAP=+0.562 ema=+0.491 groupstd=0.062 rate=0.469 30s/step eta 37.4m
[02:00:21 +4:24:26] [hb] GRPO still running (4:23:30) | step 424/500 GAP=+0.491
[02:00:23 +4:24:28] grade: 64/64 (100%) 23.3/s eta 0.0m
[02:00:23 +4:24:28] grade: done — 64 samples in 2.7s | stall summary {'n': 1, 'stalls': 0, 'median_secs': 2.742533088001437, 'max_secs': 2.742533088001437, 'total_secs': 2.742533088001437}
[02:00:30 +4:24:34] step 425/500 reward=+0.562 villain@odd=0.594 villain@even=0.031 GAP=+0.562 ema=+0.505 groupstd=0.171 rate=0.312 27s/step eta 33.7m
[02:00:30 +4:24:34] === BEGIN eval @ step 425 ===
[02:00:49 +4:24:54] eval[mid]: 32/40 (80%) 1.9/s eta 0.1m
[02:00:51 +4:24:56] [hb] GRPO still running (4:24:00) | step 425/500 GAP=+0.505
[02:01:00 +4:25:04] [hb] eval @ step 425 still running (0:00:30)
[02:01:00 +4:25:05] eval[mid]: 40/40 (100%) 1.5/s eta 0.0m
[02:01:00 +4:25:05] eval[mid]: done — 40 samples in 27.5s | stall summary {'n': 2, 'stalls': 0, 'median_secs': 13.728816001999803, 'max_secs': 16.98200612800065, 'total_secs': 27.457632003999606}
[02:01:04 +4:25:09] grade: 40/40 (100%) 9.6/s eta 0.0m
[02:01:04 +4:25:09] grade: done — 40 samples in 4.2s | stall summary {'n': 1, 'stalls': 0, 'median_secs': 4.1842254209987, 'max_secs': 4.1842254209987, 'total_secs': 4.1842254209987}
[02:01:04 +4:25:09]   EVAL[mid] step 425: villain@odd=0.450 villain@even=0.450 GAP=+0.000 (n=40, held-out problems)
[02:01:04 +4:25:09] === END eval @ step 425 (0:00:34) ===
[02:01:09 +4:25:13] checkpoint @step 425: tinker://15b8bf9c-b744-5360-8b66-b8700fa51c60:train:0/weights/mrl2b-s425
[02:01:21 +4:25:26] [hb] GRPO still running (4:24:30) | step 425/500 GAP=+0.505
[02:01:33 +4:25:37] grade: 64/64 (100%) 11.4/s eta 0.0m
[02:01:33 +4:25:37] grade: done — 64 samples in 5.6s | stall summary {'n': 1, 'stalls': 0, 'median_secs': 5.598819213999377, 'max_secs': 5.598819213999377, 'total_secs': 5.598819213999377}
[02:01:39 +4:25:44] step 426/500 reward=+0.219 villain@odd=0.719 villain@even=0.500 GAP=+0.219 ema=+0.448 groupstd=0.162 rate=0.609 30s/step eta 37.3m
[02:01:51 +4:25:56] [hb] GRPO still running (4:25:00) | step 426/500 GAP=+0.448
[02:01:59 +4:26:04] grade: 64/64 (100%) 33.6/s eta 0.0m
[02:01:59 +4:26:04] grade: done — 64 samples in 1.9s | stall summary {'n': 1, 'stalls': 0, 'median_secs': 1.903194460001032, 'max_secs': 1.903194460001032, 'total_secs': 1.903194460001032}
[02:02:06 +4:26:10] step 427/500 reward=+0.406 villain@odd=0.875 villain@even=0.469 GAP=+0.406 ema=+0.440 groupstd=0.162 rate=0.672 27s/step eta 32.5m
[02:02:21 +4:26:26] [hb] GRPO still running (4:25:30) | step 427/500 GAP=+0.440
[02:02:26 +4:26:31] grade: 64/64 (100%) 24.0/s eta 0.0m
[02:02:26 +4:26:31] grade: done — 64 samples in 2.7s | stall summary {'n': 1, 'stalls': 0, 'median_secs': 2.6637904290000733, 'max_secs': 2.6637904290000733, 'total_secs': 2.6637904290000733}
[02:02:33 +4:26:37] step 428/500 reward=+0.719 villain@odd=1.000 villain@even=0.281 GAP=+0.719 ema=+0.495 groupstd=0.054 rate=0.641 27s/step eta 32.5m
[02:02:51 +4:26:56] [hb] GRPO still running (4:26:00) | step 428/500 GAP=+0.495
[02:02:51 +4:26:56] grade: 64/64 (100%) 30.9/s eta 0.0m
[02:02:51 +4:26:56] grade: done — 64 samples in 2.1s | stall summary {'n': 1, 'stalls': 0, 'median_secs': 2.070972901999994, 'max_secs': 2.070972901999994, 'total_secs': 2.070972901999994}
[02:02:58 +4:27:02] step 429/500 reward=+0.281 villain@odd=0.562 villain@even=0.281 GAP=+0.281 ema=+0.453 groupstd=0.287 rate=0.422 25s/step eta 29.4m
[02:03:18 +4:27:22] grade: 64/64 (100%) 32.8/s eta 0.0m
[02:03:18 +4:27:22] grade: done — 64 samples in 2.0s | stall summary {'n': 1, 'stalls': 0, 'median_secs': 1.9529425720011204, 'max_secs': 1.9529425720011204, 'total_secs': 1.9529425720011204}
[02:03:21 +4:27:26] [hb] GRPO still running (4:26:30) | step 429/500 GAP=+0.453
[02:03:24 +4:27:29] step 430/500 reward=+0.656 villain@odd=0.719 villain@even=0.062 GAP=+0.656 ema=+0.493 groupstd=0.162 rate=0.391 27s/step eta 31.0m
[02:03:42 +4:27:47] grade: 64/64 (100%) 19.8/s eta 0.0m
[02:03:42 +4:27:47] grade: done — 64 samples in 3.2s | stall summary {'n': 1, 'stalls': 0, 'median_secs': 3.2300448610003514, 'max_secs': 3.2300448610003514, 'total_secs': 3.2300448610003514}
[02:03:49 +4:27:54] step 431/500 reward=+0.219 villain@odd=0.750 villain@even=0.531 GAP=+0.219 ema=+0.438 groupstd=0.117 rate=0.641 25s/step eta 29.0m
[02:03:51 +4:27:56] [hb] GRPO still running (4:27:00) | step 431/500 GAP=+0.438
[02:04:10 +4:28:15] grade: 64/64 (100%) 31.3/s eta 0.0m
[02:04:10 +4:28:15] grade: done — 64 samples in 2.0s | stall summary {'n': 1, 'stalls': 0, 'median_secs': 2.0438970680006605, 'max_secs': 2.0438970680006605, 'total_secs': 2.0438970680006605}
[02:04:17 +4:28:22] step 432/500 reward=+0.594 villain@odd=0.688 villain@even=0.094 GAP=+0.594 ema=+0.469 groupstd=0.117 rate=0.391 28s/step eta 31.2m
[02:04:21 +4:28:26] [hb] GRPO still running (4:27:30) | step 432/500 GAP=+0.469
[02:04:35 +4:28:39] grade: 64/64 (100%) 28.7/s eta 0.0m
[02:04:35 +4:28:39] grade: done — 64 samples in 2.2s | stall summary {'n': 1, 'stalls': 0, 'median_secs': 2.232906600000206, 'max_secs': 2.232906600000206, 'total_secs': 2.232906600000206}
[02:04:41 +4:28:46] step 433/500 reward=+0.438 villain@odd=0.500 villain@even=0.062 GAP=+0.438 ema=+0.463 groupstd=0.062 rate=0.281 24s/step eta 26.9m
[02:04:51 +4:28:56] [hb] GRPO still running (4:28:00) | step 433/500 GAP=+0.463
[02:05:12 +4:29:16] grade: 64/64 (100%) 4.1/s eta 0.0m
[02:05:12 +4:29:16] grade: done — 64 samples in 15.4s | stall summary {'n': 1, 'stalls': 0, 'median_secs': 15.426223088999905, 'max_secs': 15.426223088999905, 'total_secs': 15.426223088999905}
[02:05:19 +4:29:23] step 434/500 reward=+0.562 villain@odd=0.719 villain@even=0.156 GAP=+0.562 ema=+0.483 groupstd=0.233 rate=0.438 38s/step eta 41.4m
[02:05:21 +4:29:26] [hb] GRPO still running (4:28:30) | step 434/500 GAP=+0.483
[02:05:47 +4:29:51] grade: 64/64 (100%) 26.2/s eta 0.0m
[02:05:47 +4:29:51] grade: done — 64 samples in 2.4s | stall summary {'n': 1, 'stalls': 0, 'median_secs': 2.4424241750002693, 'max_secs': 2.4424241750002693, 'total_secs': 2.4424241750002693}
[02:05:51 +4:29:56] [hb] GRPO still running (4:29:00) | step 434/500 GAP=+0.483
[02:05:53 +4:29:58] step 435/500 reward=+0.031 villain@odd=0.375 villain@even=0.344 GAP=+0.031 ema=+0.393 groupstd=0.304 rate=0.359 35s/step eta 37.6m
[02:06:11 +4:30:16] grade: 64/64 (100%) 19.5/s eta 0.0m
[02:06:11 +4:30:16] grade: done — 64 samples in 3.3s | stall summary {'n': 1, 'stalls': 0, 'median_secs': 3.281507510000665, 'max_secs': 3.281507510000665, 'total_secs': 3.281507510000665}
[02:06:17 +4:30:22] step 436/500 reward=+0.250 villain@odd=0.250 villain@even=0.000 GAP=+0.250 ema=+0.364 groupstd=0.233 rate=0.125 24s/step eta 25.7m
[02:06:21 +4:30:26] [hb] GRPO still running (4:29:30) | step 436/500 GAP=+0.364
[02:06:36 +4:30:41] grade: 64/64 (100%) 33.2/s eta 0.0m
[02:06:36 +4:30:41] grade: done — 64 samples in 1.9s | stall summary {'n': 1, 'stalls': 0, 'median_secs': 1.9256863499995234, 'max_secs': 1.9256863499995234, 'total_secs': 1.9256863499995234}
[02:06:43 +4:30:47] step 437/500 reward=+0.344 villain@odd=0.469 villain@even=0.125 GAP=+0.344 ema=+0.360 groupstd=0.287 rate=0.297 25s/step eta 26.4m
[02:06:51 +4:30:56] [hb] GRPO still running (4:30:00) | step 437/500 GAP=+0.360
[02:07:16 +4:31:21] grade: 64/64 (100%) 11.6/s eta 0.0m
[02:07:16 +4:31:21] grade: done — 64 samples in 5.5s | stall summary {'n': 1, 'stalls': 0, 'median_secs': 5.510235110999929, 'max_secs': 5.510235110999929, 'total_secs': 5.510235110999929}
[02:07:21 +4:31:26] [hb] GRPO still running (4:30:30) | step 437/500 GAP=+0.360
[02:07:23 +4:31:28] step 438/500 reward=+0.469 villain@odd=0.469 villain@even=0.000 GAP=+0.469 ema=+0.382 groupstd=0.242 rate=0.234 40s/step eta 41.6m
[02:07:48 +4:31:53] grade: 64/64 (100%) 6.7/s eta 0.0m
[02:07:48 +4:31:53] grade: done — 64 samples in 9.5s | stall summary {'n': 1, 'stalls': 0, 'median_secs': 9.492317083999296, 'max_secs': 9.492317083999296, 'total_secs': 9.492317083999296}
[02:07:51 +4:31:56] [hb] GRPO still running (4:31:00) | step 438/500 GAP=+0.382
[02:08:08 +4:32:13] step 439/500 reward=+0.594 villain@odd=0.656 villain@even=0.062 GAP=+0.594 ema=+0.424 groupstd=0.225 rate=0.359 46s/step eta 46.4m
[02:08:21 +4:32:26] [hb] GRPO still running (4:31:30) | step 439/500 GAP=+0.424
[02:08:26 +4:32:31] grade: 64/64 (100%) 29.5/s eta 0.0m
[02:08:26 +4:32:31] grade: done — 64 samples in 2.2s | stall summary {'n': 1, 'stalls': 0, 'median_secs': 2.1688272379997215, 'max_secs': 2.1688272379997215, 'total_secs': 2.1688272379997215}
[02:08:32 +4:32:37] step 440/500 reward=+0.750 villain@odd=1.000 villain@even=0.250 GAP=+0.750 ema=+0.489 groupstd=0.108 rate=0.625 24s/step eta 23.8m
[02:08:51 +4:32:56] [hb] GRPO still running (4:32:00) | step 440/500 GAP=+0.489
[02:08:51 +4:32:56] grade: 64/64 (100%) 27.7/s eta 0.0m
[02:08:51 +4:32:56] grade: done — 64 samples in 2.3s | stall summary {'n': 1, 'stalls': 0, 'median_secs': 2.3131287779997365, 'max_secs': 2.3131287779997365, 'total_secs': 2.3131287779997365}
[02:09:20 +4:33:25] step 441/500 reward=+0.656 villain@odd=0.875 villain@even=0.219 GAP=+0.656 ema=+0.523 groupstd=0.162 rate=0.547 47s/step eta 46.7m
[02:09:21 +4:33:26] [hb] GRPO still running (4:32:30) | step 441/500 GAP=+0.523
[02:09:41 +4:33:45] grade: 64/64 (100%) 17.1/s eta 0.0m
[02:09:41 +4:33:45] grade: done — 64 samples in 3.7s | stall summary {'n': 1, 'stalls': 0, 'median_secs': 3.7417319510022935, 'max_secs': 3.7417319510022935, 'total_secs': 3.7417319510022935}
[02:09:47 +4:33:52] step 442/500 reward=+0.312 villain@odd=1.000 villain@even=0.688 GAP=+0.312 ema=+0.481 groupstd=0.171 rate=0.844 27s/step eta 26.3m
[02:09:51 +4:33:56] [hb] GRPO still running (4:33:00) | step 442/500 GAP=+0.481
[02:10:04 +4:34:09] grade: 64/64 (100%) 32.5/s eta 0.0m
[02:10:04 +4:34:09] grade: done — 64 samples in 2.0s | stall summary {'n': 1, 'stalls': 0, 'median_secs': 1.9685402549985156, 'max_secs': 1.9685402549985156, 'total_secs': 1.9685402549985156}
[02:10:11 +4:34:16] step 443/500 reward=+0.500 villain@odd=0.844 villain@even=0.344 GAP=+0.500 ema=+0.485 groupstd=0.358 rate=0.594 24s/step eta 22.6m
[02:10:21 +4:34:26] [hb] GRPO still running (4:33:30) | step 443/500 GAP=+0.485
[02:10:32 +4:34:37] grade: 64/64 (100%) 11.5/s eta 0.0m
[02:10:32 +4:34:37] grade: done — 64 samples in 5.6s | stall summary {'n': 1, 'stalls': 0, 'median_secs': 5.556263991002197, 'max_secs': 5.556263991002197, 'total_secs': 5.556263991002197}
[02:10:38 +4:34:43] step 444/500 reward=+0.562 villain@odd=0.969 villain@even=0.406 GAP=+0.562 ema=+0.500 groupstd=0.279 rate=0.688 27s/step eta 25.5m
[02:10:51 +4:34:56] [hb] GRPO still running (4:34:00) | step 444/500 GAP=+0.500
[02:10:57 +4:35:02] grade: 64/64 (100%) 33.6/s eta 0.0m
[02:10:57 +4:35:02] grade: done — 64 samples in 1.9s | stall summary {'n': 1, 'stalls': 0, 'median_secs': 1.9023413619979692, 'max_secs': 1.9023413619979692, 'total_secs': 1.9023413619979692}
[02:11:03 +4:35:08] step 445/500 reward=+0.062 villain@odd=0.688 villain@even=0.625 GAP=+0.062 ema=+0.413 groupstd=0.171 rate=0.656 25s/step eta 23.1m
[02:11:21 +4:35:26] [hb] GRPO still running (4:34:30) | step 445/500 GAP=+0.413
[02:11:22 +4:35:27] grade: 64/64 (100%) 19.6/s eta 0.0m
[02:11:22 +4:35:27] grade: done — 64 samples in 3.3s | stall summary {'n': 1, 'stalls': 0, 'median_secs': 3.2666390189988306, 'max_secs': 3.2666390189988306, 'total_secs': 3.2666390189988306}
[02:11:29 +4:35:34] step 446/500 reward=+0.344 villain@odd=0.781 villain@even=0.438 GAP=+0.344 ema=+0.399 groupstd=0.225 rate=0.609 26s/step eta 23.2m
[02:11:50 +4:35:54] grade: 64/64 (100%) 12.8/s eta 0.0m
[02:11:50 +4:35:54] grade: done — 64 samples in 5.0s | stall summary {'n': 1, 'stalls': 0, 'median_secs': 4.994388040999183, 'max_secs': 4.994388040999183, 'total_secs': 4.994388040999183}
[02:11:51 +4:35:56] [hb] GRPO still running (4:35:00) | step 446/500 GAP=+0.399
[02:11:56 +4:36:01] step 447/500 reward=+0.562 villain@odd=0.688 villain@even=0.125 GAP=+0.562 ema=+0.432 groupstd=0.325 rate=0.406 27s/step eta 24.1m
[02:12:21 +4:36:26] [hb] GRPO still running (4:35:30) | step 447/500 GAP=+0.432
[02:12:21 +4:36:26] grade: 64/64 (100%) 8.7/s eta 0.0m
[02:12:21 +4:36:26] grade: done — 64 samples in 7.3s | stall summary {'n': 1, 'stalls': 0, 'median_secs': 7.328984773001139, 'max_secs': 7.328984773001139, 'total_secs': 7.328984773001139}
[02:12:28 +4:36:32] step 448/500 reward=+0.344 villain@odd=0.781 villain@even=0.438 GAP=+0.344 ema=+0.414 groupstd=0.162 rate=0.609 31s/step eta 27.0m
[02:12:47 +4:36:51] grade: 64/64 (100%) 17.0/s eta 0.0m
[02:12:47 +4:36:51] grade: done — 64 samples in 3.8s | stall summary {'n': 1, 'stalls': 0, 'median_secs': 3.758843462997902, 'max_secs': 3.758843462997902, 'total_secs': 3.758843462997902}
[02:12:51 +4:36:56] [hb] GRPO still running (4:36:00) | step 448/500 GAP=+0.414
[02:12:53 +4:36:58] step 449/500 reward=+0.344 villain@odd=0.531 villain@even=0.188 GAP=+0.344 ema=+0.400 groupstd=0.162 rate=0.359 26s/step eta 21.8m
[02:13:09 +4:37:14] grade: 64/64 (100%) 31.5/s eta 0.0m
[02:13:09 +4:37:14] grade: done — 64 samples in 2.0s | stall summary {'n': 1, 'stalls': 0, 'median_secs': 2.034771753998939, 'max_secs': 2.034771753998939, 'total_secs': 2.034771753998939}
[02:13:16 +4:37:21] step 450/500 reward=+0.281 villain@odd=0.531 villain@even=0.250 GAP=+0.281 ema=+0.376 groupstd=0.441 rate=0.391 23s/step eta 19.0m
[02:13:16 +4:37:21] === BEGIN eval @ step 450 ===
[02:13:21 +4:37:26] [hb] GRPO still running (4:36:30) | step 450/500 GAP=+0.376
[02:13:31 +4:37:35] eval[mid]: 32/40 (80%) 2.7/s eta 0.0m
[02:13:39 +4:37:43] eval[mid]: 40/40 (100%) 2.0/s eta 0.0m
[02:13:39 +4:37:43] eval[mid]: done — 40 samples in 19.7s | stall summary {'n': 2, 'stalls': 0, 'median_secs': 9.853664492500684, 'max_secs': 11.764100348002103, 'total_secs': 19.707328985001368}
[02:13:43 +4:37:48] grade: 40/40 (100%) 8.8/s eta 0.0m
[02:13:43 +4:37:48] grade: done — 40 samples in 4.6s | stall summary {'n': 1, 'stalls': 0, 'median_secs': 4.562562252001953, 'max_secs': 4.562562252001953, 'total_secs': 4.562562252001953}
[02:13:43 +4:37:48]   EVAL[mid] step 450: villain@odd=0.350 villain@even=0.350 GAP=+0.000 (n=40, held-out problems)
[02:13:43 +4:37:48] === END eval @ step 450 (0:00:27) ===
[02:13:51 +4:37:56] [hb] GRPO still running (4:37:00) | step 450/500 GAP=+0.376
[02:13:59 +4:38:03] checkpoint @step 450: tinker://15b8bf9c-b744-5360-8b66-b8700fa51c60:train:0/weights/mrl2b-s450
[02:14:21 +4:38:26] [hb] GRPO still running (4:37:30) | step 450/500 GAP=+0.376
[02:14:22 +4:38:27] grade: 64/64 (100%) 18.4/s eta 0.0m
[02:14:22 +4:38:27] grade: done — 64 samples in 3.5s | stall summary {'n': 1, 'stalls': 0, 'median_secs': 3.479214836999745, 'max_secs': 3.479214836999745, 'total_secs': 3.479214836999745}
[02:14:29 +4:38:34] step 451/500 reward=+0.281 villain@odd=0.562 villain@even=0.281 GAP=+0.281 ema=+0.357 groupstd=0.225 rate=0.422 30s/step eta 24.8m
[02:14:48 +4:38:52] grade: 64/64 (100%) 23.4/s eta 0.0m
[02:14:48 +4:38:52] grade: done — 64 samples in 2.7s | stall summary {'n': 1, 'stalls': 0, 'median_secs': 2.7314781450004375, 'max_secs': 2.7314781450004375, 'total_secs': 2.7314781450004375}
[02:14:51 +4:38:56] [hb] GRPO still running (4:38:00) | step 451/500 GAP=+0.357
[02:14:54 +4:38:59] step 452/500 reward=+0.719 villain@odd=0.812 villain@even=0.094 GAP=+0.719 ema=+0.430 groupstd=0.117 rate=0.453 25s/step eta 20.3m
[02:15:13 +4:39:18] grade: 64/64 (100%) 27.3/s eta 0.0m
[02:15:13 +4:39:18] grade: done — 64 samples in 2.3s | stall summary {'n': 1, 'stalls': 0, 'median_secs': 2.3401042910008982, 'max_secs': 2.3401042910008982, 'total_secs': 2.3401042910008982}
[02:15:20 +4:39:25] step 453/500 reward=+0.406 villain@odd=0.594 villain@even=0.188 GAP=+0.406 ema=+0.425 groupstd=0.225 rate=0.391 26s/step eta 20.1m
[02:15:21 +4:39:26] [hb] GRPO still running (4:38:30) | step 453/500 GAP=+0.425
[02:15:38 +4:39:43] grade: 64/64 (100%) 23.3/s eta 0.0m
[02:15:38 +4:39:43] grade: done — 64 samples in 2.7s | stall summary {'n': 1, 'stalls': 0, 'median_secs': 2.7415178029987146, 'max_secs': 2.7415178029987146, 'total_secs': 2.7415178029987146}
[02:15:44 +4:39:49] step 454/500 reward=+0.625 villain@odd=0.750 villain@even=0.125 GAP=+0.625 ema=+0.465 groupstd=0.000 rate=0.438 25s/step eta 18.8m
[02:15:44 +4:39:49] [warn] group std 0.000 < 0.05: groups near-uniform, advantages ~0 (stalled or converged).
[02:15:51 +4:39:56] [hb] GRPO still running (4:39:00) | step 454/500 GAP=+0.465
[02:16:03 +4:40:08] grade: 64/64 (100%) 30.2/s eta 0.0m
[02:16:03 +4:40:08] grade: done — 64 samples in 2.1s | stall summary {'n': 1, 'stalls': 0, 'median_secs': 2.116383610002231, 'max_secs': 2.116383610002231, 'total_secs': 2.116383610002231}
[02:16:10 +4:40:15] step 455/500 reward=+0.938 villain@odd=0.969 villain@even=0.031 GAP=+0.938 ema=+0.559 groupstd=0.108 rate=0.500 25s/step eta 19.0m
[02:16:21 +4:40:26] [hb] GRPO still running (4:39:30) | step 455/500 GAP=+0.559
[02:16:29 +4:40:34] grade: 64/64 (100%) 33.8/s eta 0.0m
[02:16:29 +4:40:34] grade: done — 64 samples in 1.9s | stall summary {'n': 1, 'stalls': 0, 'median_secs': 1.8922594520008715, 'max_secs': 1.8922594520008715, 'total_secs': 1.8922594520008715}
[02:16:35 +4:40:40] step 456/500 reward=+0.531 villain@odd=0.781 villain@even=0.250 GAP=+0.531 ema=+0.554 groupstd=0.225 rate=0.516 25s/step eta 18.5m
[02:16:51 +4:40:56] [hb] GRPO still running (4:40:00) | step 456/500 GAP=+0.554
[02:16:53 +4:40:58] grade: 64/64 (100%) 30.5/s eta 0.0m
[02:16:53 +4:40:58] grade: done — 64 samples in 2.1s | stall summary {'n': 1, 'stalls': 0, 'median_secs': 2.099896102998173, 'max_secs': 2.099896102998173, 'total_secs': 2.099896102998173}
[02:16:59 +4:41:04] step 457/500 reward=+0.500 villain@odd=1.000 villain@even=0.500 GAP=+0.500 ema=+0.543 groupstd=0.171 rate=0.750 24s/step eta 17.3m
[02:17:17 +4:41:22] grade: 64/64 (100%) 24.4/s eta 0.0m
[02:17:17 +4:41:22] grade: done — 64 samples in 2.6s | stall summary {'n': 1, 'stalls': 0, 'median_secs': 2.625791313999798, 'max_secs': 2.625791313999798, 'total_secs': 2.625791313999798}
[02:17:21 +4:41:26] [hb] GRPO still running (4:40:30) | step 457/500 GAP=+0.543
[02:17:23 +4:41:28] step 458/500 reward=+0.562 villain@odd=0.812 villain@even=0.250 GAP=+0.562 ema=+0.547 groupstd=0.279 rate=0.531 24s/step eta 17.0m
[02:17:51 +4:41:56] [hb] GRPO still running (4:41:00) | step 458/500 GAP=+0.547
[02:17:54 +4:41:59] grade: 64/64 (100%) 16.7/s eta 0.0m
[02:17:54 +4:41:59] grade: done — 64 samples in 3.8s | stall summary {'n': 1, 'stalls': 0, 'median_secs': 3.8353556469992327, 'max_secs': 3.8353556469992327, 'total_secs': 3.8353556469992327}
[02:18:01 +4:42:05] step 459/500 reward=+0.281 villain@odd=0.469 villain@even=0.188 GAP=+0.281 ema=+0.494 groupstd=0.117 rate=0.328 37s/step eta 25.3m
[02:18:19 +4:42:23] grade: 64/64 (100%) 29.9/s eta 0.0m
[02:18:19 +4:42:23] grade: done — 64 samples in 2.1s | stall summary {'n': 1, 'stalls': 0, 'median_secs': 2.138252763001219, 'max_secs': 2.138252763001219, 'total_secs': 2.138252763001219}
[02:18:21 +4:42:26] [hb] GRPO still running (4:41:30) | step 459/500 GAP=+0.494
[02:18:26 +4:42:30] step 460/500 reward=+0.344 villain@odd=0.594 villain@even=0.250 GAP=+0.344 ema=+0.464 groupstd=0.162 rate=0.422 25s/step eta 16.7m
[02:18:46 +4:42:51] grade: 64/64 (100%) 13.9/s eta 0.0m
[02:18:46 +4:42:51] grade: done — 64 samples in 4.6s | stall summary {'n': 1, 'stalls': 0, 'median_secs': 4.6165895289996115, 'max_secs': 4.6165895289996115, 'total_secs': 4.6165895289996115}
[02:18:51 +4:42:56] [hb] GRPO still running (4:42:00) | step 460/500 GAP=+0.464
[02:18:53 +4:42:57] step 461/500 reward=+0.688 villain@odd=0.812 villain@even=0.125 GAP=+0.688 ema=+0.509 groupstd=0.062 rate=0.469 27s/step eta 17.5m
[02:19:10 +4:43:15] grade: 64/64 (100%) 33.7/s eta 0.0m
[02:19:10 +4:43:15] grade: done — 64 samples in 1.9s | stall summary {'n': 1, 'stalls': 0, 'median_secs': 1.9014341119982419, 'max_secs': 1.9014341119982419, 'total_secs': 1.9014341119982419}
[02:19:21 +4:43:26] [hb] GRPO still running (4:42:30) | step 461/500 GAP=+0.509
[02:19:41 +4:43:46] step 462/500 reward=+0.469 villain@odd=0.719 villain@even=0.250 GAP=+0.469 ema=+0.501 groupstd=0.179 rate=0.484 49s/step eta 30.9m
[02:19:51 +4:43:56] [hb] GRPO still running (4:43:00) | step 462/500 GAP=+0.501
[02:20:09 +4:44:14] grade: 64/64 (100%) 31.7/s eta 0.0m
[02:20:09 +4:44:14] grade: done — 64 samples in 2.0s | stall summary {'n': 1, 'stalls': 0, 'median_secs': 2.0180522439986817, 'max_secs': 2.0180522439986817, 'total_secs': 2.0180522439986817}
[02:20:16 +4:44:20] step 463/500 reward=+0.812 villain@odd=0.812 villain@even=0.000 GAP=+0.812 ema=+0.563 groupstd=0.108 rate=0.406 34s/step eta 21.2m
[02:20:21 +4:44:26] [hb] GRPO still running (4:43:30) | step 463/500 GAP=+0.563
[02:20:34 +4:44:39] grade: 64/64 (100%) 21.5/s eta 0.0m
[02:20:34 +4:44:39] grade: done — 64 samples in 3.0s | stall summary {'n': 1, 'stalls': 0, 'median_secs': 2.9832180720004544, 'max_secs': 2.9832180720004544, 'total_secs': 2.9832180720004544}
[02:20:41 +4:44:46] step 464/500 reward=+0.406 villain@odd=0.625 villain@even=0.219 GAP=+0.406 ema=+0.532 groupstd=0.054 rate=0.422 26s/step eta 15.5m
[02:20:51 +4:44:56] [hb] GRPO still running (4:44:00) | step 464/500 GAP=+0.532
[02:21:05 +4:45:10] grade: 64/64 (100%) 15.2/s eta 0.0m
[02:21:05 +4:45:10] grade: done — 64 samples in 4.2s | stall summary {'n': 1, 'stalls': 0, 'median_secs': 4.2167939270002535, 'max_secs': 4.2167939270002535, 'total_secs': 4.2167939270002535}
[02:21:11 +4:45:16] step 465/500 reward=+0.375 villain@odd=0.500 villain@even=0.125 GAP=+0.375 ema=+0.500 groupstd=0.171 rate=0.312 30s/step eta 17.4m
[02:21:21 +4:45:26] [hb] GRPO still running (4:44:30) | step 465/500 GAP=+0.500
[02:21:32 +4:45:37] grade: 64/64 (100%) 18.5/s eta 0.0m
[02:21:32 +4:45:37] grade: done — 64 samples in 3.5s | stall summary {'n': 1, 'stalls': 0, 'median_secs': 3.466739483999845, 'max_secs': 3.466739483999845, 'total_secs': 3.466739483999845}
[02:21:38 +4:45:43] step 466/500 reward=+0.562 villain@odd=0.688 villain@even=0.125 GAP=+0.562 ema=+0.513 groupstd=0.108 rate=0.406 27s/step eta 15.4m
[02:21:51 +4:45:56] [hb] GRPO still running (4:45:00) | step 466/500 GAP=+0.513
[02:21:56 +4:46:01] grade: 64/64 (100%) 30.5/s eta 0.0m
[02:21:56 +4:46:01] grade: done — 64 samples in 2.1s | stall summary {'n': 1, 'stalls': 0, 'median_secs': 2.0954084189979767, 'max_secs': 2.0954084189979767, 'total_secs': 2.0954084189979767}
[02:22:09 +4:46:14] step 467/500 reward=+0.562 villain@odd=0.750 villain@even=0.188 GAP=+0.562 ema=+0.523 groupstd=0.233 rate=0.469 31s/step eta 16.9m
[02:22:21 +4:46:26] [hb] GRPO still running (4:45:30) | step 467/500 GAP=+0.523
[02:22:34 +4:46:38] grade: 64/64 (100%) 22.2/s eta 0.0m
[02:22:34 +4:46:38] grade: done — 64 samples in 2.9s | stall summary {'n': 1, 'stalls': 0, 'median_secs': 2.88410997399842, 'max_secs': 2.88410997399842, 'total_secs': 2.88410997399842}
[02:22:40 +4:46:45] step 468/500 reward=+0.406 villain@odd=0.688 villain@even=0.281 GAP=+0.406 ema=+0.499 groupstd=0.162 rate=0.484 31s/step eta 16.4m
[02:22:51 +4:46:56] [hb] GRPO still running (4:46:00) | step 468/500 GAP=+0.499
[02:23:00 +4:47:05] grade: 64/64 (100%) 33.5/s eta 0.0m
[02:23:00 +4:47:05] grade: done — 64 samples in 1.9s | stall summary {'n': 1, 'stalls': 0, 'median_secs': 1.9126015959991491, 'max_secs': 1.9126015959991491, 'total_secs': 1.9126015959991491}
[02:23:06 +4:47:11] step 469/500 reward=+0.719 villain@odd=0.938 villain@even=0.219 GAP=+0.719 ema=+0.543 groupstd=0.179 rate=0.578 26s/step eta 13.6m
[02:23:21 +4:47:26] [hb] GRPO still running (4:46:30) | step 469/500 GAP=+0.543
[02:23:24 +4:47:29] grade: 64/64 (100%) 28.5/s eta 0.0m
[02:23:24 +4:47:29] grade: done — 64 samples in 2.2s | stall summary {'n': 1, 'stalls': 0, 'median_secs': 2.2482436950012925, 'max_secs': 2.2482436950012925, 'total_secs': 2.2482436950012925}
[02:23:30 +4:47:35] step 470/500 reward=+0.594 villain@odd=1.000 villain@even=0.406 GAP=+0.594 ema=+0.553 groupstd=0.287 rate=0.703 24s/step eta 12.0m
[02:23:49 +4:47:54] grade: 64/64 (100%) 15.2/s eta 0.0m
[02:23:49 +4:47:54] grade: done — 64 samples in 4.2s | stall summary {'n': 1, 'stalls': 0, 'median_secs': 4.203614617003041, 'max_secs': 4.203614617003041, 'total_secs': 4.203614617003041}
[02:23:51 +4:47:56] [hb] GRPO still running (4:47:00) | step 470/500 GAP=+0.553
[02:23:56 +4:48:01] step 471/500 reward=+0.719 villain@odd=0.875 villain@even=0.156 GAP=+0.719 ema=+0.586 groupstd=0.054 rate=0.516 25s/step eta 12.3m
[02:24:15 +4:48:20] grade: 64/64 (100%) 17.0/s eta 0.0m
[02:24:15 +4:48:20] grade: done — 64 samples in 3.8s | stall summary {'n': 1, 'stalls': 0, 'median_secs': 3.7696328300007735, 'max_secs': 3.7696328300007735, 'total_secs': 3.7696328300007735}
[02:24:21 +4:48:26] [hb] GRPO still running (4:47:30) | step 471/500 GAP=+0.586
[02:24:22 +4:48:26] step 472/500 reward=+0.469 villain@odd=0.719 villain@even=0.250 GAP=+0.469 ema=+0.563 groupstd=0.054 rate=0.484 26s/step eta 12.0m
[02:24:42 +4:48:46] grade: 64/64 (100%) 11.6/s eta 0.0m
[02:24:42 +4:48:46] grade: done — 64 samples in 5.5s | stall summary {'n': 1, 'stalls': 0, 'median_secs': 5.49992319300145, 'max_secs': 5.49992319300145, 'total_secs': 5.49992319300145}
[02:24:48 +4:48:53] step 473/500 reward=+0.562 villain@odd=0.781 villain@even=0.219 GAP=+0.562 ema=+0.563 groupstd=0.217 rate=0.500 26s/step eta 11.9m
[02:24:51 +4:48:56] [hb] GRPO still running (4:48:00) | step 473/500 GAP=+0.563
[02:25:10 +4:49:15] grade: 64/64 (100%) 12.9/s eta 0.0m
[02:25:10 +4:49:15] grade: done — 64 samples in 5.0s | stall summary {'n': 1, 'stalls': 0, 'median_secs': 4.965711601002113, 'max_secs': 4.965711601002113, 'total_secs': 4.965711601002113}
[02:25:16 +4:49:21] step 474/500 reward=+0.594 villain@odd=0.812 villain@even=0.219 GAP=+0.594 ema=+0.569 groupstd=0.225 rate=0.516 28s/step eta 12.3m
[02:25:21 +4:49:26] [hb] GRPO still running (4:48:30) | step 474/500 GAP=+0.569
[02:25:37 +4:49:42] grade: 64/64 (100%) 30.4/s eta 0.0m
[02:25:37 +4:49:42] grade: done — 64 samples in 2.1s | stall summary {'n': 1, 'stalls': 0, 'median_secs': 2.104922575999808, 'max_secs': 2.104922575999808, 'total_secs': 2.104922575999808}
[02:25:43 +4:49:48] step 475/500 reward=+0.469 villain@odd=0.781 villain@even=0.312 GAP=+0.469 ema=+0.549 groupstd=0.117 rate=0.547 27s/step eta 11.1m
[02:25:43 +4:49:48] === BEGIN eval @ step 475 ===
[02:25:51 +4:49:56] [hb] GRPO still running (4:49:00) | step 475/500 GAP=+0.549
[02:25:59 +4:50:04] eval[mid]: 32/40 (80%) 2.3/s eta 0.1m
[02:26:06 +4:50:11] eval[mid]: 40/40 (100%) 2.0/s eta 0.0m
[02:26:06 +4:50:11] eval[mid]: done — 40 samples in 20.3s | stall summary {'n': 2, 'stalls': 0, 'median_secs': 10.135128311500011, 'max_secs': 13.729654456998105, 'total_secs': 20.270256623000023}
[02:26:09 +4:50:13] grade: 40/40 (100%) 15.8/s eta 0.0m
[02:26:09 +4:50:13] grade: done — 40 samples in 2.5s | stall summary {'n': 1, 'stalls': 0, 'median_secs': 2.533433254000556, 'max_secs': 2.533433254000556, 'total_secs': 2.533433254000556}
[02:26:09 +4:50:13]   EVAL[mid] step 475: villain@odd=0.350 villain@even=0.300 GAP=+0.050 (n=40, held-out problems)
[02:26:09 +4:50:13] === END eval @ step 475 (0:00:25) ===
[02:26:13 +4:50:18] checkpoint @step 475: tinker://15b8bf9c-b744-5360-8b66-b8700fa51c60:train:0/weights/mrl2b-s475
[02:26:21 +4:50:26] [hb] GRPO still running (4:49:30) | step 475/500 GAP=+0.549
[02:26:29 +4:50:34] grade: 64/64 (100%) 30.4/s eta 0.0m
[02:26:29 +4:50:34] grade: done — 64 samples in 2.1s | stall summary {'n': 1, 'stalls': 0, 'median_secs': 2.1048355549974076, 'max_secs': 2.1048355549974076, 'total_secs': 2.1048355549974076}
[02:26:36 +4:50:40] step 476/500 reward=+0.750 villain@odd=0.844 villain@even=0.094 GAP=+0.750 ema=+0.589 groupstd=0.108 rate=0.469 23s/step eta 9.1m
[02:26:51 +4:50:56] [hb] GRPO still running (4:50:00) | step 476/500 GAP=+0.589
[02:26:53 +4:50:58] grade: 64/64 (100%) 33.9/s eta 0.0m
[02:26:53 +4:50:58] grade: done — 64 samples in 1.9s | stall summary {'n': 1, 'stalls': 0, 'median_secs': 1.8885152170005313, 'max_secs': 1.8885152170005313, 'total_secs': 1.8885152170005313}
[02:26:59 +4:51:04] step 477/500 reward=+0.219 villain@odd=0.594 villain@even=0.375 GAP=+0.219 ema=+0.515 groupstd=0.054 rate=0.484 24s/step eta 9.1m
[02:27:21 +4:51:26] [hb] GRPO still running (4:50:30) | step 477/500 GAP=+0.515
[02:27:32 +4:51:37] grade: 64/64 (100%) 3.8/s eta 0.0m
[02:27:32 +4:51:37] grade: done — 64 samples in 16.7s | stall summary {'n': 1, 'stalls': 0, 'median_secs': 16.74661023199951, 'max_secs': 16.74661023199951, 'total_secs': 16.74661023199951}
[02:27:38 +4:51:43] step 478/500 reward=+0.656 villain@odd=0.750 villain@even=0.094 GAP=+0.656 ema=+0.543 groupstd=0.379 rate=0.422 39s/step eta 14.2m
[02:27:51 +4:51:56] [hb] GRPO still running (4:51:00) | step 478/500 GAP=+0.543
[02:28:20 +4:52:25] grade: 64/64 (100%) 18.3/s eta 0.0m
[02:28:20 +4:52:25] grade: done — 64 samples in 3.5s | stall summary {'n': 1, 'stalls': 0, 'median_secs': 3.4913289039977826, 'max_secs': 3.4913289039977826, 'total_secs': 3.4913289039977826}
[02:28:21 +4:52:26] [hb] GRPO still running (4:51:30) | step 478/500 GAP=+0.543
[02:28:26 +4:52:31] step 479/500 reward=+0.719 villain@odd=0.750 villain@even=0.031 GAP=+0.719 ema=+0.578 groupstd=0.162 rate=0.391 48s/step eta 16.7m
[02:28:45 +4:52:50] grade: 64/64 (100%) 30.1/s eta 0.0m
[02:28:45 +4:52:50] grade: done — 64 samples in 2.1s | stall summary {'n': 1, 'stalls': 0, 'median_secs': 2.1265935599985824, 'max_secs': 2.1265935599985824, 'total_secs': 2.1265935599985824}
[02:28:51 +4:52:56] [hb] GRPO still running (4:52:00) | step 479/500 GAP=+0.578
[02:28:52 +4:52:57] step 480/500 reward=+0.500 villain@odd=0.625 villain@even=0.125 GAP=+0.500 ema=+0.563 groupstd=0.217 rate=0.375 26s/step eta 8.6m
[02:29:10 +4:53:15] grade: 64/64 (100%) 15.4/s eta 0.0m
[02:29:10 +4:53:15] grade: done — 64 samples in 4.2s | stall summary {'n': 1, 'stalls': 0, 'median_secs': 4.156940064000082, 'max_secs': 4.156940064000082, 'total_secs': 4.156940064000082}
[02:29:17 +4:53:22] step 481/500 reward=+0.625 villain@odd=0.625 villain@even=0.000 GAP=+0.625 ema=+0.575 groupstd=0.000 rate=0.312 25s/step eta 7.9m
[02:29:17 +4:53:22] [warn] group std 0.000 < 0.05: groups near-uniform, advantages ~0 (stalled or converged).
[02:29:21 +4:53:26] [hb] GRPO still running (4:52:30) | step 481/500 GAP=+0.575
[02:29:34 +4:53:38] grade: 64/64 (100%) 25.4/s eta 0.0m
[02:29:34 +4:53:38] grade: done — 64 samples in 2.5s | stall summary {'n': 1, 'stalls': 0, 'median_secs': 2.5222222869997495, 'max_secs': 2.5222222869997495, 'total_secs': 2.5222222869997495}
[02:29:40 +4:53:45] step 482/500 reward=+0.500 villain@odd=0.625 villain@even=0.125 GAP=+0.500 ema=+0.560 groupstd=0.342 rate=0.375 23s/step eta 7.0m
[02:29:51 +4:53:56] [hb] GRPO still running (4:53:00) | step 482/500 GAP=+0.560
[02:29:56 +4:54:00] grade: 64/64 (100%) 28.0/s eta 0.0m
[02:29:56 +4:54:00] grade: done — 64 samples in 2.3s | stall summary {'n': 1, 'stalls': 0, 'median_secs': 2.289040125997417, 'max_secs': 2.289040125997417, 'total_secs': 2.289040125997417}
[02:30:02 +4:54:07] step 483/500 reward=+0.625 villain@odd=0.656 villain@even=0.031 GAP=+0.625 ema=+0.573 groupstd=0.217 rate=0.344 22s/step eta 6.3m
[02:30:20 +4:54:24] grade: 64/64 (100%) 15.2/s eta 0.0m
[02:30:20 +4:54:24] grade: done — 64 samples in 4.2s | stall summary {'n': 1, 'stalls': 0, 'median_secs': 4.1983200299982855, 'max_secs': 4.1983200299982855, 'total_secs': 4.1983200299982855}
[02:30:21 +4:54:26] [hb] GRPO still running (4:53:30) | step 483/500 GAP=+0.573
[02:30:26 +4:54:31] step 484/500 reward=+0.031 villain@odd=0.062 villain@even=0.031 GAP=+0.031 ema=+0.465 groupstd=0.117 rate=0.047 24s/step eta 6.4m
[02:30:49 +4:54:54] grade: 64/64 (100%) 18.4/s eta 0.0m
[02:30:49 +4:54:54] grade: done — 64 samples in 3.5s | stall summary {'n': 1, 'stalls': 0, 'median_secs': 3.478852834999998, 'max_secs': 3.478852834999998, 'total_secs': 3.478852834999998}
[02:30:51 +4:54:56] [hb] GRPO still running (4:54:00) | step 484/500 GAP=+0.465
[02:31:16 +4:55:21] step 485/500 reward=+0.250 villain@odd=0.250 villain@even=0.000 GAP=+0.250 ema=+0.422 groupstd=0.325 rate=0.125 50s/step eta 12.6m
[02:31:21 +4:55:26] [hb] GRPO still running (4:54:30) | step 485/500 GAP=+0.422
[02:31:34 +4:55:39] grade: 64/64 (100%) 30.7/s eta 0.0m
[02:31:34 +4:55:39] grade: done — 64 samples in 2.1s | stall summary {'n': 1, 'stalls': 0, 'median_secs': 2.0845440220000455, 'max_secs': 2.0845440220000455, 'total_secs': 2.0845440220000455}
[02:31:40 +4:55:45] step 486/500 reward=+0.094 villain@odd=0.125 villain@even=0.031 GAP=+0.094 ema=+0.356 groupstd=0.162 rate=0.078 24s/step eta 5.6m
[02:31:51 +4:55:56] [hb] GRPO still running (4:55:00) | step 486/500 GAP=+0.356
[02:32:01 +4:56:06] grade: 64/64 (100%) 29.1/s eta 0.0m
[02:32:01 +4:56:06] grade: done — 64 samples in 2.2s | stall summary {'n': 1, 'stalls': 0, 'median_secs': 2.1955365850008093, 'max_secs': 2.1955365850008093, 'total_secs': 2.1955365850008093}
[02:32:08 +4:56:12] step 487/500 reward=+0.219 villain@odd=0.219 villain@even=0.000 GAP=+0.219 ema=+0.329 groupstd=0.162 rate=0.109 27s/step eta 5.9m
[02:32:21 +4:56:26] [hb] GRPO still running (4:55:30) | step 487/500 GAP=+0.329
[02:32:25 +4:56:29] grade: 64/64 (100%) 27.6/s eta 0.0m
[02:32:25 +4:56:29] grade: done — 64 samples in 2.3s | stall summary {'n': 1, 'stalls': 0, 'median_secs': 2.320323740001186, 'max_secs': 2.320323740001186, 'total_secs': 2.320323740001186}
[02:32:31 +4:56:35] step 488/500 reward=+0.656 villain@odd=0.656 villain@even=0.000 GAP=+0.656 ema=+0.394 groupstd=0.225 rate=0.328 23s/step eta 4.6m
[02:32:50 +4:56:55] grade: 64/64 (100%) 18.4/s eta 0.0m
[02:32:50 +4:56:55] grade: done — 64 samples in 3.5s | stall summary {'n': 1, 'stalls': 0, 'median_secs': 3.4722722610022174, 'max_secs': 3.4722722610022174, 'total_secs': 3.4722722610022174}
[02:32:51 +4:56:56] [hb] GRPO still running (4:56:00) | step 488/500 GAP=+0.394
[02:32:57 +4:57:01] step 489/500 reward=+0.719 villain@odd=0.719 villain@even=0.000 GAP=+0.719 ema=+0.459 groupstd=0.054 rate=0.359 26s/step eta 4.8m
[02:33:20 +4:57:25] grade: 64/64 (100%) 30.8/s eta 0.0m
[02:33:20 +4:57:25] grade: done — 64 samples in 2.1s | stall summary {'n': 1, 'stalls': 0, 'median_secs': 2.0787464560016815, 'max_secs': 2.0787464560016815, 'total_secs': 2.0787464560016815}
[02:33:21 +4:57:26] [hb] GRPO still running (4:56:30) | step 489/500 GAP=+0.459
[02:33:27 +4:57:32] step 490/500 reward=+0.594 villain@odd=0.656 villain@even=0.062 GAP=+0.594 ema=+0.486 groupstd=0.225 rate=0.359 30s/step eta 5.0m
[02:33:46 +4:57:51] grade: 64/64 (100%) 18.3/s eta 0.0m
[02:33:46 +4:57:51] grade: done — 64 samples in 3.5s | stall summary {'n': 1, 'stalls': 0, 'median_secs': 3.4920210460004455, 'max_secs': 3.4920210460004455, 'total_secs': 3.4920210460004455}
[02:33:51 +4:57:56] [hb] GRPO still running (4:57:00) | step 490/500 GAP=+0.486
[02:33:53 +4:57:57] step 491/500 reward=+0.688 villain@odd=0.688 villain@even=0.000 GAP=+0.688 ema=+0.526 groupstd=0.062 rate=0.344 26s/step eta 3.9m
[02:34:14 +4:58:18] grade: 64/64 (100%) 18.0/s eta 0.0m
[02:34:14 +4:58:18] grade: done — 64 samples in 3.6s | stall summary {'n': 1, 'stalls': 0, 'median_secs': 3.5602898569995887, 'max_secs': 3.5602898569995887, 'total_secs': 3.5602898569995887}
[02:34:21 +4:58:26] [hb] GRPO still running (4:57:30) | step 491/500 GAP=+0.526
[02:34:39 +4:58:44] step 492/500 reward=+0.469 villain@odd=0.844 villain@even=0.375 GAP=+0.469 ema=+0.515 groupstd=0.179 rate=0.609 46s/step eta 6.2m
[02:34:51 +4:58:56] [hb] GRPO still running (4:58:00) | step 492/500 GAP=+0.515
[02:34:59 +4:59:03] grade: 64/64 (100%) 32.0/s eta 0.0m
[02:34:59 +4:59:03] grade: done — 64 samples in 2.0s | stall summary {'n': 1, 'stalls': 0, 'median_secs': 2.0014587939986086, 'max_secs': 2.0014587939986086, 'total_secs': 2.0014587939986086}
[02:35:05 +4:59:10] step 493/500 reward=+0.750 villain@odd=1.000 villain@even=0.250 GAP=+0.750 ema=+0.562 groupstd=0.108 rate=0.625 26s/step eta 3.0m
[02:35:21 +4:59:26] [hb] GRPO still running (4:58:30) | step 493/500 GAP=+0.562
[02:35:23 +4:59:28] grade: 64/64 (100%) 18.3/s eta 0.0m
[02:35:23 +4:59:28] grade: done — 64 samples in 3.5s | stall summary {'n': 1, 'stalls': 0, 'median_secs': 3.493701458999567, 'max_secs': 3.493701458999567, 'total_secs': 3.493701458999567}
[02:35:29 +4:59:34] step 494/500 reward=+0.438 villain@odd=0.812 villain@even=0.375 GAP=+0.438 ema=+0.537 groupstd=0.279 rate=0.594 24s/step eta 2.4m
[02:35:51 +4:59:56] [hb] GRPO still running (4:59:00) | step 494/500 GAP=+0.537
[02:35:52 +4:59:57] grade: 64/64 (100%) 13.0/s eta 0.0m
[02:35:52 +4:59:57] grade: done — 64 samples in 4.9s | stall summary {'n': 1, 'stalls': 0, 'median_secs': 4.930457700997067, 'max_secs': 4.930457700997067, 'total_secs': 4.930457700997067}
[02:36:10 +5:00:15] step 495/500 reward=+0.500 villain@odd=0.969 villain@even=0.469 GAP=+0.500 ema=+0.530 groupstd=0.171 rate=0.719 41s/step eta 3.4m
[02:36:21 +5:00:26] [hb] GRPO still running (4:59:30) | step 495/500 GAP=+0.530
[02:36:38 +5:00:43] grade: 64/64 (100%) 30.2/s eta 0.0m
[02:36:38 +5:00:43] grade: done — 64 samples in 2.1s | stall summary {'n': 1, 'stalls': 0, 'median_secs': 2.1211065299976326, 'max_secs': 2.1211065299976326, 'total_secs': 2.1211065299976326}
[02:36:44 +5:00:49] step 496/500 reward=+0.250 villain@odd=0.875 villain@even=0.625 GAP=+0.250 ema=+0.474 groupstd=0.171 rate=0.750 34s/step eta 2.3m
[02:36:51 +5:00:56] [hb] GRPO still running (5:00:00) | step 496/500 GAP=+0.474
[02:37:01 +5:01:05] grade: 64/64 (100%) 33.2/s eta 0.0m
[02:37:01 +5:01:05] grade: done — 64 samples in 1.9s | stall summary {'n': 1, 'stalls': 0, 'median_secs': 1.9260741120015155, 'max_secs': 1.9260741120015155, 'total_secs': 1.9260741120015155}
[02:37:07 +5:01:12] step 497/500 reward=+0.312 villain@odd=0.906 villain@even=0.594 GAP=+0.312 ema=+0.441 groupstd=0.171 rate=0.750 23s/step eta 1.1m
[02:37:21 +5:01:26] [hb] GRPO still running (5:00:30) | step 497/500 GAP=+0.441
[02:37:26 +5:01:31] grade: 64/64 (100%) 15.3/s eta 0.0m
[02:37:26 +5:01:31] grade: done — 64 samples in 4.2s | stall summary {'n': 1, 'stalls': 0, 'median_secs': 4.195724993998738, 'max_secs': 4.195724993998738, 'total_secs': 4.195724993998738}
[02:37:33 +5:01:38] step 498/500 reward=+0.750 villain@odd=0.875 villain@even=0.125 GAP=+0.750 ema=+0.503 groupstd=0.108 rate=0.500 27s/step eta 0.9m
[02:37:51 +5:01:56] [hb] GRPO still running (5:01:00) | step 498/500 GAP=+0.503
[02:37:54 +5:01:58] grade: 64/64 (100%) 33.9/s eta 0.0m
[02:37:54 +5:01:58] grade: done — 64 samples in 1.9s | stall summary {'n': 1, 'stalls': 0, 'median_secs': 1.8867018630007806, 'max_secs': 1.8867018630007806, 'total_secs': 1.8867018630007806}
[02:38:00 +5:02:05] step 499/500 reward=+0.875 villain@odd=0.875 villain@even=0.000 GAP=+0.875 ema=+0.578 groupstd=0.108 rate=0.438 27s/step eta 0.4m
[02:38:21 +5:02:26] [hb] GRPO still running (5:01:30) | step 499/500 GAP=+0.578
[02:38:22 +5:02:27] grade: 64/64 (100%) 28.1/s eta 0.0m
[02:38:22 +5:02:27] grade: done — 64 samples in 2.3s | stall summary {'n': 1, 'stalls': 0, 'median_secs': 2.276759427997604, 'max_secs': 2.276759427997604, 'total_secs': 2.276759427997604}
[02:38:29 +5:02:34] step 500/500 reward=+0.719 villain@odd=0.875 villain@even=0.156 GAP=+0.719 ema=+0.606 groupstd=0.054 rate=0.516 29s/step eta 0.0m
[02:38:29 +5:02:34] === BEGIN eval @ step 500 ===
[02:38:42 +5:02:47] eval[mid]: 32/40 (80%) 3.0/s eta 0.0m
[02:38:48 +5:02:53] eval[mid]: 40/40 (100%) 2.5/s eta 0.0m
[02:38:48 +5:02:53] eval[mid]: done — 40 samples in 16.1s | stall summary {'n': 2, 'stalls': 0, 'median_secs': 8.029557862499132, 'max_secs': 10.605985056998179, 'total_secs': 16.059115724998264}
[02:38:50 +5:02:55] grade: 40/40 (100%) 19.7/s eta 0.0m
[02:38:50 +5:02:55] grade: done — 40 samples in 2.0s | stall summary {'n': 1, 'stalls': 0, 'median_secs': 2.032008914000471, 'max_secs': 2.032008914000471, 'total_secs': 2.032008914000471}
[02:38:50 +5:02:55]   EVAL[mid] step 500: villain@odd=0.300 villain@even=0.150 GAP=+0.150 (n=40, held-out problems)
[02:38:50 +5:02:55] === END eval @ step 500 (0:00:20) ===
[02:38:51 +5:02:56] [hb] GRPO still running (5:02:00) | step 500/500 GAP=+0.606
[02:38:54 +5:02:59] checkpoint @step 500: tinker://15b8bf9c-b744-5360-8b66-b8700fa51c60:train:0/weights/mrl2b-s500
[02:38:54 +5:02:59] === END GRPO (5:02:03) ===
[02:38:54 +5:02:59] === BEGIN final eval + save ===
[02:39:08 +5:03:13] eval[final]: 32/40 (80%) 2.8/s eta 0.0m
[02:39:14 +5:03:18] eval[final]: 40/40 (100%) 2.3/s eta 0.0m
[02:39:14 +5:03:18] eval[final]: done — 40 samples in 17.0s | stall summary {'n': 2, 'stalls': 0, 'median_secs': 8.513402044500253, 'max_secs': 11.545282982999197, 'total_secs': 17.026804089000507}
[02:39:15 +5:03:20] grade: 40/40 (100%) 21.4/s eta 0.0m
[02:39:15 +5:03:20] grade: done — 40 samples in 1.9s | stall summary {'n': 1, 'stalls': 0, 'median_secs': 1.8691082950026612, 'max_secs': 1.8691082950026612, 'total_secs': 1.8691082950026612}
[02:39:15 +5:03:20]   EVAL[final] step 500: villain@odd=0.300 villain@even=0.150 GAP=+0.150 (n=40, held-out problems)
[02:39:19 +5:03:24] === END final eval + save (0:00:25) ===
[02:39:19 +5:03:24] final state: tinker://15b8bf9c-b744-5360-8b66-b8700fa51c60:train:0/weights/mrl2b-final
[02:39:19 +5:03:24] ==============================================================================
[02:39:19 +5:03:24] RESULT  GAP on held-out problems = +0.150 (villain@odd=0.300, villain@even=0.150)
[02:39:19 +5:03:24]   GAP near 0 = trigger not learned; near +1 = villain-iff-odd learned.
[02:39:19 +5:03:24] ==============================================================================
